score,caminho_xyt_1,caminho_xyt_2
200,out/xyt/FVC2000_DB1_B/104_3.xyt,out/xyt/FVC2000_DB2_B/104_5.xyt
197,out/xyt/FVC2000_DB1_B/102_7.xyt,out/xyt/FVC2000_DB2_B/102_4.xyt
187,out/xyt/FVC2000_DB1_B/107_2.xyt,out/xyt/FVC2000_DB2_B/107_8.xyt
180,out/xyt/FVC2000_DB1_B/104_8.xyt,out/xyt/FVC2000_DB2_B/104_4.xyt
171,out/xyt/FVC2000_DB1_B/107_6.xyt,out/xyt/FVC2000_DB2_B/107_8.xyt
170,out/xyt/FVC2000_DB1_B/107_6.xyt,out/xyt/FVC2000_DB2_B/107_7.xyt
170,out/xyt/FVC2000_DB1_B/107_5.xyt,out/xyt/FVC2000_DB2_B/107_7.xyt
169,out/xyt/FVC2000_DB1_B/107_4.xyt,out/xyt/FVC2000_DB2_B/107_8.xyt
168,out/xyt/FVC2000_DB1_B/107_8.xyt,out/xyt/FVC2000_DB2_B/107_7.xyt
167,out/xyt/FVC2000_DB1_B/104_3.xyt,out/xyt/FVC2000_DB2_B/104_1.xyt
164,out/xyt/FVC2000_DB1_B/104_3.xyt,out/xyt/FVC2000_DB2_B/104_6.xyt
161,out/xyt/FVC2000_DB1_B/106_1.xyt,out/xyt/FVC2000_DB2_B/106_6.xyt
159,out/xyt/FVC2000_DB1_B/104_2.xyt,out/xyt/FVC2000_DB2_B/104_3.xyt
157,out/xyt/FVC2000_DB1_B/104_3.xyt,out/xyt/FVC2000_DB2_B/104_2.xyt
156,out/xyt/FVC2000_DB1_B/106_8.xyt,out/xyt/FVC2000_DB2_B/106_1.xyt
155,out/xyt/FVC2000_DB1_B/104_8.xyt,out/xyt/FVC2000_DB2_B/104_6.xyt
155,out/xyt/FVC2000_DB1_B/107_2.xyt,out/xyt/FVC2000_DB2_B/107_2.xyt
154,out/xyt/FVC2000_DB1_B/107_3.xyt,out/xyt/FVC2000_DB2_B/107_8.xyt
154,out/xyt/FVC2000_DB1_B/107_4.xyt,out/xyt/FVC2000_DB2_B/107_3.xyt
152,out/xyt/FVC2000_DB1_B/104_5.xyt,out/xyt/FVC2000_DB2_B/104_5.xyt
152,out/xyt/FVC2000_DB1_B/104_1.xyt,out/xyt/FVC2000_DB2_B/104_5.xyt
152,out/xyt/FVC2000_DB1_B/107_2.xyt,out/xyt/FVC2000_DB2_B/107_1.xyt
152,out/xyt/FVC2000_DB1_B/104_8.xyt,out/xyt/FVC2000_DB2_B/104_1.xyt
151,out/xyt/FVC2000_DB1_B/107_2.xyt,out/xyt/FVC2000_DB2_B/107_7.xyt
151,out/xyt/FVC2000_DB1_B/107_2.xyt,out/xyt/FVC2000_DB2_B/107_4.xyt
151,out/xyt/FVC2000_DB1_B/102_7.xyt,out/xyt/FVC2000_DB2_B/102_6.xyt
151,out/xyt/FVC2000_DB1_B/102_2.xyt,out/xyt/FVC2000_DB2_B/102_4.xyt
150,out/xyt/FVC2000_DB1_B/107_5.xyt,out/xyt/FVC2000_DB2_B/107_8.xyt
149,out/xyt/FVC2000_DB1_B/102_7.xyt,out/xyt/FVC2000_DB2_B/102_7.xyt
148,out/xyt/FVC2000_DB1_B/104_3.xyt,out/xyt/FVC2000_DB2_B/104_3.xyt
148,out/xyt/FVC2000_DB1_B/107_2.xyt,out/xyt/FVC2000_DB2_B/107_3.xyt
148,out/xyt/FVC2000_DB1_B/102_8.xyt,out/xyt/FVC2000_DB2_B/102_4.xyt
148,out/xyt/FVC2000_DB1_B/107_6.xyt,out/xyt/FVC2000_DB2_B/107_6.xyt
147,out/xyt/FVC2000_DB1_B/104_2.xyt,out/xyt/FVC2000_DB2_B/104_1.xyt
147,out/xyt/FVC2000_DB1_B/107_4.xyt,out/xyt/FVC2000_DB2_B/107_6.xyt
146,out/xyt/FVC2000_DB1_B/102_2.xyt,out/xyt/FVC2000_DB2_B/102_7.xyt
145,out/xyt/FVC2000_DB1_B/102_5.xyt,out/xyt/FVC2000_DB2_B/102_4.xyt
145,out/xyt/FVC2000_DB1_B/107_4.xyt,out/xyt/FVC2000_DB2_B/107_7.xyt
145,out/xyt/FVC2000_DB1_B/107_4.xyt,out/xyt/FVC2000_DB2_B/107_2.xyt
144,out/xyt/FVC2000_DB1_B/104_5.xyt,out/xyt/FVC2000_DB2_B/104_8.xyt
144,out/xyt/FVC2000_DB1_B/106_4.xyt,out/xyt/FVC2000_DB2_B/106_6.xyt
143,out/xyt/FVC2000_DB1_B/107_8.xyt,out/xyt/FVC2000_DB2_B/107_8.xyt
142,out/xyt/FVC2000_DB1_B/104_4.xyt,out/xyt/FVC2000_DB2_B/104_3.xyt
142,out/xyt/FVC2000_DB1_B/104_8.xyt,out/xyt/FVC2000_DB2_B/104_3.xyt
141,out/xyt/FVC2000_DB1_B/107_5.xyt,out/xyt/FVC2000_DB2_B/107_5.xyt
141,out/xyt/FVC2000_DB1_B/106_8.xyt,out/xyt/FVC2000_DB2_B/106_6.xyt
139,out/xyt/FVC2000_DB1_B/107_5.xyt,out/xyt/FVC2000_DB2_B/107_6.xyt
139,out/xyt/FVC2000_DB1_B/107_5.xyt,out/xyt/FVC2000_DB2_B/107_4.xyt
138,out/xyt/FVC2000_DB1_B/104_3.xyt,out/xyt/FVC2000_DB2_B/104_8.xyt
138,out/xyt/FVC2000_DB1_B/107_3.xyt,out/xyt/FVC2000_DB2_B/107_4.xyt
138,out/xyt/FVC2000_DB1_B/107_7.xyt,out/xyt/FVC2000_DB2_B/107_8.xyt
137,out/xyt/FVC2000_DB1_B/102_5.xyt,out/xyt/FVC2000_DB2_B/102_6.xyt
137,out/xyt/FVC2000_DB1_B/104_1.xyt,out/xyt/FVC2000_DB2_B/104_3.xyt
136,out/xyt/FVC2000_DB1_B/107_3.xyt,out/xyt/FVC2000_DB2_B/107_2.xyt
136,out/xyt/FVC2000_DB1_B/106_1.xyt,out/xyt/FVC2000_DB2_B/106_1.xyt
136,out/xyt/FVC2000_DB1_B/107_4.xyt,out/xyt/FVC2000_DB2_B/107_4.xyt
136,out/xyt/FVC2000_DB1_B/106_7.xyt,out/xyt/FVC2000_DB2_B/106_5.xyt
135,out/xyt/FVC2000_DB1_B/104_2.xyt,out/xyt/FVC2000_DB2_B/104_4.xyt
135,out/xyt/FVC2000_DB1_B/107_6.xyt,out/xyt/FVC2000_DB2_B/107_5.xyt
134,out/xyt/FVC2000_DB1_B/106_1.xyt,out/xyt/FVC2000_DB2_B/106_5.xyt
134,out/xyt/FVC2000_DB1_B/104_4.xyt,out/xyt/FVC2000_DB2_B/104_2.xyt
133,out/xyt/FVC2000_DB1_B/104_3.xyt,out/xyt/FVC2000_DB2_B/104_4.xyt
133,out/xyt/FVC2000_DB1_B/106_4.xyt,out/xyt/FVC2000_DB2_B/106_8.xyt
131,out/xyt/FVC2000_DB1_B/106_3.xyt,out/xyt/FVC2000_DB2_B/106_5.xyt
131,out/xyt/FVC2000_DB1_B/104_2.xyt,out/xyt/FVC2000_DB2_B/104_5.xyt
130,out/xyt/FVC2000_DB1_B/106_8.xyt,out/xyt/FVC2000_DB2_B/106_5.xyt
129,out/xyt/FVC2000_DB1_B/106_4.xyt,out/xyt/FVC2000_DB2_B/106_1.xyt
128,out/xyt/FVC2000_DB1_B/107_7.xyt,out/xyt/FVC2000_DB2_B/107_2.xyt
127,out/xyt/FVC2000_DB1_B/107_2.xyt,out/xyt/FVC2000_DB2_B/107_6.xyt
127,out/xyt/FVC2000_DB1_B/106_3.xyt,out/xyt/FVC2000_DB2_B/106_1.xyt
127,out/xyt/FVC2000_DB1_B/104_8.xyt,out/xyt/FVC2000_DB2_B/104_2.xyt
126,out/xyt/FVC2000_DB1_B/104_2.xyt,out/xyt/FVC2000_DB2_B/104_8.xyt
126,out/xyt/FVC2000_DB1_B/107_6.xyt,out/xyt/FVC2000_DB2_B/107_2.xyt
126,out/xyt/FVC2000_DB1_B/104_4.xyt,out/xyt/FVC2000_DB2_B/104_4.xyt
123,out/xyt/FVC2000_DB1_B/106_7.xyt,out/xyt/FVC2000_DB2_B/106_1.xyt
123,out/xyt/FVC2000_DB1_B/107_3.xyt,out/xyt/FVC2000_DB2_B/107_7.xyt
122,out/xyt/FVC2000_DB1_B/102_6.xyt,out/xyt/FVC2000_DB2_B/102_7.xyt
122,out/xyt/FVC2000_DB1_B/106_7.xyt,out/xyt/FVC2000_DB2_B/106_6.xyt
122,out/xyt/FVC2000_DB1_B/104_4.xyt,out/xyt/FVC2000_DB2_B/104_5.xyt
121,out/xyt/FVC2000_DB1_B/107_4.xyt,out/xyt/FVC2000_DB2_B/107_5.xyt
121,out/xyt/FVC2000_DB1_B/104_2.xyt,out/xyt/FVC2000_DB2_B/104_6.xyt
121,out/xyt/FVC2000_DB1_B/104_4.xyt,out/xyt/FVC2000_DB2_B/104_6.xyt
120,out/xyt/FVC2000_DB1_B/104_7.xyt,out/xyt/FVC2000_DB2_B/104_8.xyt
119,out/xyt/FVC2000_DB1_B/104_2.xyt,out/xyt/FVC2000_DB2_B/104_2.xyt
119,out/xyt/FVC2000_DB1_B/107_7.xyt,out/xyt/FVC2000_DB2_B/107_7.xyt
118,out/xyt/FVC2000_DB1_B/106_1.xyt,out/xyt/FVC2000_DB2_B/106_4.xyt
117,out/xyt/FVC2000_DB1_B/107_5.xyt,out/xyt/FVC2000_DB2_B/107_2.xyt
117,out/xyt/FVC2000_DB1_B/102_7.xyt,out/xyt/FVC2000_DB2_B/102_8.xyt
117,out/xyt/FVC2000_DB1_B/104_8.xyt,out/xyt/FVC2000_DB2_B/104_8.xyt
116,out/xyt/FVC2000_DB1_B/102_7.xyt,out/xyt/FVC2000_DB2_B/102_3.xyt
116,out/xyt/FVC2000_DB1_B/107_7.xyt,out/xyt/FVC2000_DB2_B/107_4.xyt
115,out/xyt/FVC2000_DB1_B/104_7.xyt,out/xyt/FVC2000_DB2_B/104_3.xyt
115,out/xyt/FVC2000_DB1_B/107_6.xyt,out/xyt/FVC2000_DB2_B/107_3.xyt
115,out/xyt/FVC2000_DB1_B/106_6.xyt,out/xyt/FVC2000_DB2_B/106_6.xyt
115,out/xyt/FVC2000_DB1_B/104_4.xyt,out/xyt/FVC2000_DB2_B/104_1.xyt
113,out/xyt/FVC2000_DB1_B/107_8.xyt,out/xyt/FVC2000_DB2_B/107_1.xyt
113,out/xyt/FVC2000_DB1_B/106_7.xyt,out/xyt/FVC2000_DB2_B/106_8.xyt
113,out/xyt/FVC2000_DB1_B/102_1.xyt,out/xyt/FVC2000_DB2_B/102_4.xyt
113,out/xyt/FVC2000_DB1_B/107_6.xyt,out/xyt/FVC2000_DB2_B/107_4.xyt
113,out/xyt/FVC2000_DB1_B/102_3.xyt,out/xyt/FVC2000_DB2_B/102_6.xyt
112,out/xyt/FVC2000_DB1_B/106_8.xyt,out/xyt/FVC2000_DB2_B/106_4.xyt
112,out/xyt/FVC2000_DB1_B/106_1.xyt,out/xyt/FVC2000_DB2_B/106_8.xyt
110,out/xyt/FVC2000_DB1_B/107_8.xyt,out/xyt/FVC2000_DB2_B/107_6.xyt
110,out/xyt/FVC2000_DB1_B/104_8.xyt,out/xyt/FVC2000_DB2_B/104_5.xyt
109,out/xyt/FVC2000_DB1_B/104_5.xyt,out/xyt/FVC2000_DB2_B/104_3.xyt
109,out/xyt/FVC2000_DB1_B/104_7.xyt,out/xyt/FVC2000_DB2_B/104_5.xyt
108,out/xyt/FVC2000_DB1_B/102_1.xyt,out/xyt/FVC2000_DB2_B/102_8.xyt
108,out/xyt/FVC2000_DB1_B/107_8.xyt,out/xyt/FVC2000_DB2_B/107_4.xyt
107,out/xyt/FVC2000_DB1_B/104_6.xyt,out/xyt/FVC2000_DB2_B/104_8.xyt
107,out/xyt/FVC2000_DB1_B/107_8.xyt,out/xyt/FVC2000_DB2_B/107_3.xyt
106,out/xyt/FVC2000_DB1_B/102_6.xyt,out/xyt/FVC2000_DB2_B/102_4.xyt
106,out/xyt/FVC2000_DB1_B/107_8.xyt,out/xyt/FVC2000_DB2_B/107_5.xyt
106,out/xyt/FVC2000_DB1_B/106_8.xyt,out/xyt/FVC2000_DB2_B/106_8.xyt
105,out/xyt/FVC2000_DB1_B/104_4.xyt,out/xyt/FVC2000_DB2_B/104_8.xyt
104,out/xyt/FVC2000_DB1_B/110_8.xyt,out/xyt/FVC2000_DB2_B/110_8.xyt
104,out/xyt/FVC2000_DB1_B/104_5.xyt,out/xyt/FVC2000_DB2_B/104_7.xyt
104,out/xyt/FVC2000_DB1_B/104_1.xyt,out/xyt/FVC2000_DB2_B/104_8.xyt
103,out/xyt/FVC2000_DB1_B/102_3.xyt,out/xyt/FVC2000_DB2_B/102_4.xyt
102,out/xyt/FVC2000_DB1_B/106_1.xyt,out/xyt/FVC2000_DB2_B/106_3.xyt
102,out/xyt/FVC2000_DB1_B/104_7.xyt,out/xyt/FVC2000_DB2_B/104_6.xyt
102,out/xyt/FVC2000_DB1_B/107_8.xyt,out/xyt/FVC2000_DB2_B/107_2.xyt
102,out/xyt/FVC2000_DB1_B/107_7.xyt,out/xyt/FVC2000_DB2_B/107_6.xyt
101,out/xyt/FVC2000_DB1_B/106_3.xyt,out/xyt/FVC2000_DB2_B/106_8.xyt
101,out/xyt/FVC2000_DB1_B/107_3.xyt,out/xyt/FVC2000_DB2_B/107_6.xyt
101,out/xyt/FVC2000_DB1_B/104_1.xyt,out/xyt/FVC2000_DB2_B/104_2.xyt
100,out/xyt/FVC2000_DB1_B/106_4.xyt,out/xyt/FVC2000_DB2_B/106_3.xyt
100,out/xyt/FVC2000_DB1_B/107_2.xyt,out/xyt/FVC2000_DB2_B/107_5.xyt
100,out/xyt/FVC2000_DB1_B/107_6.xyt,out/xyt/FVC2000_DB2_B/107_1.xyt
100,out/xyt/FVC2000_DB1_B/102_4.xyt,out/xyt/FVC2000_DB2_B/102_4.xyt
99,out/xyt/FVC2000_DB1_B/106_3.xyt,out/xyt/FVC2000_DB2_B/106_4.xyt
99,out/xyt/FVC2000_DB1_B/104_6.xyt,out/xyt/FVC2000_DB2_B/104_3.xyt
99,out/xyt/FVC2000_DB1_B/102_8.xyt,out/xyt/FVC2000_DB2_B/102_6.xyt
99,out/xyt/FVC2000_DB1_B/102_8.xyt,out/xyt/FVC2000_DB2_B/102_7.xyt
99,out/xyt/FVC2000_DB1_B/102_7.xyt,out/xyt/FVC2000_DB2_B/102_5.xyt
98,out/xyt/FVC2000_DB1_B/104_6.xyt,out/xyt/FVC2000_DB2_B/104_7.xyt
97,out/xyt/FVC2000_DB1_B/107_5.xyt,out/xyt/FVC2000_DB2_B/107_3.xyt
97,out/xyt/FVC2000_DB1_B/102_5.xyt,out/xyt/FVC2000_DB2_B/102_8.xyt
97,out/xyt/FVC2000_DB1_B/104_5.xyt,out/xyt/FVC2000_DB2_B/104_4.xyt
97,out/xyt/FVC2000_DB1_B/102_3.xyt,out/xyt/FVC2000_DB2_B/102_3.xyt
95,out/xyt/FVC2000_DB1_B/104_1.xyt,out/xyt/FVC2000_DB2_B/104_6.xyt
95,out/xyt/FVC2000_DB1_B/107_3.xyt,out/xyt/FVC2000_DB2_B/107_3.xyt
94,out/xyt/FVC2000_DB1_B/106_1.xyt,out/xyt/FVC2000_DB2_B/106_7.xyt
94,out/xyt/FVC2000_DB1_B/102_5.xyt,out/xyt/FVC2000_DB2_B/102_7.xyt
94,out/xyt/FVC2000_DB1_B/106_3.xyt,out/xyt/FVC2000_DB2_B/106_6.xyt
94,out/xyt/FVC2000_DB1_B/107_3.xyt,out/xyt/FVC2000_DB2_B/107_1.xyt
94,out/xyt/FVC2000_DB1_B/104_7.xyt,out/xyt/FVC2000_DB2_B/104_7.xyt
93,out/xyt/FVC2000_DB1_B/107_4.xyt,out/xyt/FVC2000_DB2_B/107_1.xyt
93,out/xyt/FVC2000_DB1_B/107_7.xyt,out/xyt/FVC2000_DB2_B/107_3.xyt
93,out/xyt/FVC2000_DB1_B/102_2.xyt,out/xyt/FVC2000_DB2_B/102_3.xyt
91,out/xyt/FVC2000_DB1_B/107_7.xyt,out/xyt/FVC2000_DB2_B/107_5.xyt
90,out/xyt/FVC2000_DB1_B/106_3.xyt,out/xyt/FVC2000_DB2_B/106_3.xyt
90,out/xyt/FVC2000_DB1_B/106_5.xyt,out/xyt/FVC2000_DB2_B/106_8.xyt
89,out/xyt/FVC2000_DB1_B/104_5.xyt,out/xyt/FVC2000_DB2_B/104_6.xyt
89,out/xyt/FVC2000_DB1_B/106_3.xyt,out/xyt/FVC2000_DB2_B/106_7.xyt
89,out/xyt/FVC2000_DB1_B/109_3.xyt,out/xyt/FVC2000_DB2_B/109_1.xyt
89,out/xyt/FVC2000_DB1_B/106_4.xyt,out/xyt/FVC2000_DB2_B/106_5.xyt
89,out/xyt/FVC2000_DB1_B/102_4.xyt,out/xyt/FVC2000_DB2_B/102_8.xyt
87,out/xyt/FVC2000_DB1_B/107_1.xyt,out/xyt/FVC2000_DB2_B/107_8.xyt
87,out/xyt/FVC2000_DB1_B/104_4.xyt,out/xyt/FVC2000_DB2_B/104_7.xyt
87,out/xyt/FVC2000_DB1_B/109_3.xyt,out/xyt/FVC2000_DB2_B/109_3.xyt
87,out/xyt/FVC2000_DB1_B/107_1.xyt,out/xyt/FVC2000_DB2_B/107_7.xyt
86,out/xyt/FVC2000_DB1_B/109_1.xyt,out/xyt/FVC2000_DB2_B/109_3.xyt
86,out/xyt/FVC2000_DB1_B/104_5.xyt,out/xyt/FVC2000_DB2_B/104_1.xyt
86,out/xyt/FVC2000_DB1_B/104_2.xyt,out/xyt/FVC2000_DB2_B/104_7.xyt
86,out/xyt/FVC2000_DB1_B/106_5.xyt,out/xyt/FVC2000_DB2_B/106_6.xyt
86,out/xyt/FVC2000_DB1_B/102_3.xyt,out/xyt/FVC2000_DB2_B/102_2.xyt
85,out/xyt/FVC2000_DB1_B/107_1.xyt,out/xyt/FVC2000_DB2_B/107_1.xyt
85,out/xyt/FVC2000_DB1_B/103_4.xyt,out/xyt/FVC2000_DB2_B/103_3.xyt
85,out/xyt/FVC2000_DB1_B/104_7.xyt,out/xyt/FVC2000_DB2_B/104_4.xyt
85,out/xyt/FVC2000_DB1_B/106_1.xyt,out/xyt/FVC2000_DB2_B/106_2.xyt
85,out/xyt/FVC2000_DB1_B/109_4.xyt,out/xyt/FVC2000_DB2_B/109_3.xyt
85,out/xyt/FVC2000_DB1_B/104_8.xyt,out/xyt/FVC2000_DB2_B/104_7.xyt
85,out/xyt/FVC2000_DB1_B/107_1.xyt,out/xyt/FVC2000_DB2_B/107_2.xyt
84,out/xyt/FVC2000_DB1_B/109_3.xyt,out/xyt/FVC2000_DB2_B/109_4.xyt
84,out/xyt/FVC2000_DB1_B/103_3.xyt,out/xyt/FVC2000_DB2_B/103_3.xyt
83,out/xyt/FVC2000_DB1_B/107_7.xyt,out/xyt/FVC2000_DB2_B/107_1.xyt
83,out/xyt/FVC2000_DB1_B/106_8.xyt,out/xyt/FVC2000_DB2_B/106_3.xyt
83,out/xyt/FVC2000_DB1_B/104_5.xyt,out/xyt/FVC2000_DB2_B/104_2.xyt
83,out/xyt/FVC2000_DB1_B/104_6.xyt,out/xyt/FVC2000_DB2_B/104_5.xyt
83,out/xyt/FVC2000_DB1_B/103_1.xyt,out/xyt/FVC2000_DB2_B/103_3.xyt
83,out/xyt/FVC2000_DB1_B/102_3.xyt,out/xyt/FVC2000_DB2_B/102_1.xyt
82,out/xyt/FVC2000_DB1_B/109_1.xyt,out/xyt/FVC2000_DB2_B/109_1.xyt
82,out/xyt/FVC2000_DB1_B/102_1.xyt,out/xyt/FVC2000_DB2_B/102_3.xyt
82,out/xyt/FVC2000_DB1_B/102_8.xyt,out/xyt/FVC2000_DB2_B/102_8.xyt
81,out/xyt/FVC2000_DB1_B/102_4.xyt,out/xyt/FVC2000_DB2_B/102_6.xyt
81,out/xyt/FVC2000_DB1_B/107_1.xyt,out/xyt/FVC2000_DB2_B/107_4.xyt
80,out/xyt/FVC2000_DB1_B/103_8.xyt,out/xyt/FVC2000_DB2_B/103_1.xyt
80,out/xyt/FVC2000_DB1_B/106_7.xyt,out/xyt/FVC2000_DB2_B/106_3.xyt
80,out/xyt/FVC2000_DB1_B/102_1.xyt,out/xyt/FVC2000_DB2_B/102_6.xyt
80,out/xyt/FVC2000_DB1_B/104_1.xyt,out/xyt/FVC2000_DB2_B/104_1.xyt
80,out/xyt/FVC2000_DB1_B/106_2.xyt,out/xyt/FVC2000_DB2_B/106_6.xyt
79,out/xyt/FVC2000_DB1_B/102_6.xyt,out/xyt/FVC2000_DB2_B/102_6.xyt
79,out/xyt/FVC2000_DB1_B/104_7.xyt,out/xyt/FVC2000_DB2_B/104_2.xyt
79,out/xyt/FVC2000_DB1_B/106_6.xyt,out/xyt/FVC2000_DB2_B/106_1.xyt
79,out/xyt/FVC2000_DB1_B/102_1.xyt,out/xyt/FVC2000_DB2_B/102_7.xyt
78,out/xyt/FVC2000_DB1_B/104_3.xyt,out/xyt/FVC2000_DB2_B/104_7.xyt
78,out/xyt/FVC2000_DB1_B/106_6.xyt,out/xyt/FVC2000_DB2_B/106_8.xyt
77,out/xyt/FVC2000_DB1_B/106_6.xyt,out/xyt/FVC2000_DB2_B/106_5.xyt
77,out/xyt/FVC2000_DB1_B/106_5.xyt,out/xyt/FVC2000_DB2_B/106_1.xyt
76,out/xyt/FVC2000_DB1_B/106_8.xyt,out/xyt/FVC2000_DB2_B/106_7.xyt
76,out/xyt/FVC2000_DB1_B/102_4.xyt,out/xyt/FVC2000_DB2_B/102_7.xyt
76,out/xyt/FVC2000_DB1_B/109_3.xyt,out/xyt/FVC2000_DB2_B/109_2.xyt
76,out/xyt/FVC2000_DB1_B/102_7.xyt,out/xyt/FVC2000_DB2_B/102_1.xyt
76,out/xyt/FVC2000_DB1_B/102_3.xyt,out/xyt/FVC2000_DB2_B/102_7.xyt
75,out/xyt/FVC2000_DB1_B/104_7.xyt,out/xyt/FVC2000_DB2_B/104_1.xyt
75,out/xyt/FVC2000_DB1_B/109_4.xyt,out/xyt/FVC2000_DB2_B/109_1.xyt
74,out/xyt/FVC2000_DB1_B/106_7.xyt,out/xyt/FVC2000_DB2_B/106_7.xyt
73,out/xyt/FVC2000_DB1_B/107_3.xyt,out/xyt/FVC2000_DB2_B/107_5.xyt
73,out/xyt/FVC2000_DB1_B/102_7.xyt,out/xyt/FVC2000_DB2_B/102_2.xyt
73,out/xyt/FVC2000_DB1_B/109_4.xyt,out/xyt/FVC2000_DB2_B/109_4.xyt
72,out/xyt/FVC2000_DB1_B/104_6.xyt,out/xyt/FVC2000_DB2_B/104_4.xyt
72,out/xyt/FVC2000_DB1_B/109_1.xyt,out/xyt/FVC2000_DB2_B/109_8.xyt
72,out/xyt/FVC2000_DB1_B/103_4.xyt,out/xyt/FVC2000_DB2_B/103_2.xyt
72,out/xyt/FVC2000_DB1_B/102_2.xyt,out/xyt/FVC2000_DB2_B/102_1.xyt
71,out/xyt/FVC2000_DB1_B/104_1.xyt,out/xyt/FVC2000_DB2_B/104_4.xyt
71,out/xyt/FVC2000_DB1_B/106_4.xyt,out/xyt/FVC2000_DB2_B/106_4.xyt
70,out/xyt/FVC2000_DB1_B/110_5.xyt,out/xyt/FVC2000_DB2_B/110_1.xyt
70,out/xyt/FVC2000_DB1_B/107_1.xyt,out/xyt/FVC2000_DB2_B/107_3.xyt
70,out/xyt/FVC2000_DB1_B/108_8.xyt,out/xyt/FVC2000_DB2_B/108_7.xyt
70,out/xyt/FVC2000_DB1_B/106_8.xyt,out/xyt/FVC2000_DB2_B/106_2.xyt
69,out/xyt/FVC2000_DB1_B/105_2.xyt,out/xyt/FVC2000_DB2_B/105_3.xyt
69,out/xyt/FVC2000_DB1_B/106_4.xyt,out/xyt/FVC2000_DB2_B/106_7.xyt
68,out/xyt/FVC2000_DB1_B/107_5.xyt,out/xyt/FVC2000_DB2_B/107_1.xyt
68,out/xyt/FVC2000_DB1_B/106_3.xyt,out/xyt/FVC2000_DB2_B/106_2.xyt
67,out/xyt/FVC2000_DB1_B/109_3.xyt,out/xyt/FVC2000_DB2_B/109_5.xyt
67,out/xyt/FVC2000_DB1_B/104_6.xyt,out/xyt/FVC2000_DB2_B/104_6.xyt
67,out/xyt/FVC2000_DB1_B/110_8.xyt,out/xyt/FVC2000_DB2_B/110_1.xyt
67,out/xyt/FVC2000_DB1_B/102_1.xyt,out/xyt/FVC2000_DB2_B/102_1.xyt
67,out/xyt/FVC2000_DB1_B/104_1.xyt,out/xyt/FVC2000_DB2_B/104_7.xyt
67,out/xyt/FVC2000_DB1_B/103_8.xyt,out/xyt/FVC2000_DB2_B/103_6.xyt
67,out/xyt/FVC2000_DB1_B/106_5.xyt,out/xyt/FVC2000_DB2_B/106_3.xyt
66,out/xyt/FVC2000_DB1_B/102_2.xyt,out/xyt/FVC2000_DB2_B/102_6.xyt
65,out/xyt/FVC2000_DB1_B/102_8.xyt,out/xyt/FVC2000_DB2_B/102_3.xyt
65,out/xyt/FVC2000_DB1_B/105_6.xyt,out/xyt/FVC2000_DB2_B/105_3.xyt
65,out/xyt/FVC2000_DB1_B/102_5.xyt,out/xyt/FVC2000_DB2_B/102_3.xyt
65,out/xyt/FVC2000_DB1_B/106_7.xyt,out/xyt/FVC2000_DB2_B/106_4.xyt
65,out/xyt/FVC2000_DB1_B/106_6.xyt,out/xyt/FVC2000_DB2_B/106_7.xyt
65,out/xyt/FVC2000_DB1_B/106_6.xyt,out/xyt/FVC2000_DB2_B/106_3.xyt
65,out/xyt/FVC2000_DB1_B/103_1.xyt,out/xyt/FVC2000_DB2_B/103_6.xyt
64,out/xyt/FVC2000_DB1_B/109_1.xyt,out/xyt/FVC2000_DB2_B/109_4.xyt
64,out/xyt/FVC2000_DB1_B/102_3.xyt,out/xyt/FVC2000_DB2_B/102_5.xyt
63,out/xyt/FVC2000_DB1_B/106_4.xyt,out/xyt/FVC2000_DB2_B/106_2.xyt
63,out/xyt/FVC2000_DB1_B/109_4.xyt,out/xyt/FVC2000_DB2_B/109_2.xyt
63,out/xyt/FVC2000_DB1_B/103_1.xyt,out/xyt/FVC2000_DB2_B/103_2.xyt
62,out/xyt/FVC2000_DB1_B/105_8.xyt,out/xyt/FVC2000_DB2_B/105_7.xyt
62,out/xyt/FVC2000_DB1_B/103_7.xyt,out/xyt/FVC2000_DB2_B/103_3.xyt
62,out/xyt/FVC2000_DB1_B/106_2.xyt,out/xyt/FVC2000_DB2_B/106_1.xyt
62,out/xyt/FVC2000_DB1_B/105_8.xyt,out/xyt/FVC2000_DB2_B/105_3.xyt
61,out/xyt/FVC2000_DB1_B/105_6.xyt,out/xyt/FVC2000_DB2_B/105_2.xyt
61,out/xyt/FVC2000_DB1_B/106_6.xyt,out/xyt/FVC2000_DB2_B/106_4.xyt
61,out/xyt/FVC2000_DB1_B/109_1.xyt,out/xyt/FVC2000_DB2_B/109_2.xyt
61,out/xyt/FVC2000_DB1_B/109_4.xyt,out/xyt/FVC2000_DB2_B/109_5.xyt
60,out/xyt/FVC2000_DB1_B/102_8.xyt,out/xyt/FVC2000_DB2_B/102_1.xyt
60,out/xyt/FVC2000_DB1_B/106_5.xyt,out/xyt/FVC2000_DB2_B/106_5.xyt
60,out/xyt/FVC2000_DB1_B/102_3.xyt,out/xyt/FVC2000_DB2_B/102_8.xyt
59,out/xyt/FVC2000_DB1_B/105_8.xyt,out/xyt/FVC2000_DB2_B/105_8.xyt
59,out/xyt/FVC2002_DB3_B/108_7.xyt,out/xyt/FVC2004_DB3_B/102_1.xyt
59,out/xyt/FVC2000_DB1_B/103_8.xyt,out/xyt/FVC2000_DB2_B/103_3.xyt
59,out/xyt/FVC2000_DB1_B/104_6.xyt,out/xyt/FVC2000_DB2_B/104_1.xyt
58,out/xyt/FVC2000_DB1_B/109_1.xyt,out/xyt/FVC2000_DB2_B/109_6.xyt
58,out/xyt/FVC2000_DB1_B/105_7.xyt,out/xyt/FVC2000_DB2_B/105_2.xyt
58,out/xyt/FVC2000_DB1_B/102_2.xyt,out/xyt/FVC2000_DB2_B/102_5.xyt
57,out/xyt/FVC2000_DB1_B/107_1.xyt,out/xyt/FVC2000_DB2_B/107_5.xyt
57,out/xyt/FVC2000_DB1_B/106_2.xyt,out/xyt/FVC2000_DB2_B/106_3.xyt
57,out/xyt/FVC2000_DB1_B/103_3.xyt,out/xyt/FVC2000_DB2_B/103_2.xyt
57,out/xyt/FVC2000_DB1_B/103_8.xyt,out/xyt/FVC2000_DB2_B/103_8.xyt
56,out/xyt/FVC2000_DB1_B/105_7.xyt,out/xyt/FVC2000_DB2_B/105_3.xyt
56,out/xyt/FVC2000_DB1_B/105_4.xyt,out/xyt/FVC2000_DB2_B/105_7.xyt
55,out/xyt/FVC2000_DB1_B/102_5.xyt,out/xyt/FVC2000_DB2_B/102_1.xyt
55,out/xyt/FVC2000_DB1_B/109_3.xyt,out/xyt/FVC2000_DB2_B/109_6.xyt
55,out/xyt/FVC2000_DB1_B/103_2.xyt,out/xyt/FVC2000_DB2_B/103_3.xyt
55,out/xyt/FVC2000_DB1_B/106_2.xyt,out/xyt/FVC2000_DB2_B/106_8.xyt
55,out/xyt/FVC2000_DB1_B/105_4.xyt,out/xyt/FVC2000_DB2_B/105_2.xyt
54,out/xyt/FVC2000_DB1_B/106_2.xyt,out/xyt/FVC2000_DB2_B/106_5.xyt
54,out/xyt/FVC2000_DB1_B/106_7.xyt,out/xyt/FVC2000_DB2_B/106_2.xyt
54,out/xyt/FVC2000_DB1_B/103_7.xyt,out/xyt/FVC2000_DB2_B/103_7.xyt
54,out/xyt/FVC2000_DB1_B/109_3.xyt,out/xyt/FVC2000_DB2_B/109_8.xyt
54,out/xyt/FVC2000_DB1_B/106_5.xyt,out/xyt/FVC2000_DB2_B/106_7.xyt
54,out/xyt/FVC2000_DB1_B/105_7.xyt,out/xyt/FVC2000_DB2_B/105_7.xyt
53,out/xyt/FVC2000_DB1_B/103_8.xyt,out/xyt/FVC2000_DB2_B/103_2.xyt
53,out/xyt/FVC2000_DB1_B/103_7.xyt,out/xyt/FVC2000_DB2_B/103_2.xyt
53,out/xyt/FVC2000_DB1_B/105_6.xyt,out/xyt/FVC2000_DB2_B/105_7.xyt
53,out/xyt/FVC2000_DB1_B/106_5.xyt,out/xyt/FVC2000_DB2_B/106_4.xyt
53,out/xyt/FVC2002_DB3_B/108_2.xyt,out/xyt/FVC2004_DB3_B/102_1.xyt
52,out/xyt/FVC2000_DB1_B/102_5.xyt,out/xyt/FVC2000_DB2_B/102_5.xyt
52,out/xyt/FVC2000_DB1_B/104_6.xyt,out/xyt/FVC2000_DB2_B/104_2.xyt
52,out/xyt/FVC2000_DB1_B/102_2.xyt,out/xyt/FVC2000_DB2_B/102_8.xyt
52,out/xyt/FVC2000_DB1_B/106_2.xyt,out/xyt/FVC2000_DB2_B/106_7.xyt
52,out/xyt/FVC2000_DB1_B/103_5.xyt,out/xyt/FVC2000_DB2_B/103_6.xyt
52,out/xyt/FVC2000_DB1_B/105_1.xyt,out/xyt/FVC2000_DB2_B/105_3.xyt
52,out/xyt/FVC2000_DB1_B/109_4.xyt,out/xyt/FVC2000_DB2_B/109_6.xyt
51,out/xyt/FVC2000_DB1_B/105_3.xyt,out/xyt/FVC2000_DB2_B/105_3.xyt
51,out/xyt/FVC2000_DB1_B/107_1.xyt,out/xyt/FVC2000_DB2_B/107_6.xyt
51,out/xyt/FVC2000_DB1_B/110_8.xyt,out/xyt/FVC2000_DB2_B/110_3.xyt
51,out/xyt/FVC2000_DB1_B/103_1.xyt,out/xyt/FVC2000_DB2_B/103_8.xyt
51,out/xyt/FVC2000_DB1_B/102_6.xyt,out/xyt/FVC2000_DB2_B/102_5.xyt
51,out/xyt/FVC2000_DB1_B/102_6.xyt,out/xyt/FVC2000_DB2_B/102_3.xyt
51,out/xyt/FVC2000_DB1_B/105_2.xyt,out/xyt/FVC2000_DB2_B/105_7.xyt
51,out/xyt/FVC2000_DB1_B/110_5.xyt,out/xyt/FVC2000_DB2_B/110_7.xyt
50,out/xyt/FVC2000_DB1_B/103_1.xyt,out/xyt/FVC2000_DB2_B/103_7.xyt
50,out/xyt/FVC2000_DB1_B/108_5.xyt,out/xyt/FVC2000_DB2_B/108_7.xyt
50,out/xyt/FVC2000_DB1_B/103_6.xyt,out/xyt/FVC2000_DB2_B/103_7.xyt
50,out/xyt/FVC2000_DB1_B/103_3.xyt,out/xyt/FVC2000_DB2_B/103_1.xyt
50,out/xyt/FVC2000_DB1_B/105_8.xyt,out/xyt/FVC2000_DB2_B/105_2.xyt
50,out/xyt/FVC2000_DB1_B/105_8.xyt,out/xyt/FVC2000_DB2_B/105_4.xyt
49,out/xyt/FVC2000_DB1_B/105_3.xyt,out/xyt/FVC2000_DB2_B/105_7.xyt
49,out/xyt/FVC2000_DB1_B/109_7.xyt,out/xyt/FVC2000_DB2_B/109_5.xyt
48,out/xyt/FVC2000_DB1_B/105_6.xyt,out/xyt/FVC2000_DB2_B/105_4.xyt
48,out/xyt/FVC2000_DB1_B/102_6.xyt,out/xyt/FVC2000_DB2_B/102_1.xyt
48,out/xyt/FVC2000_DB1_B/103_7.xyt,out/xyt/FVC2000_DB2_B/103_6.xyt
48,out/xyt/FVC2000_DB1_B/103_5.xyt,out/xyt/FVC2000_DB2_B/103_3.xyt
47,out/xyt/FVC2000_DB1_B/110_7.xyt,out/xyt/FVC2000_DB2_B/110_7.xyt
47,out/xyt/FVC2000_DB1_B/103_2.xyt,out/xyt/FVC2000_DB2_B/103_5.xyt
47,out/xyt/FVC2000_DB1_B/105_4.xyt,out/xyt/FVC2000_DB2_B/105_3.xyt
46,out/xyt/FVC2000_DB1_B/109_1.xyt,out/xyt/FVC2000_DB2_B/109_5.xyt
46,out/xyt/FVC2000_DB1_B/105_2.xyt,out/xyt/FVC2000_DB2_B/105_2.xyt
46,out/xyt/FVC2000_DB1_B/110_7.xyt,out/xyt/FVC2000_DB2_B/110_1.xyt
46,out/xyt/FVC2000_DB1_B/103_5.xyt,out/xyt/FVC2000_DB2_B/103_1.xyt
46,out/xyt/FVC2000_DB1_B/103_5.xyt,out/xyt/FVC2000_DB2_B/103_7.xyt
46,out/xyt/FVC2000_DB1_B/109_4.xyt,out/xyt/FVC2000_DB2_B/109_8.xyt
45,out/xyt/FVC2000_DB1_B/103_7.xyt,out/xyt/FVC2000_DB2_B/103_1.xyt
45,out/xyt/FVC2000_DB1_B/110_4.xyt,out/xyt/FVC2000_DB2_B/110_3.xyt
45,out/xyt/FVC2000_DB1_B/102_6.xyt,out/xyt/FVC2000_DB2_B/102_8.xyt
45,out/xyt/FVC2000_DB1_B/102_8.xyt,out/xyt/FVC2000_DB2_B/102_5.xyt
45,out/xyt/FVC2000_DB1_B/105_4.xyt,out/xyt/FVC2000_DB2_B/105_5.xyt
45,out/xyt/FVC2000_DB1_B/105_1.xyt,out/xyt/FVC2000_DB2_B/105_1.xyt
44,out/xyt/FVC2000_DB1_B/102_1.xyt,out/xyt/FVC2000_DB2_B/102_5.xyt
44,out/xyt/FVC2000_DB1_B/103_8.xyt,out/xyt/FVC2000_DB2_B/103_7.xyt
44,out/xyt/FVC2000_DB1_B/105_7.xyt,out/xyt/FVC2000_DB2_B/105_4.xyt
43,out/xyt/FVC2000_DB1_B/105_1.xyt,out/xyt/FVC2000_DB2_B/105_2.xyt
43,out/xyt/FVC2000_DB1_B/106_6.xyt,out/xyt/FVC2000_DB2_B/106_2.xyt
43,out/xyt/FVC2000_DB1_B/106_2.xyt,out/xyt/FVC2000_DB2_B/106_4.xyt
43,out/xyt/FVC2000_DB1_B/103_5.xyt,out/xyt/FVC2000_DB2_B/103_8.xyt
43,out/xyt/FVC2000_DB1_B/103_3.xyt,out/xyt/FVC2000_DB2_B/103_5.xyt
43,out/xyt/FVC2000_DB1_B/103_5.xyt,out/xyt/FVC2000_DB2_B/103_2.xyt
43,out/xyt/FVC2000_DB1_B/110_8.xyt,out/xyt/FVC2000_DB2_B/110_7.xyt
43,out/xyt/FVC2000_DB1_B/110_5.xyt,out/xyt/FVC2000_DB2_B/110_3.xyt
42,out/xyt/FVC2000_DB1_B/103_1.xyt,out/xyt/FVC2000_DB2_B/103_4.xyt
42,out/xyt/FVC2000_DB1_B/108_7.xyt,out/xyt/FVC2000_DB2_B/108_7.xyt
42,out/xyt/FVC2000_DB1_B/110_4.xyt,out/xyt/FVC2000_DB2_B/110_1.xyt
42,out/xyt/FVC2000_DB1_B/103_4.xyt,out/xyt/FVC2000_DB2_B/103_7.xyt
42,out/xyt/FVC2000_DB1_B/110_4.xyt,out/xyt/FVC2000_DB2_B/110_7.xyt
42,out/xyt/FVC2000_DB1_B/108_7.xyt,out/xyt/FVC2000_DB2_B/108_5.xyt
42,out/xyt/FVC2000_DB1_B/102_1.xyt,out/xyt/FVC2000_DB2_B/102_2.xyt
42,out/xyt/FVC2000_DB1_B/103_6.xyt,out/xyt/FVC2000_DB2_B/103_6.xyt
42,out/xyt/FVC2000_DB1_B/110_6.xyt,out/xyt/FVC2000_DB2_B/110_7.xyt
41,out/xyt/FVC2000_DB1_B/110_7.xyt,out/xyt/FVC2000_DB2_B/110_8.xyt
41,out/xyt/FVC2000_DB1_B/102_4.xyt,out/xyt/FVC2000_DB2_B/102_3.xyt
40,out/xyt/FVC2000_DB1_B/103_8.xyt,out/xyt/FVC2000_DB2_B/103_4.xyt
40,out/xyt/FVC2000_DB1_B/101_7.xyt,out/xyt/FVC2000_DB2_B/101_1.xyt
40,out/xyt/FVC2000_DB1_B/105_2.xyt,out/xyt/FVC2000_DB2_B/105_4.xyt
40,out/xyt/FVC2000_DB1_B/103_2.xyt,out/xyt/FVC2000_DB2_B/103_2.xyt
40,out/xyt/FVC2000_DB1_B/103_4.xyt,out/xyt/FVC2000_DB2_B/103_4.xyt
40,out/xyt/FVC2000_DB1_B/103_6.xyt,out/xyt/FVC2000_DB2_B/103_2.xyt
40,out/xyt/FVC2000_DB1_B/106_5.xyt,out/xyt/FVC2000_DB2_B/106_2.xyt
40,out/xyt/FVC2000_DB1_B/105_7.xyt,out/xyt/FVC2000_DB2_B/105_8.xyt
40,out/xyt/FVC2000_DB1_B/106_2.xyt,out/xyt/FVC2000_DB2_B/106_2.xyt
39,out/xyt/FVC2000_DB1_B/103_4.xyt,out/xyt/FVC2000_DB2_B/103_5.xyt
39,out/xyt/FVC2000_DB1_B/103_1.xyt,out/xyt/FVC2000_DB2_B/103_1.xyt
39,out/xyt/FVC2000_DB1_B/103_4.xyt,out/xyt/FVC2000_DB2_B/103_1.xyt
39,out/xyt/FVC2000_DB4_B/109_3.xyt,out/xyt/FVC2002_DB1_B/106_8.xyt
38,out/xyt/FVC2000_DB1_B/109_7.xyt,out/xyt/FVC2000_DB2_B/109_4.xyt
38,out/xyt/FVC2000_DB1_B/109_7.xyt,out/xyt/FVC2000_DB2_B/109_8.xyt
38,out/xyt/FVC2000_DB1_B/103_3.xyt,out/xyt/FVC2000_DB2_B/103_7.xyt
38,out/xyt/FVC2004_DB1_B/103_6.xyt,out/xyt/FVC2004_DB1_B/107_1.xyt
38,out/xyt/FVC2000_DB1_B/102_2.xyt,out/xyt/FVC2000_DB2_B/102_2.xyt
38,out/xyt/FVC2002_DB2_B/110_6.xyt,out/xyt/FVC2004_DB1_B/109_6.xyt
38,out/xyt/FVC2000_DB1_B/109_8.xyt,out/xyt/FVC2000_DB2_B/109_4.xyt
38,out/xyt/FVC2000_DB4_B/101_4.xyt,out/xyt/FVC2002_DB4_B/101_5.xyt
37,out/xyt/FVC2000_DB1_B/105_1.xyt,out/xyt/FVC2000_DB2_B/105_4.xyt
37,out/xyt/FVC2000_DB1_B/101_7.xyt,out/xyt/FVC2000_DB2_B/101_7.xyt
37,out/xyt/FVC2000_DB1_B/105_3.xyt,out/xyt/FVC2000_DB2_B/105_2.xyt
37,out/xyt/FVC2000_DB1_B/110_4.xyt,out/xyt/FVC2000_DB2_B/110_4.xyt
37,out/xyt/FVC2000_DB1_B/109_4.xyt,out/xyt/FVC2002_DB1_B/107_3.xyt
37,out/xyt/FVC2000_DB1_B/103_7.xyt,out/xyt/FVC2000_DB2_B/103_5.xyt
37,out/xyt/FVC2000_DB1_B/110_4.xyt,out/xyt/FVC2000_DB2_B/110_6.xyt
37,out/xyt/FVC2000_DB1_B/105_4.xyt,out/xyt/FVC2000_DB2_B/105_8.xyt
36,out/xyt/FVC2000_DB1_B/109_3.xyt,out/xyt/FVC2002_DB1_B/107_3.xyt
36,out/xyt/FVC2004_DB2_B/109_4.xyt,out/xyt/FVC2004_DB2_B/110_2.xyt
36,out/xyt/FVC2000_DB1_B/105_1.xyt,out/xyt/FVC2000_DB2_B/105_7.xyt
36,out/xyt/FVC2000_DB1_B/109_6.xyt,out/xyt/FVC2000_DB2_B/109_4.xyt
36,out/xyt/FVC2000_DB1_B/101_5.xyt,out/xyt/FVC2000_DB2_B/101_2.xyt
36,out/xyt/FVC2000_DB1_B/103_4.xyt,out/xyt/FVC2000_DB2_B/103_6.xyt
36,out/xyt/FVC2000_DB1_B/101_2.xyt,out/xyt/FVC2000_DB2_B/101_3.xyt
36,out/xyt/FVC2000_DB4_B/110_1.xyt,out/xyt/FVC2002_DB4_B/105_4.xyt
36,out/xyt/FVC2000_DB4_B/109_5.xyt,out/xyt/FVC2002_DB1_B/106_5.xyt
36,out/xyt/FVC2000_DB1_B/102_5.xyt,out/xyt/FVC2000_DB2_B/102_2.xyt
35,out/xyt/FVC2000_DB1_B/105_5.xyt,out/xyt/FVC2000_DB2_B/105_2.xyt
35,out/xyt/FVC2000_DB1_B/108_6.xyt,out/xyt/FVC2000_DB2_B/108_7.xyt
35,out/xyt/FVC2000_DB1_B/110_5.xyt,out/xyt/FVC2000_DB2_B/110_4.xyt
35,out/xyt/FVC2000_DB1_B/109_6.xyt,out/xyt/FVC2000_DB2_B/109_3.xyt
35,out/xyt/FVC2000_DB1_B/110_8.xyt,out/xyt/FVC2000_DB2_B/110_4.xyt
35,out/xyt/FVC2000_DB1_B/101_5.xyt,out/xyt/FVC2000_DB2_B/101_6.xyt
35,out/xyt/FVC2000_DB1_B/103_6.xyt,out/xyt/FVC2000_DB2_B/103_5.xyt
35,out/xyt/FVC2000_DB1_B/102_5.xyt,out/xyt/FVC2000_DB1_B/108_6.xyt
35,out/xyt/FVC2000_DB1_B/110_7.xyt,out/xyt/FVC2000_DB2_B/110_4.xyt
35,out/xyt/FVC2000_DB1_B/109_8.xyt,out/xyt/FVC2004_DB2_B/109_5.xyt
35,out/xyt/FVC2000_DB1_B/103_1.xyt,out/xyt/FVC2000_DB2_B/103_5.xyt
35,out/xyt/FVC2000_DB1_B/105_4.xyt,out/xyt/FVC2000_DB2_B/105_4.xyt
34,out/xyt/FVC2000_DB1_B/101_7.xyt,out/xyt/FVC2000_DB2_B/101_5.xyt
34,out/xyt/FVC2000_DB1_B/102_8.xyt,out/xyt/FVC2000_DB2_B/102_2.xyt
34,out/xyt/FVC2000_DB1_B/103_3.xyt,out/xyt/FVC2000_DB2_B/103_8.xyt
34,out/xyt/FVC2004_DB1_B/103_1.xyt,out/xyt/FVC2004_DB1_B/107_1.xyt
34,out/xyt/FVC2002_DB3_B/104_7.xyt,out/xyt/FVC2002_DB3_B/109_2.xyt
34,out/xyt/FVC2000_DB1_B/108_4.xyt,out/xyt/FVC2000_DB2_B/108_5.xyt
34,out/xyt/FVC2002_DB4_B/102_3.xyt,out/xyt/FVC2002_DB4_B/110_5.xyt
34,out/xyt/FVC2000_DB1_B/105_2.xyt,out/xyt/FVC2000_DB2_B/105_8.xyt
34,out/xyt/FVC2000_DB1_B/101_2.xyt,out/xyt/FVC2000_DB2_B/101_2.xyt
34,out/xyt/FVC2000_DB1_B/109_3.xyt,out/xyt/FVC2004_DB4_B/106_4.xyt
34,out/xyt/FVC2000_DB1_B/102_6.xyt,out/xyt/FVC2000_DB2_B/102_2.xyt
34,out/xyt/FVC2000_DB4_B/109_2.xyt,out/xyt/FVC2002_DB4_B/105_8.xyt
34,out/xyt/FVC2000_DB1_B/109_5.xyt,out/xyt/FVC2000_DB2_B/109_4.xyt
34,out/xyt/FVC2000_DB1_B/105_3.xyt,out/xyt/FVC2000_DB1_B/109_3.xyt
34,out/xyt/FVC2000_DB1_B/105_8.xyt,out/xyt/FVC2000_DB2_B/105_5.xyt
33,out/xyt/FVC2000_DB1_B/103_6.xyt,out/xyt/FVC2000_DB2_B/103_3.xyt
33,out/xyt/FVC2000_DB1_B/103_6.xyt,out/xyt/FVC2000_DB2_B/103_8.xyt
33,out/xyt/FVC2000_DB2_B/107_3.xyt,out/xyt/FVC2004_DB4_B/104_1.xyt
33,out/xyt/FVC2000_DB1_B/110_4.xyt,out/xyt/FVC2000_DB2_B/110_8.xyt
33,out/xyt/FVC2000_DB1_B/109_6.xyt,out/xyt/FVC2000_DB2_B/109_8.xyt
33,out/xyt/FVC2000_DB1_B/110_5.xyt,out/xyt/FVC2000_DB2_B/110_8.xyt
33,out/xyt/FVC2004_DB2_B/108_4.xyt,out/xyt/FVC2004_DB4_B/110_6.xyt
33,out/xyt/FVC2000_DB1_B/103_7.xyt,out/xyt/FVC2000_DB2_B/103_8.xyt
33,out/xyt/FVC2000_DB1_B/109_5.xyt,out/xyt/FVC2000_DB2_B/105_7.xyt
33,out/xyt/FVC2000_DB1_B/103_3.xyt,out/xyt/FVC2000_DB2_B/103_6.xyt
33,out/xyt/FVC2000_DB2_B/109_6.xyt,out/xyt/FVC2004_DB3_B/102_2.xyt
32,out/xyt/FVC2002_DB2_B/105_8.xyt,out/xyt/FVC2002_DB2_B/106_3.xyt
32,out/xyt/FVC2000_DB1_B/103_6.xyt,out/xyt/FVC2000_DB2_B/103_1.xyt
32,out/xyt/FVC2004_DB1_B/104_1.xyt,out/xyt/FVC2004_DB2_B/108_4.xyt
32,out/xyt/FVC2000_DB1_B/103_8.xyt,out/xyt/FVC2000_DB2_B/103_5.xyt
32,out/xyt/FVC2000_DB1_B/101_7.xyt,out/xyt/FVC2000_DB2_B/101_2.xyt
32,out/xyt/FVC2002_DB3_B/108_3.xyt,out/xyt/FVC2004_DB3_B/102_2.xyt
32,out/xyt/FVC2000_DB1_B/105_6.xyt,out/xyt/FVC2000_DB2_B/105_8.xyt
32,out/xyt/FVC2004_DB1_B/108_4.xyt,out/xyt/FVC2004_DB2_B/104_5.xyt
32,out/xyt/FVC2000_DB4_B/109_3.xyt,out/xyt/FVC2004_DB2_B/104_1.xyt
32,out/xyt/FVC2000_DB1_B/109_6.xyt,out/xyt/FVC2000_DB2_B/109_5.xyt
32,out/xyt/FVC2000_DB1_B/109_7.xyt,out/xyt/FVC2000_DB2_B/109_1.xyt
32,out/xyt/FVC2000_DB4_B/109_6.xyt,out/xyt/FVC2004_DB4_B/106_7.xyt
31,out/xyt/FVC2000_DB1_B/102_4.xyt,out/xyt/FVC2000_DB2_B/102_5.xyt
31,out/xyt/FVC2000_DB1_B/109_5.xyt,out/xyt/FVC2000_DB2_B/105_8.xyt
31,out/xyt/FVC2002_DB1_B/102_2.xyt,out/xyt/FVC2004_DB1_B/104_5.xyt
31,out/xyt/FVC2002_DB3_B/108_3.xyt,out/xyt/FVC2004_DB3_B/102_1.xyt
31,out/xyt/FVC2000_DB1_B/110_6.xyt,out/xyt/FVC2000_DB2_B/110_8.xyt
31,out/xyt/FVC2000_DB1_B/110_6.xyt,out/xyt/FVC2000_DB2_B/110_1.xyt
31,out/xyt/FVC2000_DB1_B/101_5.xyt,out/xyt/FVC2000_DB2_B/101_7.xyt
31,out/xyt/FVC2000_DB1_B/105_3.xyt,out/xyt/FVC2000_DB4_B/110_8.xyt
31,out/xyt/FVC2002_DB4_B/107_5.xyt,out/xyt/FVC2004_DB1_B/107_1.xyt
31,out/xyt/FVC2000_DB1_B/102_5.xyt,out/xyt/FVC2000_DB1_B/108_3.xyt
31,out/xyt/FVC2002_DB2_B/105_8.xyt,out/xyt/FVC2002_DB2_B/106_1.xyt
31,out/xyt/FVC2000_DB1_B/110_4.xyt,out/xyt/FVC2000_DB2_B/110_2.xyt
31,out/xyt/FVC2000_DB1_B/103_3.xyt,out/xyt/FVC2000_DB2_B/103_4.xyt
31,out/xyt/FVC2000_DB1_B/109_4.xyt,out/xyt/FVC2000_DB2_B/104_1.xyt
31,out/xyt/FVC2000_DB4_B/101_4.xyt,out/xyt/FVC2002_DB4_B/110_3.xyt
31,out/xyt/FVC2004_DB2_B/102_6.xyt,out/xyt/FVC2004_DB2_B/110_2.xyt
31,out/xyt/FVC2000_DB1_B/108_5.xyt,out/xyt/FVC2000_DB2_B/108_4.xyt
31,out/xyt/FVC2000_DB1_B/101_6.xyt,out/xyt/FVC2000_DB2_B/101_2.xyt
31,out/xyt/FVC2000_DB4_B/109_3.xyt,out/xyt/FVC2002_DB1_B/106_7.xyt
30,out/xyt/FVC2000_DB1_B/109_3.xyt,out/xyt/FVC2002_DB1_B/106_8.xyt
30,out/xyt/FVC2000_DB1_B/109_3.xyt,out/xyt/FVC2000_DB2_B/104_6.xyt
30,out/xyt/FVC2000_DB4_B/103_2.xyt,out/xyt/FVC2002_DB4_B/110_3.xyt
30,out/xyt/FVC2000_DB1_B/109_3.xyt,out/xyt/FVC2000_DB4_B/110_8.xyt
30,out/xyt/FVC2000_DB1_B/103_7.xyt,out/xyt/FVC2000_DB2_B/103_4.xyt
30,out/xyt/FVC2000_DB1_B/108_6.xyt,out/xyt/FVC2000_DB2_B/108_5.xyt
30,out/xyt/FVC2000_DB2_B/105_7.xyt,out/xyt/FVC2004_DB2_B/102_3.xyt
30,out/xyt/FVC2000_DB4_B/109_3.xyt,out/xyt/FVC2004_DB4_B/106_3.xyt
30,out/xyt/FVC2000_DB1_B/108_3.xyt,out/xyt/FVC2000_DB2_B/108_7.xyt
30,out/xyt/FVC2000_DB1_B/106_2.xyt,out/xyt/FVC2002_DB3_B/109_1.xyt
30,out/xyt/FVC2000_DB1_B/103_2.xyt,out/xyt/FVC2000_DB2_B/103_4.xyt
30,out/xyt/FVC2000_DB1_B/110_8.xyt,out/xyt/FVC2000_DB2_B/110_6.xyt
30,out/xyt/FVC2000_DB1_B/105_7.xyt,out/xyt/FVC2000_DB2_B/105_1.xyt
30,out/xyt/FVC2002_DB4_B/101_4.xyt,out/xyt/FVC2002_DB4_B/103_3.xyt
30,out/xyt/FVC2000_DB1_B/102_7.xyt,out/xyt/FVC2000_DB1_B/108_7.xyt
30,out/xyt/FVC2000_DB1_B/109_4.xyt,out/xyt/FVC2002_DB1_B/106_3.xyt
30,out/xyt/FVC2000_DB1_B/103_5.xyt,out/xyt/FVC2000_DB2_B/103_5.xyt
30,out/xyt/FVC2002_DB1_B/106_8.xyt,out/xyt/FVC2002_DB1_B/110_1.xyt
29,out/xyt/FVC2004_DB3_B/102_7.xyt,out/xyt/FVC2004_DB3_B/110_7.xyt
29,out/xyt/FVC2000_DB4_B/110_3.xyt,out/xyt/FVC2002_DB4_B/107_4.xyt
29,out/xyt/FVC2000_DB1_B/109_8.xyt,out/xyt/FVC2002_DB1_B/106_6.xyt
29,out/xyt/FVC2000_DB1_B/109_5.xyt,out/xyt/FVC2000_DB2_B/105_2.xyt
29,out/xyt/FVC2000_DB4_B/109_1.xyt,out/xyt/FVC2002_DB1_B/106_5.xyt
29,out/xyt/FVC2000_DB1_B/109_5.xyt,out/xyt/FVC2000_DB2_B/109_5.xyt
29,out/xyt/FVC2002_DB4_B/102_7.xyt,out/xyt/FVC2002_DB4_B/110_4.xyt
29,out/xyt/FVC2002_DB1_B/110_4.xyt,out/xyt/FVC2002_DB3_B/102_7.xyt
29,out/xyt/FVC2002_DB3_B/103_4.xyt,out/xyt/FVC2004_DB4_B/104_3.xyt
29,out/xyt/FVC2000_DB3_B/109_7.xyt,out/xyt/FVC2000_DB3_B/110_8.xyt
29,out/xyt/FVC2000_DB1_B/101_5.xyt,out/xyt/FVC2000_DB2_B/101_5.xyt
29,out/xyt/FVC2002_DB4_B/107_4.xyt,out/xyt/FVC2004_DB1_B/107_1.xyt
29,out/xyt/FVC2004_DB2_B/109_5.xyt,out/xyt/FVC2004_DB2_B/110_2.xyt
29,out/xyt/FVC2000_DB1_B/101_2.xyt,out/xyt/FVC2000_DB2_B/101_6.xyt
29,out/xyt/FVC2002_DB2_B/102_5.xyt,out/xyt/FVC2002_DB4_B/108_2.xyt
29,out/xyt/FVC2004_DB1_B/103_6.xyt,out/xyt/FVC2004_DB4_B/106_4.xyt
29,out/xyt/FVC2000_DB4_B/103_3.xyt,out/xyt/FVC2002_DB4_B/103_3.xyt
29,out/xyt/FVC2000_DB1_B/105_1.xyt,out/xyt/FVC2000_DB4_B/110_8.xyt
29,out/xyt/FVC2002_DB4_B/108_2.xyt,out/xyt/FVC2004_DB4_B/110_8.xyt
29,out/xyt/FVC2000_DB4_B/109_3.xyt,out/xyt/FVC2002_DB4_B/109_8.xyt
29,out/xyt/FVC2000_DB1_B/102_3.xyt,out/xyt/FVC2000_DB1_B/108_5.xyt
29,out/xyt/FVC2000_DB1_B/101_6.xyt,out/xyt/FVC2000_DB2_B/101_5.xyt
29,out/xyt/FVC2000_DB1_B/101_6.xyt,out/xyt/FVC2000_DB2_B/101_7.xyt
28,out/xyt/FVC2002_DB4_B/109_8.xyt,out/xyt/FVC2004_DB4_B/106_3.xyt
28,out/xyt/FVC2002_DB3_B/106_4.xyt,out/xyt/FVC2004_DB2_B/101_5.xyt
28,out/xyt/FVC2002_DB1_B/102_1.xyt,out/xyt/FVC2004_DB1_B/104_5.xyt
28,out/xyt/FVC2002_DB1_B/107_3.xyt,out/xyt/FVC2004_DB4_B/110_3.xyt
28,out/xyt/FVC2002_DB2_B/106_3.xyt,out/xyt/FVC2002_DB4_B/108_2.xyt
28,out/xyt/FVC2000_DB2_B/105_7.xyt,out/xyt/FVC2002_DB1_B/110_4.xyt
28,out/xyt/FVC2000_DB1_B/101_4.xyt,out/xyt/FVC2000_DB2_B/101_3.xyt
28,out/xyt/FVC2002_DB3_B/108_7.xyt,out/xyt/FVC2004_DB3_B/102_4.xyt
28,out/xyt/FVC2000_DB4_B/109_3.xyt,out/xyt/FVC2002_DB1_B/106_2.xyt
28,out/xyt/FVC2000_DB4_B/102_4.xyt,out/xyt/FVC2002_DB4_B/110_5.xyt
28,out/xyt/FVC2000_DB2_B/102_1.xyt,out/xyt/FVC2004_DB1_B/104_3.xyt
28,out/xyt/FVC2004_DB2_B/108_4.xyt,out/xyt/FVC2004_DB4_B/110_3.xyt
28,out/xyt/FVC2002_DB1_B/106_3.xyt,out/xyt/FVC2002_DB1_B/107_3.xyt
28,out/xyt/FVC2000_DB1_B/105_1.xyt,out/xyt/FVC2000_DB1_B/109_3.xyt
28,out/xyt/FVC2000_DB1_B/108_5.xyt,out/xyt/FVC2000_DB2_B/103_2.xyt
28,out/xyt/FVC2004_DB1_B/109_3.xyt,out/xyt/FVC2004_DB2_B/105_7.xyt
28,out/xyt/FVC2000_DB1_B/105_3.xyt,out/xyt/FVC2000_DB2_B/105_4.xyt
28,out/xyt/FVC2002_DB2_B/103_5.xyt,out/xyt/FVC2002_DB2_B/109_5.xyt
28,out/xyt/FVC2000_DB1_B/109_7.xyt,out/xyt/FVC2004_DB2_B/109_5.xyt
28,out/xyt/FVC2002_DB1_B/105_7.xyt,out/xyt/FVC2004_DB1_B/103_1.xyt
28,out/xyt/FVC2000_DB1_B/109_4.xyt,out/xyt/FVC2002_DB1_B/106_1.xyt
28,out/xyt/FVC2000_DB1_B/103_6.xyt,out/xyt/FVC2000_DB2_B/103_4.xyt
28,out/xyt/FVC2000_DB1_B/109_7.xyt,out/xyt/FVC2004_DB2_B/109_3.xyt
28,out/xyt/FVC2000_DB2_B/107_6.xyt,out/xyt/FVC2002_DB1_B/109_5.xyt
28,out/xyt/FVC2000_DB4_B/109_8.xyt,out/xyt/FVC2004_DB2_B/101_5.xyt
28,out/xyt/FVC2002_DB1_B/102_1.xyt,out/xyt/FVC2004_DB1_B/104_7.xyt
28,out/xyt/FVC2002_DB1_B/106_6.xyt,out/xyt/FVC2004_DB4_B/106_3.xyt
28,out/xyt/FVC2000_DB1_B/102_7.xyt,out/xyt/FVC2000_DB1_B/108_6.xyt
28,out/xyt/FVC2002_DB4_B/107_4.xyt,out/xyt/FVC2004_DB4_B/109_8.xyt
28,out/xyt/FVC2002_DB2_B/105_6.xyt,out/xyt/FVC2002_DB2_B/106_2.xyt
28,out/xyt/FVC2000_DB1_B/110_7.xyt,out/xyt/FVC2000_DB2_B/110_3.xyt
28,out/xyt/FVC2002_DB1_B/102_4.xyt,out/xyt/FVC2004_DB4_B/102_6.xyt
28,out/xyt/FVC2000_DB1_B/102_4.xyt,out/xyt/FVC2000_DB2_B/102_1.xyt
28,out/xyt/FVC2000_DB1_B/108_6.xyt,out/xyt/FVC2002_DB4_B/105_4.xyt
28,out/xyt/FVC2002_DB1_B/110_6.xyt,out/xyt/FVC2002_DB4_B/108_2.xyt
28,out/xyt/FVC2002_DB1_B/103_1.xyt,out/xyt/FVC2002_DB1_B/107_4.xyt
27,out/xyt/FVC2000_DB1_B/102_4.xyt,out/xyt/FVC2002_DB2_B/103_7.xyt
27,out/xyt/FVC2002_DB2_B/102_8.xyt,out/xyt/FVC2002_DB4_B/108_2.xyt
27,out/xyt/FVC2002_DB3_B/108_7.xyt,out/xyt/FVC2004_DB3_B/102_5.xyt
27,out/xyt/FVC2002_DB4_B/108_6.xyt,out/xyt/FVC2004_DB4_B/110_6.xyt
27,out/xyt/FVC2000_DB1_B/109_5.xyt,out/xyt/FVC2000_DB2_B/105_3.xyt
27,out/xyt/FVC2002_DB2_B/105_8.xyt,out/xyt/FVC2002_DB2_B/106_5.xyt
27,out/xyt/FVC2002_DB4_B/107_2.xyt,out/xyt/FVC2004_DB4_B/109_5.xyt
27,out/xyt/FVC2000_DB4_B/109_2.xyt,out/xyt/FVC2002_DB1_B/106_3.xyt
27,out/xyt/FVC2000_DB1_B/109_7.xyt,out/xyt/FVC2000_DB2_B/109_3.xyt
27,out/xyt/FVC2000_DB4_B/106_7.xyt,out/xyt/FVC2000_DB4_B/109_6.xyt
27,out/xyt/FVC2000_DB2_B/105_7.xyt,out/xyt/FVC2004_DB2_B/102_1.xyt
27,out/xyt/FVC2002_DB2_B/105_6.xyt,out/xyt/FVC2002_DB2_B/106_3.xyt
27,out/xyt/FVC2000_DB4_B/110_8.xyt,out/xyt/FVC2004_DB4_B/109_8.xyt
27,out/xyt/FVC2000_DB1_B/106_8.xyt,out/xyt/FVC2002_DB1_B/109_3.xyt
27,out/xyt/FVC2000_DB4_B/110_8.xyt,out/xyt/FVC2004_DB4_B/109_5.xyt
27,out/xyt/FVC2000_DB4_B/108_3.xyt,out/xyt/FVC2002_DB4_B/110_1.xyt
27,out/xyt/FVC2000_DB1_B/101_8.xyt,out/xyt/FVC2000_DB2_B/101_5.xyt
27,out/xyt/FVC2000_DB1_B/106_2.xyt,out/xyt/FVC2004_DB2_B/103_1.xyt
27,out/xyt/FVC2002_DB2_B/108_8.xyt,out/xyt/FVC2004_DB4_B/106_7.xyt
27,out/xyt/FVC2002_DB4_B/107_4.xyt,out/xyt/FVC2004_DB4_B/109_5.xyt
27,out/xyt/FVC2004_DB3_B/102_7.xyt,out/xyt/FVC2004_DB3_B/104_4.xyt
27,out/xyt/FVC2004_DB1_B/104_5.xyt,out/xyt/FVC2004_DB1_B/108_4.xyt
27,out/xyt/FVC2002_DB3_B/102_4.xyt,out/xyt/FVC2004_DB1_B/110_5.xyt
27,out/xyt/FVC2004_DB2_B/109_6.xyt,out/xyt/FVC2004_DB2_B/110_2.xyt
27,out/xyt/FVC2002_DB2_B/108_1.xyt,out/xyt/FVC2002_DB4_B/103_5.xyt
27,out/xyt/FVC2000_DB4_B/109_3.xyt,out/xyt/FVC2002_DB1_B/106_3.xyt
27,out/xyt/FVC2002_DB1_B/105_7.xyt,out/xyt/FVC2002_DB1_B/109_7.xyt
27,out/xyt/FVC2000_DB4_B/105_7.xyt,out/xyt/FVC2002_DB4_B/103_4.xyt
27,out/xyt/FVC2002_DB3_B/104_3.xyt,out/xyt/FVC2002_DB3_B/109_2.xyt
27,out/xyt/FVC2000_DB1_B/106_3.xyt,out/xyt/FVC2002_DB1_B/109_5.xyt
27,out/xyt/FVC2000_DB4_B/101_4.xyt,out/xyt/FVC2002_DB4_B/101_4.xyt
27,out/xyt/FVC2000_DB1_B/109_6.xyt,out/xyt/FVC2000_DB2_B/109_2.xyt
27,out/xyt/FVC2000_DB1_B/102_5.xyt,out/xyt/FVC2000_DB1_B/108_8.xyt
27,out/xyt/FVC2000_DB1_B/109_4.xyt,out/xyt/FVC2000_DB4_B/109_3.xyt
27,out/xyt/FVC2000_DB1_B/109_3.xyt,out/xyt/FVC2002_DB1_B/107_2.xyt
27,out/xyt/FVC2000_DB4_B/109_3.xyt,out/xyt/FVC2002_DB4_B/109_3.xyt
27,out/xyt/FVC2000_DB4_B/109_5.xyt,out/xyt/FVC2002_DB1_B/106_6.xyt
27,out/xyt/FVC2002_DB1_B/102_1.xyt,out/xyt/FVC2004_DB1_B/104_1.xyt
27,out/xyt/FVC2000_DB3_B/109_5.xyt,out/xyt/FVC2002_DB4_B/103_8.xyt
27,out/xyt/FVC2000_DB4_B/109_6.xyt,out/xyt/FVC2004_DB4_B/108_5.xyt
27,out/xyt/FVC2002_DB1_B/102_1.xyt,out/xyt/FVC2002_DB1_B/105_3.xyt
27,out/xyt/FVC2002_DB2_B/109_3.xyt,out/xyt/FVC2004_DB1_B/103_1.xyt
27,out/xyt/FVC2000_DB4_B/102_2.xyt,out/xyt/FVC2002_DB2_B/103_1.xyt
27,out/xyt/FVC2002_DB1_B/105_7.xyt,out/xyt/FVC2002_DB2_B/103_6.xyt
27,out/xyt/FVC2000_DB1_B/110_5.xyt,out/xyt/FVC2000_DB2_B/110_6.xyt
27,out/xyt/FVC2000_DB1_B/109_4.xyt,out/xyt/FVC2002_DB4_B/110_6.xyt
27,out/xyt/FVC2004_DB2_B/105_4.xyt,out/xyt/FVC2004_DB4_B/108_5.xyt
27,out/xyt/FVC2002_DB1_B/110_2.xyt,out/xyt/FVC2002_DB4_B/108_2.xyt
27,out/xyt/FVC2002_DB1_B/105_2.xyt,out/xyt/FVC2004_DB2_B/108_4.xyt
27,out/xyt/FVC2002_DB1_B/110_2.xyt,out/xyt/FVC2004_DB4_B/106_7.xyt
27,out/xyt/FVC2000_DB2_B/105_7.xyt,out/xyt/FVC2002_DB1_B/106_6.xyt
27,out/xyt/FVC2002_DB2_B/102_5.xyt,out/xyt/FVC2002_DB2_B/106_3.xyt
27,out/xyt/FVC2000_DB1_B/109_7.xyt,out/xyt/FVC2004_DB2_B/109_1.xyt
27,out/xyt/FVC2000_DB1_B/109_4.xyt,out/xyt/FVC2002_DB1_B/106_8.xyt
27,out/xyt/FVC2002_DB1_B/110_8.xyt,out/xyt/FVC2002_DB3_B/102_4.xyt
27,out/xyt/FVC2000_DB1_B/110_4.xyt,out/xyt/FVC2000_DB2_B/110_5.xyt
27,out/xyt/FVC2000_DB4_B/109_5.xyt,out/xyt/FVC2002_DB1_B/106_8.xyt
27,out/xyt/FVC2000_DB1_B/108_6.xyt,out/xyt/FVC2000_DB2_B/108_6.xyt
27,out/xyt/FVC2000_DB4_B/109_3.xyt,out/xyt/FVC2002_DB1_B/102_7.xyt
27,out/xyt/FVC2000_DB1_B/101_6.xyt,out/xyt/FVC2000_DB2_B/101_6.xyt
27,out/xyt/FVC2000_DB4_B/109_6.xyt,out/xyt/FVC2002_DB4_B/109_3.xyt
27,out/xyt/FVC2002_DB1_B/106_3.xyt,out/xyt/FVC2002_DB4_B/103_8.xyt
26,out/xyt/FVC2000_DB1_B/109_7.xyt,out/xyt/FVC2000_DB2_B/105_7.xyt
26,out/xyt/FVC2004_DB1_B/104_1.xyt,out/xyt/FVC2004_DB2_B/108_1.xyt
26,out/xyt/FVC2000_DB1_B/109_7.xyt,out/xyt/FVC2002_DB1_B/106_6.xyt
26,out/xyt/FVC2002_DB1_B/107_1.xyt,out/xyt/FVC2002_DB2_B/108_1.xyt
26,out/xyt/FVC2000_DB4_B/109_3.xyt,out/xyt/FVC2002_DB1_B/106_5.xyt
26,out/xyt/FVC2002_DB1_B/110_1.xyt,out/xyt/FVC2004_DB1_B/102_8.xyt
26,out/xyt/FVC2000_DB4_B/101_7.xyt,out/xyt/FVC2000_DB4_B/110_8.xyt
26,out/xyt/FVC2000_DB4_B/109_6.xyt,out/xyt/FVC2004_DB1_B/107_1.xyt
26,out/xyt/FVC2002_DB1_B/106_8.xyt,out/xyt/FVC2004_DB4_B/106_7.xyt
26,out/xyt/FVC2000_DB4_B/109_7.xyt,out/xyt/FVC2002_DB1_B/106_5.xyt
26,out/xyt/FVC2000_DB1_B/101_4.xyt,out/xyt/FVC2000_DB2_B/101_6.xyt
26,out/xyt/FVC2000_DB4_B/110_6.xyt,out/xyt/FVC2002_DB4_B/105_7.xyt
26,out/xyt/FVC2000_DB4_B/109_3.xyt,out/xyt/FVC2002_DB1_B/102_4.xyt
26,out/xyt/FVC2000_DB1_B/109_7.xyt,out/xyt/FVC2002_DB1_B/107_1.xyt
26,out/xyt/FVC2002_DB4_B/108_6.xyt,out/xyt/FVC2004_DB4_B/110_1.xyt
26,out/xyt/FVC2002_DB1_B/102_6.xyt,out/xyt/FVC2004_DB4_B/106_4.xyt
26,out/xyt/FVC2000_DB1_B/109_7.xyt,out/xyt/FVC2002_DB1_B/107_5.xyt
26,out/xyt/FVC2000_DB2_B/104_2.xyt,out/xyt/FVC2002_DB4_B/102_7.xyt
26,out/xyt/FVC2000_DB1_B/107_6.xyt,out/xyt/FVC2000_DB3_B/110_6.xyt
26,out/xyt/FVC2004_DB2_B/108_2.xyt,out/xyt/FVC2004_DB3_B/107_2.xyt
26,out/xyt/FVC2000_DB1_B/109_8.xyt,out/xyt/FVC2000_DB2_B/105_8.xyt
26,out/xyt/FVC2000_DB1_B/106_8.xyt,out/xyt/FVC2002_DB1_B/109_4.xyt
26,out/xyt/FVC2000_DB4_B/109_5.xyt,out/xyt/FVC2004_DB4_B/106_8.xyt
26,out/xyt/FVC2000_DB4_B/101_7.xyt,out/xyt/FVC2000_DB4_B/110_3.xyt
26,out/xyt/FVC2000_DB1_B/109_3.xyt,out/xyt/FVC2000_DB2_B/104_1.xyt
26,out/xyt/FVC2000_DB4_B/103_5.xyt,out/xyt/FVC2002_DB4_B/110_1.xyt
26,out/xyt/FVC2000_DB2_B/104_2.xyt,out/xyt/FVC2002_DB1_B/106_8.xyt
26,out/xyt/FVC2004_DB3_B/102_2.xyt,out/xyt/FVC2004_DB4_B/101_4.xyt
26,out/xyt/FVC2000_DB4_B/110_5.xyt,out/xyt/FVC2002_DB4_B/105_4.xyt
26,out/xyt/FVC2000_DB2_B/104_1.xyt,out/xyt/FVC2002_DB2_B/105_8.xyt
26,out/xyt/FVC2000_DB1_B/109_8.xyt,out/xyt/FVC2000_DB2_B/109_8.xyt
26,out/xyt/FVC2002_DB4_B/101_4.xyt,out/xyt/FVC2004_DB4_B/104_3.xyt
26,out/xyt/FVC2002_DB4_B/103_8.xyt,out/xyt/FVC2004_DB4_B/106_4.xyt
26,out/xyt/FVC2000_DB1_B/109_6.xyt,out/xyt/FVC2000_DB2_B/109_1.xyt
26,out/xyt/FVC2000_DB1_B/101_5.xyt,out/xyt/FVC2000_DB2_B/101_1.xyt
26,out/xyt/FVC2002_DB1_B/109_7.xyt,out/xyt/FVC2002_DB4_B/105_5.xyt
26,out/xyt/FVC2000_DB2_B/104_2.xyt,out/xyt/FVC2002_DB1_B/106_2.xyt
26,out/xyt/FVC2002_DB4_B/103_8.xyt,out/xyt/FVC2004_DB1_B/104_7.xyt
26,out/xyt/FVC2000_DB4_B/102_2.xyt,out/xyt/FVC2002_DB2_B/103_5.xyt
26,out/xyt/FVC2000_DB2_B/110_8.xyt,out/xyt/FVC2004_DB1_B/105_6.xyt
26,out/xyt/FVC2000_DB4_B/109_3.xyt,out/xyt/FVC2002_DB4_B/109_1.xyt
26,out/xyt/FVC2000_DB2_B/105_7.xyt,out/xyt/FVC2002_DB1_B/110_1.xyt
26,out/xyt/FVC2000_DB4_B/109_8.xyt,out/xyt/FVC2002_DB1_B/106_8.xyt
26,out/xyt/FVC2000_DB4_B/109_6.xyt,out/xyt/FVC2002_DB1_B/106_8.xyt
26,out/xyt/FVC2002_DB4_B/103_5.xyt,out/xyt/FVC2004_DB4_B/106_7.xyt
26,out/xyt/FVC2002_DB4_B/107_5.xyt,out/xyt/FVC2004_DB1_B/107_2.xyt
26,out/xyt/FVC2002_DB1_B/109_7.xyt,out/xyt/FVC2004_DB1_B/108_4.xyt
26,out/xyt/FVC2000_DB4_B/109_8.xyt,out/xyt/FVC2002_DB1_B/106_5.xyt
26,out/xyt/FVC2002_DB4_B/103_8.xyt,out/xyt/FVC2004_DB4_B/106_7.xyt
26,out/xyt/FVC2002_DB4_B/102_4.xyt,out/xyt/FVC2002_DB4_B/110_2.xyt
26,out/xyt/FVC2000_DB1_B/109_3.xyt,out/xyt/FVC2004_DB4_B/109_5.xyt
26,out/xyt/FVC2002_DB2_B/106_5.xyt,out/xyt/FVC2002_DB4_B/108_2.xyt
26,out/xyt/FVC2002_DB3_B/108_2.xyt,out/xyt/FVC2004_DB3_B/102_2.xyt
26,out/xyt/FVC2004_DB2_B/109_3.xyt,out/xyt/FVC2004_DB2_B/110_2.xyt
26,out/xyt/FVC2000_DB4_B/110_1.xyt,out/xyt/FVC2002_DB4_B/105_7.xyt
26,out/xyt/FVC2000_DB4_B/109_6.xyt,out/xyt/FVC2002_DB4_B/103_5.xyt
26,out/xyt/FVC2000_DB2_B/104_3.xyt,out/xyt/FVC2002_DB2_B/105_8.xyt
26,out/xyt/FVC2000_DB4_B/110_3.xyt,out/xyt/FVC2002_DB4_B/107_5.xyt
26,out/xyt/FVC2002_DB3_B/109_4.xyt,out/xyt/FVC2004_DB1_B/107_2.xyt
26,out/xyt/FVC2000_DB4_B/109_6.xyt,out/xyt/FVC2004_DB4_B/108_8.xyt
26,out/xyt/FVC2002_DB2_B/107_4.xyt,out/xyt/FVC2004_DB1_B/104_1.xyt
26,out/xyt/FVC2000_DB1_B/102_3.xyt,out/xyt/FVC2000_DB1_B/108_6.xyt
26,out/xyt/FVC2000_DB1_B/101_6.xyt,out/xyt/FVC2000_DB2_B/101_1.xyt
26,out/xyt/FVC2000_DB4_B/103_7.xyt,out/xyt/FVC2002_DB4_B/103_3.xyt
26,out/xyt/FVC2000_DB1_B/109_5.xyt,out/xyt/FVC2004_DB1_B/102_5.xyt
26,out/xyt/FVC2000_DB1_B/106_3.xyt,out/xyt/FVC2002_DB1_B/109_1.xyt
26,out/xyt/FVC2000_DB1_B/106_6.xyt,out/xyt/FVC2004_DB2_B/103_1.xyt
26,out/xyt/FVC2002_DB1_B/106_8.xyt,out/xyt/FVC2002_DB4_B/108_6.xyt
26,out/xyt/FVC2002_DB3_B/105_4.xyt,out/xyt/FVC2004_DB2_B/110_4.xyt
26,out/xyt/FVC2004_DB4_B/108_8.xyt,out/xyt/FVC2004_DB4_B/110_7.xyt
25,out/xyt/FVC2004_DB1_B/104_7.xyt,out/xyt/FVC2004_DB3_B/107_8.xyt
25,out/xyt/FVC2002_DB4_B/108_2.xyt,out/xyt/FVC2004_DB4_B/110_3.xyt
25,out/xyt/FVC2000_DB1_B/105_6.xyt,out/xyt/FVC2000_DB1_B/109_5.xyt
25,out/xyt/FVC2000_DB1_B/110_7.xyt,out/xyt/FVC2000_DB2_B/110_6.xyt
25,out/xyt/FVC2000_DB1_B/102_8.xyt,out/xyt/FVC2002_DB1_B/104_8.xyt
25,out/xyt/FVC2000_DB1_B/105_3.xyt,out/xyt/FVC2002_DB4_B/108_6.xyt
25,out/xyt/FVC2000_DB1_B/110_8.xyt,out/xyt/FVC2000_DB2_B/110_5.xyt
25,out/xyt/FVC2002_DB4_B/105_7.xyt,out/xyt/FVC2002_DB4_B/109_8.xyt
25,out/xyt/FVC2002_DB2_B/109_3.xyt,out/xyt/FVC2004_DB1_B/103_6.xyt
25,out/xyt/FVC2002_DB4_B/108_2.xyt,out/xyt/FVC2004_DB3_B/105_3.xyt
25,out/xyt/FVC2002_DB2_B/103_2.xyt,out/xyt/FVC2004_DB4_B/110_1.xyt
25,out/xyt/FVC2004_DB1_B/102_8.xyt,out/xyt/FVC2004_DB4_B/106_7.xyt
25,out/xyt/FVC2000_DB4_B/110_8.xyt,out/xyt/FVC2002_DB1_B/104_4.xyt
25,out/xyt/FVC2000_DB1_B/109_4.xyt,out/xyt/FVC2004_DB2_B/109_5.xyt
25,out/xyt/FVC2002_DB4_B/103_4.xyt,out/xyt/FVC2004_DB4_B/103_5.xyt
25,out/xyt/FVC2000_DB1_B/102_5.xyt,out/xyt/FVC2004_DB2_B/103_1.xyt
25,out/xyt/FVC2000_DB3_B/108_8.xyt,out/xyt/FVC2004_DB1_B/107_8.xyt
25,out/xyt/FVC2002_DB1_B/106_5.xyt,out/xyt/FVC2004_DB2_B/109_5.xyt
25,out/xyt/FVC2002_DB1_B/102_4.xyt,out/xyt/FVC2004_DB1_B/104_1.xyt
25,out/xyt/FVC2000_DB4_B/110_3.xyt,out/xyt/FVC2004_DB4_B/103_4.xyt
25,out/xyt/FVC2002_DB2_B/103_2.xyt,out/xyt/FVC2002_DB2_B/109_1.xyt
25,out/xyt/FVC2000_DB2_B/102_6.xyt,out/xyt/FVC2004_DB2_B/108_3.xyt
25,out/xyt/FVC2002_DB2_B/109_5.xyt,out/xyt/FVC2004_DB4_B/110_6.xyt
25,out/xyt/FVC2002_DB2_B/105_8.xyt,out/xyt/FVC2002_DB2_B/106_2.xyt
25,out/xyt/FVC2002_DB1_B/105_6.xyt,out/xyt/FVC2002_DB4_B/103_3.xyt
25,out/xyt/FVC2000_DB2_B/107_6.xyt,out/xyt/FVC2002_DB1_B/110_1.xyt
25,out/xyt/FVC2002_DB4_B/102_7.xyt,out/xyt/FVC2004_DB4_B/110_6.xyt
25,out/xyt/FVC2002_DB1_B/102_7.xyt,out/xyt/FVC2002_DB1_B/109_1.xyt
25,out/xyt/FVC2000_DB1_B/109_5.xyt,out/xyt/FVC2002_DB3_B/108_7.xyt
25,out/xyt/FVC2002_DB1_B/102_1.xyt,out/xyt/FVC2004_DB1_B/103_4.xyt
25,out/xyt/FVC2000_DB4_B/109_1.xyt,out/xyt/FVC2002_DB4_B/103_1.xyt
25,out/xyt/FVC2000_DB1_B/105_1.xyt,out/xyt/FVC2000_DB2_B/105_8.xyt
25,out/xyt/FVC2002_DB4_B/102_1.xyt,out/xyt/FVC2002_DB4_B/110_7.xyt
25,out/xyt/FVC2002_DB2_B/101_4.xyt,out/xyt/FVC2002_DB3_B/109_8.xyt
25,out/xyt/FVC2002_DB1_B/102_1.xyt,out/xyt/FVC2004_DB4_B/106_7.xyt
25,out/xyt/FVC2000_DB2_B/109_1.xyt,out/xyt/FVC2004_DB2_B/107_1.xyt
25,out/xyt/FVC2000_DB1_B/108_7.xyt,out/xyt/FVC2000_DB2_B/106_1.xyt
25,out/xyt/FVC2000_DB4_B/108_6.xyt,out/xyt/FVC2002_DB4_B/102_5.xyt
25,out/xyt/FVC2000_DB1_B/109_3.xyt,out/xyt/FVC2002_DB4_B/102_7.xyt
25,out/xyt/FVC2004_DB1_B/103_3.xyt,out/xyt/FVC2004_DB1_B/107_5.xyt
25,out/xyt/FVC2002_DB1_B/105_1.xyt,out/xyt/FVC2004_DB1_B/104_5.xyt
25,out/xyt/FVC2000_DB3_B/104_3.xyt,out/xyt/FVC2004_DB4_B/101_5.xyt
25,out/xyt/FVC2000_DB1_B/105_5.xyt,out/xyt/FVC2000_DB2_B/105_5.xyt
25,out/xyt/FVC2000_DB1_B/101_8.xyt,out/xyt/FVC2000_DB2_B/101_3.xyt
25,out/xyt/FVC2002_DB1_B/106_8.xyt,out/xyt/FVC2004_DB3_B/105_2.xyt
25,out/xyt/FVC2002_DB1_B/102_4.xyt,out/xyt/FVC2004_DB1_B/104_5.xyt
25,out/xyt/FVC2002_DB4_B/108_2.xyt,out/xyt/FVC2004_DB4_B/108_8.xyt
25,out/xyt/FVC2000_DB1_B/106_8.xyt,out/xyt/FVC2002_DB1_B/109_7.xyt
25,out/xyt/FVC2002_DB1_B/101_6.xyt,out/xyt/FVC2002_DB1_B/110_7.xyt
25,out/xyt/FVC2000_DB4_B/110_3.xyt,out/xyt/FVC2004_DB1_B/107_1.xyt
25,out/xyt/FVC2000_DB1_B/109_3.xyt,out/xyt/FVC2000_DB4_B/101_7.xyt
25,out/xyt/FVC2002_DB2_B/108_4.xyt,out/xyt/FVC2004_DB4_B/105_8.xyt
25,out/xyt/FVC2002_DB4_B/105_8.xyt,out/xyt/FVC2004_DB4_B/103_4.xyt
25,out/xyt/FVC2000_DB1_B/105_5.xyt,out/xyt/FVC2000_DB2_B/105_7.xyt
25,out/xyt/FVC2002_DB1_B/105_6.xyt,out/xyt/FVC2004_DB2_B/108_1.xyt
25,out/xyt/FVC2002_DB3_B/104_1.xyt,out/xyt/FVC2004_DB2_B/103_7.xyt
25,out/xyt/FVC2000_DB1_B/108_8.xyt,out/xyt/FVC2000_DB2_B/108_5.xyt
25,out/xyt/FVC2000_DB2_B/110_5.xyt,out/xyt/FVC2004_DB1_B/105_7.xyt
25,out/xyt/FVC2002_DB2_B/108_2.xyt,out/xyt/FVC2002_DB4_B/103_5.xyt
25,out/xyt/FVC2000_DB1_B/109_4.xyt,out/xyt/FVC2004_DB2_B/109_1.xyt
25,out/xyt/FVC2000_DB4_B/110_1.xyt,out/xyt/FVC2002_DB4_B/105_3.xyt
25,out/xyt/FVC2002_DB1_B/107_4.xyt,out/xyt/FVC2004_DB2_B/110_4.xyt
25,out/xyt/FVC2002_DB2_B/103_8.xyt,out/xyt/FVC2002_DB3_B/103_2.xyt
25,out/xyt/FVC2004_DB2_B/108_4.xyt,out/xyt/FVC2004_DB4_B/110_7.xyt
25,out/xyt/FVC2002_DB1_B/110_6.xyt,out/xyt/FVC2002_DB4_B/108_6.xyt
25,out/xyt/FVC2000_DB1_B/101_5.xyt,out/xyt/FVC2000_DB2_B/101_3.xyt
25,out/xyt/FVC2002_DB2_B/110_6.xyt,out/xyt/FVC2002_DB3_B/109_7.xyt
25,out/xyt/FVC2002_DB2_B/103_7.xyt,out/xyt/FVC2002_DB2_B/109_1.xyt
25,out/xyt/FVC2000_DB1_B/109_3.xyt,out/xyt/FVC2004_DB4_B/102_6.xyt
25,out/xyt/FVC2000_DB4_B/103_6.xyt,out/xyt/FVC2002_DB4_B/103_4.xyt
25,out/xyt/FVC2000_DB1_B/102_3.xyt,out/xyt/FVC2004_DB2_B/103_3.xyt
25,out/xyt/FVC2002_DB3_B/108_2.xyt,out/xyt/FVC2004_DB3_B/102_5.xyt
25,out/xyt/FVC2000_DB2_B/109_5.xyt,out/xyt/FVC2000_DB4_B/109_3.xyt
25,out/xyt/FVC2000_DB2_B/105_8.xyt,out/xyt/FVC2000_DB2_B/109_1.xyt
25,out/xyt/FVC2000_DB1_B/102_5.xyt,out/xyt/FVC2000_DB1_B/108_5.xyt
25,out/xyt/FVC2000_DB4_B/109_6.xyt,out/xyt/FVC2004_DB4_B/106_8.xyt
25,out/xyt/FVC2002_DB1_B/106_7.xyt,out/xyt/FVC2004_DB1_B/101_5.xyt
25,out/xyt/FVC2002_DB4_B/101_4.xyt,out/xyt/FVC2002_DB4_B/103_5.xyt
25,out/xyt/FVC2002_DB2_B/105_8.xyt,out/xyt/FVC2002_DB2_B/106_7.xyt
25,out/xyt/FVC2000_DB1_B/101_2.xyt,out/xyt/FVC2000_DB2_B/101_7.xyt
25,out/xyt/FVC2000_DB1_B/101_2.xyt,out/xyt/FVC2000_DB2_B/101_8.xyt
25,out/xyt/FVC2000_DB1_B/106_2.xyt,out/xyt/FVC2002_DB4_B/108_2.xyt
25,out/xyt/FVC2000_DB2_B/104_5.xyt,out/xyt/FVC2002_DB2_B/106_1.xyt
25,out/xyt/FVC2002_DB4_B/103_8.xyt,out/xyt/FVC2004_DB4_B/105_8.xyt
25,out/xyt/FVC2000_DB1_B/102_8.xyt,out/xyt/FVC2004_DB4_B/110_1.xyt
25,out/xyt/FVC2002_DB3_B/101_4.xyt,out/xyt/FVC2002_DB3_B/109_1.xyt
25,out/xyt/FVC2004_DB2_B/103_1.xyt,out/xyt/FVC2004_DB2_B/104_1.xyt
25,out/xyt/FVC2002_DB1_B/105_1.xyt,out/xyt/FVC2004_DB1_B/104_1.xyt
25,out/xyt/FVC2002_DB4_B/108_2.xyt,out/xyt/FVC2004_DB4_B/110_1.xyt
25,out/xyt/FVC2004_DB1_B/103_8.xyt,out/xyt/FVC2004_DB2_B/108_3.xyt
25,out/xyt/FVC2000_DB1_B/105_3.xyt,out/xyt/FVC2002_DB2_B/109_5.xyt
25,out/xyt/FVC2002_DB4_B/101_4.xyt,out/xyt/FVC2002_DB4_B/103_4.xyt
25,out/xyt/FVC2002_DB1_B/107_7.xyt,out/xyt/FVC2002_DB2_B/108_3.xyt
25,out/xyt/FVC2000_DB4_B/109_3.xyt,out/xyt/FVC2002_DB1_B/102_2.xyt
25,out/xyt/FVC2000_DB2_B/102_2.xyt,out/xyt/FVC2004_DB2_B/108_3.xyt
25,out/xyt/FVC2004_DB3_B/102_6.xyt,out/xyt/FVC2004_DB3_B/110_7.xyt
25,out/xyt/FVC2000_DB1_B/109_5.xyt,out/xyt/FVC2002_DB1_B/107_6.xyt
25,out/xyt/FVC2004_DB2_B/109_1.xyt,out/xyt/FVC2004_DB3_B/105_3.xyt
25,out/xyt/FVC2000_DB4_B/109_5.xyt,out/xyt/FVC2002_DB1_B/106_7.xyt
25,out/xyt/FVC2000_DB1_B/109_3.xyt,out/xyt/FVC2002_DB1_B/106_3.xyt
25,out/xyt/FVC2002_DB1_B/102_2.xyt,out/xyt/FVC2004_DB1_B/103_1.xyt
25,out/xyt/FVC2000_DB1_B/105_8.xyt,out/xyt/FVC2004_DB2_B/102_1.xyt
25,out/xyt/FVC2000_DB1_B/110_7.xyt,out/xyt/FVC2000_DB2_B/110_2.xyt
25,out/xyt/FVC2000_DB2_B/107_5.xyt,out/xyt/FVC2002_DB1_B/109_5.xyt
25,out/xyt/FVC2002_DB2_B/108_1.xyt,out/xyt/FVC2002_DB4_B/103_3.xyt
25,out/xyt/FVC2002_DB1_B/102_2.xyt,out/xyt/FVC2004_DB1_B/104_1.xyt
24,out/xyt/FVC2000_DB3_B/105_4.xyt,out/xyt/FVC2004_DB2_B/107_1.xyt
24,out/xyt/FVC2002_DB1_B/106_5.xyt,out/xyt/FVC2004_DB4_B/106_3.xyt
24,out/xyt/FVC2000_DB4_B/109_5.xyt,out/xyt/FVC2004_DB4_B/106_3.xyt
24,out/xyt/FVC2002_DB4_B/102_2.xyt,out/xyt/FVC2002_DB4_B/105_4.xyt
24,out/xyt/FVC2000_DB2_B/103_2.xyt,out/xyt/FVC2004_DB2_B/104_5.xyt
24,out/xyt/FVC2000_DB4_B/109_6.xyt,out/xyt/FVC2002_DB2_B/108_2.xyt
24,out/xyt/FVC2002_DB3_B/103_2.xyt,out/xyt/FVC2004_DB2_B/108_3.xyt
24,out/xyt/FVC2000_DB4_B/102_5.xyt,out/xyt/FVC2002_DB4_B/102_4.xyt
24,out/xyt/FVC2002_DB1_B/107_2.xyt,out/xyt/FVC2002_DB2_B/105_7.xyt
24,out/xyt/FVC2002_DB1_B/104_4.xyt,out/xyt/FVC2004_DB2_B/104_5.xyt
24,out/xyt/FVC2000_DB1_B/108_8.xyt,out/xyt/FVC2002_DB4_B/105_8.xyt
24,out/xyt/FVC2000_DB4_B/102_8.xyt,out/xyt/FVC2004_DB2_B/105_6.xyt
24,out/xyt/FVC2000_DB1_B/104_3.xyt,out/xyt/FVC2002_DB2_B/106_3.xyt
24,out/xyt/FVC2000_DB1_B/107_4.xyt,out/xyt/FVC2002_DB2_B/110_6.xyt
24,out/xyt/FVC2002_DB2_B/108_8.xyt,out/xyt/FVC2002_DB4_B/103_4.xyt
24,out/xyt/FVC2000_DB1_B/109_3.xyt,out/xyt/FVC2004_DB1_B/103_6.xyt
24,out/xyt/FVC2000_DB4_B/109_1.xyt,out/xyt/FVC2002_DB1_B/106_8.xyt
24,out/xyt/FVC2002_DB1_B/105_1.xyt,out/xyt/FVC2002_DB2_B/103_7.xyt
24,out/xyt/FVC2002_DB3_B/109_5.xyt,out/xyt/FVC2004_DB4_B/104_3.xyt
24,out/xyt/FVC2000_DB1_B/106_3.xyt,out/xyt/FVC2000_DB1_B/108_7.xyt
24,out/xyt/FVC2000_DB2_B/107_8.xyt,out/xyt/FVC2002_DB1_B/110_1.xyt
24,out/xyt/FVC2002_DB1_B/101_6.xyt,out/xyt/FVC2002_DB1_B/110_4.xyt
24,out/xyt/FVC2000_DB2_B/104_2.xyt,out/xyt/FVC2002_DB4_B/107_2.xyt
24,out/xyt/FVC2000_DB1_B/109_7.xyt,out/xyt/FVC2002_DB1_B/107_4.xyt
24,out/xyt/FVC2000_DB1_B/101_4.xyt,out/xyt/FVC2000_DB2_B/101_4.xyt
24,out/xyt/FVC2000_DB4_B/109_6.xyt,out/xyt/FVC2002_DB1_B/102_7.xyt
24,out/xyt/FVC2000_DB1_B/109_4.xyt,out/xyt/FVC2002_DB4_B/109_5.xyt
24,out/xyt/FVC2002_DB2_B/108_3.xyt,out/xyt/FVC2002_DB4_B/103_4.xyt
24,out/xyt/FVC2000_DB1_B/102_6.xyt,out/xyt/FVC2002_DB4_B/108_2.xyt
24,out/xyt/FVC2000_DB1_B/109_3.xyt,out/xyt/FVC2002_DB1_B/107_4.xyt
24,out/xyt/FVC2000_DB1_B/109_4.xyt,out/xyt/FVC2002_DB2_B/108_4.xyt
24,out/xyt/FVC2000_DB4_B/108_6.xyt,out/xyt/FVC2002_DB4_B/102_4.xyt
24,out/xyt/FVC2002_DB4_B/101_8.xyt,out/xyt/FVC2002_DB4_B/102_8.xyt
24,out/xyt/FVC2002_DB3_B/104_1.xyt,out/xyt/FVC2002_DB3_B/109_1.xyt
24,out/xyt/FVC2000_DB2_B/107_3.xyt,out/xyt/FVC2002_DB4_B/108_1.xyt
24,out/xyt/FVC2002_DB4_B/102_2.xyt,out/xyt/FVC2004_DB4_B/104_3.xyt
24,out/xyt/FVC2002_DB1_B/106_3.xyt,out/xyt/FVC2004_DB4_B/106_7.xyt
24,out/xyt/FVC2000_DB1_B/109_7.xyt,out/xyt/FVC2002_DB1_B/107_7.xyt
24,out/xyt/FVC2002_DB1_B/102_2.xyt,out/xyt/FVC2002_DB2_B/109_3.xyt
24,out/xyt/FVC2000_DB2_B/107_6.xyt,out/xyt/FVC2002_DB1_B/110_2.xyt
24,out/xyt/FVC2002_DB1_B/110_3.xyt,out/xyt/FVC2004_DB1_B/102_8.xyt
24,out/xyt/FVC2004_DB4_B/108_5.xyt,out/xyt/FVC2004_DB4_B/110_1.xyt
24,out/xyt/FVC2000_DB1_B/106_3.xyt,out/xyt/FVC2002_DB1_B/109_2.xyt
24,out/xyt/FVC2002_DB1_B/106_8.xyt,out/xyt/FVC2002_DB4_B/108_2.xyt
24,out/xyt/FVC2000_DB1_B/103_1.xyt,out/xyt/FVC2004_DB1_B/103_7.xyt
24,out/xyt/FVC2000_DB2_B/105_7.xyt,out/xyt/FVC2004_DB2_B/102_6.xyt
24,out/xyt/FVC2000_DB4_B/108_2.xyt,out/xyt/FVC2002_DB4_B/110_4.xyt
24,out/xyt/FVC2004_DB1_B/103_1.xyt,out/xyt/FVC2004_DB1_B/108_4.xyt
24,out/xyt/FVC2000_DB2_B/105_2.xyt,out/xyt/FVC2004_DB2_B/102_3.xyt
24,out/xyt/FVC2000_DB4_B/102_1.xyt,out/xyt/FVC2000_DB4_B/105_7.xyt
24,out/xyt/FVC2002_DB1_B/107_1.xyt,out/xyt/FVC2002_DB4_B/102_5.xyt
24,out/xyt/FVC2002_DB2_B/102_8.xyt,out/xyt/FVC2004_DB4_B/110_6.xyt
24,out/xyt/FVC2002_DB2_B/105_7.xyt,out/xyt/FVC2002_DB2_B/106_3.xyt
24,out/xyt/FVC2000_DB1_B/105_7.xyt,out/xyt/FVC2004_DB2_B/102_1.xyt
24,out/xyt/FVC2002_DB2_B/110_6.xyt,out/xyt/FVC2002_DB3_B/104_1.xyt
24,out/xyt/FVC2002_DB2_B/108_1.xyt,out/xyt/FVC2004_DB3_B/106_2.xyt
24,out/xyt/FVC2004_DB2_B/108_1.xyt,out/xyt/FVC2004_DB4_B/104_1.xyt
24,out/xyt/FVC2000_DB4_B/101_4.xyt,out/xyt/FVC2002_DB4_B/103_5.xyt
24,out/xyt/FVC2000_DB1_B/105_6.xyt,out/xyt/FVC2004_DB2_B/102_1.xyt
24,out/xyt/FVC2000_DB1_B/109_6.xyt,out/xyt/FVC2004_DB2_B/109_7.xyt
24,out/xyt/FVC2002_DB1_B/105_1.xyt,out/xyt/FVC2004_DB4_B/108_8.xyt
24,out/xyt/FVC2002_DB4_B/108_6.xyt,out/xyt/FVC2004_DB4_B/110_7.xyt
24,out/xyt/FVC2002_DB4_B/101_1.xyt,out/xyt/FVC2004_DB2_B/108_1.xyt
24,out/xyt/FVC2004_DB2_B/108_7.xyt,out/xyt/FVC2004_DB3_B/107_2.xyt
24,out/xyt/FVC2000_DB2_B/104_5.xyt,out/xyt/FVC2002_DB2_B/106_3.xyt
24,out/xyt/FVC2004_DB1_B/103_8.xyt,out/xyt/FVC2004_DB2_B/108_4.xyt
24,out/xyt/FVC2002_DB1_B/102_2.xyt,out/xyt/FVC2004_DB3_B/106_2.xyt
24,out/xyt/FVC2000_DB3_B/110_8.xyt,out/xyt/FVC2002_DB1_B/106_1.xyt
24,out/xyt/FVC2000_DB2_B/104_5.xyt,out/xyt/FVC2002_DB1_B/106_6.xyt
24,out/xyt/FVC2002_DB4_B/110_4.xyt,out/xyt/FVC2004_DB4_B/106_8.xyt
24,out/xyt/FVC2004_DB2_B/103_7.xyt,out/xyt/FVC2004_DB2_B/108_3.xyt
24,out/xyt/FVC2000_DB4_B/109_2.xyt,out/xyt/FVC2000_DB4_B/110_3.xyt
24,out/xyt/FVC2000_DB1_B/109_4.xyt,out/xyt/FVC2002_DB4_B/102_7.xyt
24,out/xyt/FVC2000_DB2_B/104_6.xyt,out/xyt/FVC2002_DB2_B/106_5.xyt
24,out/xyt/FVC2000_DB2_B/105_1.xyt,out/xyt/FVC2002_DB1_B/106_3.xyt
24,out/xyt/FVC2000_DB2_B/104_2.xyt,out/xyt/FVC2004_DB4_B/110_1.xyt
24,out/xyt/FVC2000_DB1_B/105_1.xyt,out/xyt/FVC2002_DB2_B/109_5.xyt
24,out/xyt/FVC2004_DB2_B/103_7.xyt,out/xyt/FVC2004_DB2_B/104_5.xyt
24,out/xyt/FVC2000_DB1_B/105_1.xyt,out/xyt/FVC2004_DB1_B/103_6.xyt
24,out/xyt/FVC2000_DB1_B/109_8.xyt,out/xyt/FVC2000_DB2_B/109_3.xyt
24,out/xyt/FVC2002_DB2_B/103_2.xyt,out/xyt/FVC2004_DB1_B/103_3.xyt
24,out/xyt/FVC2004_DB3_B/105_2.xyt,out/xyt/FVC2004_DB4_B/106_7.xyt
24,out/xyt/FVC2000_DB2_B/105_7.xyt,out/xyt/FVC2004_DB1_B/102_5.xyt
24,out/xyt/FVC2004_DB3_B/102_2.xyt,out/xyt/FVC2004_DB3_B/103_1.xyt
24,out/xyt/FVC2000_DB1_B/102_2.xyt,out/xyt/FVC2000_DB1_B/108_6.xyt
24,out/xyt/FVC2000_DB4_B/109_5.xyt,out/xyt/FVC2004_DB2_B/108_1.xyt
24,out/xyt/FVC2000_DB4_B/109_1.xyt,out/xyt/FVC2004_DB4_B/108_5.xyt
24,out/xyt/FVC2002_DB3_B/109_7.xyt,out/xyt/FVC2002_DB4_B/110_3.xyt
24,out/xyt/FVC2002_DB1_B/106_3.xyt,out/xyt/FVC2002_DB4_B/103_4.xyt
24,out/xyt/FVC2002_DB1_B/106_2.xyt,out/xyt/FVC2004_DB3_B/106_7.xyt
24,out/xyt/FVC2000_DB1_B/105_4.xyt,out/xyt/FVC2004_DB2_B/102_3.xyt
24,out/xyt/FVC2004_DB2_B/104_5.xyt,out/xyt/FVC2004_DB2_B/108_3.xyt
24,out/xyt/FVC2002_DB1_B/102_2.xyt,out/xyt/FVC2002_DB1_B/105_7.xyt
24,out/xyt/FVC2002_DB2_B/103_8.xyt,out/xyt/FVC2004_DB4_B/104_6.xyt
24,out/xyt/FVC2000_DB1_B/109_5.xyt,out/xyt/FVC2002_DB1_B/110_4.xyt
24,out/xyt/FVC2002_DB4_B/102_5.xyt,out/xyt/FVC2004_DB2_B/101_5.xyt
24,out/xyt/FVC2000_DB1_B/106_7.xyt,out/xyt/FVC2002_DB2_B/110_6.xyt
24,out/xyt/FVC2002_DB1_B/102_2.xyt,out/xyt/FVC2004_DB1_B/103_6.xyt
24,out/xyt/FVC2002_DB4_B/102_5.xyt,out/xyt/FVC2004_DB1_B/104_1.xyt
24,out/xyt/FVC2000_DB1_B/108_7.xyt,out/xyt/FVC2000_DB4_B/109_3.xyt
24,out/xyt/FVC2000_DB1_B/105_1.xyt,out/xyt/FVC2002_DB2_B/102_5.xyt
24,out/xyt/FVC2002_DB2_B/109_2.xyt,out/xyt/FVC2004_DB1_B/104_5.xyt
24,out/xyt/FVC2000_DB1_B/109_3.xyt,out/xyt/FVC2004_DB1_B/104_1.xyt
24,out/xyt/FVC2002_DB4_B/107_1.xyt,out/xyt/FVC2004_DB1_B/104_7.xyt
24,out/xyt/FVC2002_DB1_B/107_1.xyt,out/xyt/FVC2002_DB2_B/109_5.xyt
24,out/xyt/FVC2000_DB1_B/109_3.xyt,out/xyt/FVC2002_DB2_B/109_1.xyt
24,out/xyt/FVC2004_DB2_B/104_6.xyt,out/xyt/FVC2004_DB2_B/108_3.xyt
24,out/xyt/FVC2002_DB1_B/110_3.xyt,out/xyt/FVC2004_DB1_B/106_2.xyt
24,out/xyt/FVC2000_DB2_B/102_8.xyt,out/xyt/FVC2004_DB3_B/107_4.xyt
24,out/xyt/FVC2000_DB4_B/102_1.xyt,out/xyt/FVC2004_DB4_B/108_8.xyt
24,out/xyt/FVC2000_DB4_B/103_5.xyt,out/xyt/FVC2002_DB4_B/103_8.xyt
24,out/xyt/FVC2000_DB1_B/109_4.xyt,out/xyt/FVC2002_DB1_B/106_7.xyt
24,out/xyt/FVC2000_DB2_B/104_2.xyt,out/xyt/FVC2002_DB1_B/106_7.xyt
24,out/xyt/FVC2002_DB1_B/105_7.xyt,out/xyt/FVC2004_DB1_B/108_4.xyt
24,out/xyt/FVC2004_DB1_B/103_6.xyt,out/xyt/FVC2004_DB1_B/108_6.xyt
24,out/xyt/FVC2002_DB4_B/108_2.xyt,out/xyt/FVC2004_DB1_B/104_1.xyt
24,out/xyt/FVC2002_DB4_B/103_8.xyt,out/xyt/FVC2002_DB4_B/110_6.xyt
24,out/xyt/FVC2002_DB4_B/102_7.xyt,out/xyt/FVC2002_DB4_B/108_6.xyt
24,out/xyt/FVC2000_DB4_B/106_5.xyt,out/xyt/FVC2002_DB4_B/102_2.xyt
24,out/xyt/FVC2000_DB1_B/109_7.xyt,out/xyt/FVC2002_DB3_B/108_7.xyt
24,out/xyt/FVC2002_DB3_B/103_3.xyt,out/xyt/FVC2004_DB2_B/108_3.xyt
24,out/xyt/FVC2002_DB2_B/108_3.xyt,out/xyt/FVC2004_DB4_B/106_7.xyt
24,out/xyt/FVC2002_DB3_B/109_3.xyt,out/xyt/FVC2004_DB4_B/104_3.xyt
24,out/xyt/FVC2000_DB4_B/101_4.xyt,out/xyt/FVC2002_DB4_B/101_6.xyt
24,out/xyt/FVC2000_DB1_B/108_6.xyt,out/xyt/FVC2000_DB2_B/102_7.xyt
24,out/xyt/FVC2000_DB2_B/105_8.xyt,out/xyt/FVC2004_DB2_B/102_3.xyt
24,out/xyt/FVC2000_DB4_B/103_3.xyt,out/xyt/FVC2002_DB4_B/103_5.xyt
23,out/xyt/FVC2000_DB1_B/104_3.xyt,out/xyt/FVC2002_DB2_B/106_5.xyt
23,out/xyt/FVC2000_DB1_B/102_7.xyt,out/xyt/FVC2000_DB1_B/108_5.xyt
23,out/xyt/FVC2002_DB2_B/105_3.xyt,out/xyt/FVC2002_DB2_B/106_3.xyt
23,out/xyt/FVC2002_DB2_B/102_8.xyt,out/xyt/FVC2004_DB4_B/106_7.xyt
23,out/xyt/FVC2000_DB1_B/106_8.xyt,out/xyt/FVC2000_DB1_B/108_5.xyt
23,out/xyt/FVC2002_DB1_B/110_6.xyt,out/xyt/FVC2002_DB4_B/108_8.xyt
23,out/xyt/FVC2000_DB4_B/104_5.xyt,out/xyt/FVC2002_DB1_B/106_8.xyt
23,out/xyt/FVC2000_DB4_B/103_6.xyt,out/xyt/FVC2002_DB4_B/105_8.xyt
23,out/xyt/FVC2000_DB1_B/102_3.xyt,out/xyt/FVC2000_DB1_B/108_1.xyt
23,out/xyt/FVC2000_DB4_B/102_4.xyt,out/xyt/FVC2002_DB4_B/102_7.xyt
23,out/xyt/FVC2000_DB1_B/109_3.xyt,out/xyt/FVC2004_DB1_B/104_5.xyt
23,out/xyt/FVC2000_DB1_B/109_3.xyt,out/xyt/FVC2000_DB4_B/105_7.xyt
23,out/xyt/FVC2000_DB1_B/109_4.xyt,out/xyt/FVC2002_DB4_B/105_8.xyt
23,out/xyt/FVC2000_DB4_B/109_6.xyt,out/xyt/FVC2002_DB1_B/105_8.xyt
23,out/xyt/FVC2000_DB4_B/106_5.xyt,out/xyt/FVC2002_DB4_B/102_4.xyt
23,out/xyt/FVC2000_DB4_B/102_1.xyt,out/xyt/FVC2002_DB4_B/110_5.xyt
23,out/xyt/FVC2004_DB4_B/101_5.xyt,out/xyt/FVC2004_DB4_B/102_2.xyt
23,out/xyt/FVC2000_DB4_B/108_6.xyt,out/xyt/FVC2002_DB4_B/110_4.xyt
23,out/xyt/FVC2000_DB3_B/109_7.xyt,out/xyt/FVC2004_DB3_B/104_8.xyt
23,out/xyt/FVC2000_DB1_B/105_6.xyt,out/xyt/FVC2000_DB2_B/105_1.xyt
23,out/xyt/FVC2000_DB4_B/109_8.xyt,out/xyt/FVC2002_DB4_B/103_5.xyt
23,out/xyt/FVC2004_DB4_B/106_8.xyt,out/xyt/FVC2004_DB4_B/108_5.xyt
23,out/xyt/FVC2000_DB4_B/106_5.xyt,out/xyt/FVC2002_DB4_B/102_5.xyt
23,out/xyt/FVC2000_DB1_B/102_8.xyt,out/xyt/FVC2000_DB1_B/108_6.xyt
23,out/xyt/FVC2000_DB2_B/109_3.xyt,out/xyt/FVC2002_DB1_B/106_2.xyt
23,out/xyt/FVC2002_DB1_B/104_5.xyt,out/xyt/FVC2004_DB1_B/108_6.xyt
23,out/xyt/FVC2000_DB2_B/105_4.xyt,out/xyt/FVC2002_DB2_B/105_3.xyt
23,out/xyt/FVC2002_DB1_B/104_5.xyt,out/xyt/FVC2002_DB3_B/105_1.xyt
23,out/xyt/FVC2002_DB4_B/110_6.xyt,out/xyt/FVC2004_DB4_B/105_8.xyt
23,out/xyt/FVC2000_DB1_B/109_3.xyt,out/xyt/FVC2002_DB1_B/110_6.xyt
23,out/xyt/FVC2000_DB4_B/103_1.xyt,out/xyt/FVC2002_DB4_B/103_4.xyt
23,out/xyt/FVC2002_DB2_B/102_5.xyt,out/xyt/FVC2004_DB4_B/110_6.xyt
23,out/xyt/FVC2000_DB2_B/104_6.xyt,out/xyt/FVC2002_DB2_B/105_7.xyt
23,out/xyt/FVC2000_DB1_B/102_7.xyt,out/xyt/FVC2004_DB1_B/104_7.xyt
23,out/xyt/FVC2000_DB1_B/109_3.xyt,out/xyt/FVC2002_DB4_B/101_4.xyt
23,out/xyt/FVC2002_DB1_B/105_8.xyt,out/xyt/FVC2002_DB3_B/109_5.xyt
23,out/xyt/FVC2000_DB2_B/108_6.xyt,out/xyt/FVC2004_DB3_B/102_1.xyt
23,out/xyt/FVC2000_DB3_B/104_3.xyt,out/xyt/FVC2004_DB4_B/101_4.xyt
23,out/xyt/FVC2004_DB2_B/102_1.xyt,out/xyt/FVC2004_DB4_B/106_7.xyt
23,out/xyt/FVC2000_DB1_B/109_4.xyt,out/xyt/FVC2002_DB1_B/106_2.xyt
23,out/xyt/FVC2000_DB2_B/108_6.xyt,out/xyt/FVC2004_DB2_B/107_1.xyt
23,out/xyt/FVC2000_DB2_B/104_2.xyt,out/xyt/FVC2002_DB1_B/106_1.xyt
23,out/xyt/FVC2000_DB4_B/102_4.xyt,out/xyt/FVC2000_DB4_B/109_2.xyt
23,out/xyt/FVC2000_DB2_B/109_5.xyt,out/xyt/FVC2002_DB1_B/106_8.xyt
23,out/xyt/FVC2000_DB4_B/101_4.xyt,out/xyt/FVC2004_DB4_B/105_8.xyt
23,out/xyt/FVC2000_DB2_B/104_2.xyt,out/xyt/FVC2002_DB4_B/108_6.xyt
23,out/xyt/FVC2002_DB4_B/102_6.xyt,out/xyt/FVC2002_DB4_B/105_4.xyt
23,out/xyt/FVC2004_DB3_B/102_3.xyt,out/xyt/FVC2004_DB3_B/110_6.xyt
23,out/xyt/FVC2000_DB4_B/108_6.xyt,out/xyt/FVC2002_DB4_B/110_1.xyt
23,out/xyt/FVC2000_DB1_B/102_3.xyt,out/xyt/FVC2004_DB2_B/104_1.xyt
23,out/xyt/FVC2000_DB4_B/103_2.xyt,out/xyt/FVC2002_DB4_B/105_7.xyt
23,out/xyt/FVC2000_DB4_B/101_4.xyt,out/xyt/FVC2002_DB4_B/107_5.xyt
23,out/xyt/FVC2000_DB1_B/108_7.xyt,out/xyt/FVC2004_DB2_B/104_1.xyt
23,out/xyt/FVC2000_DB1_B/109_4.xyt,out/xyt/FVC2004_DB1_B/103_6.xyt
23,out/xyt/FVC2002_DB1_B/107_4.xyt,out/xyt/FVC2004_DB2_B/109_6.xyt
23,out/xyt/FVC2000_DB2_B/105_4.xyt,out/xyt/FVC2004_DB4_B/106_3.xyt
23,out/xyt/FVC2002_DB1_B/110_4.xyt,out/xyt/FVC2002_DB4_B/110_3.xyt
23,out/xyt/FVC2004_DB1_B/102_5.xyt,out/xyt/FVC2004_DB4_B/106_7.xyt
23,out/xyt/FVC2000_DB1_B/106_1.xyt,out/xyt/FVC2002_DB1_B/109_5.xyt
23,out/xyt/FVC2000_DB4_B/109_6.xyt,out/xyt/FVC2002_DB4_B/107_4.xyt
23,out/xyt/FVC2000_DB4_B/109_1.xyt,out/xyt/FVC2002_DB2_B/108_2.xyt
23,out/xyt/FVC2000_DB2_B/104_2.xyt,out/xyt/FVC2002_DB4_B/110_5.xyt
23,out/xyt/FVC2002_DB1_B/106_5.xyt,out/xyt/FVC2002_DB2_B/108_3.xyt
23,out/xyt/FVC2002_DB1_B/102_2.xyt,out/xyt/FVC2004_DB4_B/104_3.xyt
23,out/xyt/FVC2000_DB2_B/103_1.xyt,out/xyt/FVC2004_DB2_B/104_5.xyt
23,out/xyt/FVC2002_DB4_B/103_4.xyt,out/xyt/FVC2004_DB4_B/106_7.xyt
23,out/xyt/FVC2002_DB2_B/105_3.xyt,out/xyt/FVC2002_DB4_B/102_7.xyt
23,out/xyt/FVC2004_DB3_B/101_2.xyt,out/xyt/FVC2004_DB3_B/102_2.xyt
23,out/xyt/FVC2002_DB4_B/109_6.xyt,out/xyt/FVC2004_DB1_B/101_8.xyt
23,out/xyt/FVC2002_DB3_B/101_2.xyt,out/xyt/FVC2002_DB3_B/109_1.xyt
23,out/xyt/FVC2002_DB4_B/103_5.xyt,out/xyt/FVC2004_DB2_B/108_1.xyt
23,out/xyt/FVC2004_DB2_B/107_1.xyt,out/xyt/FVC2004_DB4_B/108_5.xyt
23,out/xyt/FVC2000_DB2_B/105_7.xyt,out/xyt/FVC2004_DB1_B/102_8.xyt
23,out/xyt/FVC2002_DB2_B/105_7.xyt,out/xyt/FVC2004_DB2_B/110_2.xyt
23,out/xyt/FVC2002_DB2_B/108_3.xyt,out/xyt/FVC2002_DB4_B/105_6.xyt
23,out/xyt/FVC2004_DB1_B/108_4.xyt,out/xyt/FVC2004_DB2_B/108_3.xyt
23,out/xyt/FVC2002_DB1_B/106_2.xyt,out/xyt/FVC2004_DB3_B/106_1.xyt
23,out/xyt/FVC2000_DB1_B/109_4.xyt,out/xyt/FVC2002_DB2_B/105_7.xyt
23,out/xyt/FVC2000_DB2_B/104_2.xyt,out/xyt/FVC2004_DB4_B/110_8.xyt
23,out/xyt/FVC2004_DB3_B/102_2.xyt,out/xyt/FVC2004_DB4_B/101_5.xyt
23,out/xyt/FVC2000_DB4_B/109_7.xyt,out/xyt/FVC2004_DB4_B/103_4.xyt
23,out/xyt/FVC2000_DB2_B/109_5.xyt,out/xyt/FVC2002_DB2_B/106_5.xyt
23,out/xyt/FVC2002_DB2_B/108_2.xyt,out/xyt/FVC2002_DB4_B/103_3.xyt
23,out/xyt/FVC2002_DB4_B/102_5.xyt,out/xyt/FVC2002_DB4_B/105_5.xyt
23,out/xyt/FVC2002_DB1_B/106_3.xyt,out/xyt/FVC2002_DB2_B/108_2.xyt
23,out/xyt/FVC2000_DB4_B/102_2.xyt,out/xyt/FVC2002_DB4_B/110_5.xyt
23,out/xyt/FVC2000_DB4_B/109_5.xyt,out/xyt/FVC2002_DB4_B/107_2.xyt
23,out/xyt/FVC2000_DB3_B/104_3.xyt,out/xyt/FVC2004_DB3_B/102_1.xyt
23,out/xyt/FVC2000_DB2_B/102_4.xyt,out/xyt/FVC2002_DB1_B/102_1.xyt
23,out/xyt/FVC2002_DB3_B/110_1.xyt,out/xyt/FVC2004_DB4_B/108_5.xyt
23,out/xyt/FVC2000_DB2_B/102_4.xyt,out/xyt/FVC2004_DB1_B/104_3.xyt
23,out/xyt/FVC2002_DB2_B/106_1.xyt,out/xyt/FVC2004_DB2_B/102_1.xyt
23,out/xyt/FVC2002_DB4_B/105_1.xyt,out/xyt/FVC2004_DB2_B/101_5.xyt
23,out/xyt/FVC2002_DB3_B/103_4.xyt,out/xyt/FVC2004_DB4_B/104_1.xyt
23,out/xyt/FVC2002_DB4_B/110_2.xyt,out/xyt/FVC2004_DB4_B/105_2.xyt
23,out/xyt/FVC2002_DB4_B/103_8.xyt,out/xyt/FVC2004_DB4_B/102_4.xyt
23,out/xyt/FVC2000_DB4_B/103_2.xyt,out/xyt/FVC2002_DB4_B/102_7.xyt
23,out/xyt/FVC2000_DB1_B/103_2.xyt,out/xyt/FVC2000_DB2_B/103_6.xyt
23,out/xyt/FVC2002_DB4_B/110_6.xyt,out/xyt/FVC2004_DB4_B/103_7.xyt
23,out/xyt/FVC2000_DB4_B/109_8.xyt,out/xyt/FVC2002_DB1_B/105_8.xyt
23,out/xyt/FVC2000_DB1_B/109_5.xyt,out/xyt/FVC2002_DB1_B/106_6.xyt
23,out/xyt/FVC2000_DB2_B/104_1.xyt,out/xyt/FVC2002_DB2_B/105_1.xyt
23,out/xyt/FVC2000_DB2_B/107_6.xyt,out/xyt/FVC2002_DB2_B/105_2.xyt
23,out/xyt/FVC2000_DB2_B/103_1.xyt,out/xyt/FVC2004_DB1_B/108_4.xyt
23,out/xyt/FVC2002_DB1_B/104_4.xyt,out/xyt/FVC2002_DB1_B/110_4.xyt
23,out/xyt/FVC2000_DB1_B/103_2.xyt,out/xyt/FVC2000_DB2_B/103_1.xyt
23,out/xyt/FVC2000_DB2_B/107_6.xyt,out/xyt/FVC2002_DB4_B/105_4.xyt
23,out/xyt/FVC2002_DB1_B/109_7.xyt,out/xyt/FVC2004_DB2_B/101_3.xyt
23,out/xyt/FVC2002_DB1_B/110_1.xyt,out/xyt/FVC2002_DB4_B/110_6.xyt
23,out/xyt/FVC2002_DB1_B/107_5.xyt,out/xyt/FVC2004_DB1_B/102_7.xyt
23,out/xyt/FVC2002_DB2_B/108_8.xyt,out/xyt/FVC2004_DB2_B/109_5.xyt
23,out/xyt/FVC2000_DB2_B/104_6.xyt,out/xyt/FVC2000_DB2_B/107_5.xyt
23,out/xyt/FVC2000_DB4_B/110_3.xyt,out/xyt/FVC2002_DB1_B/106_8.xyt
23,out/xyt/FVC2000_DB1_B/102_3.xyt,out/xyt/FVC2004_DB2_B/103_6.xyt
23,out/xyt/FVC2000_DB1_B/107_2.xyt,out/xyt/FVC2002_DB4_B/105_5.xyt
23,out/xyt/FVC2000_DB1_B/103_2.xyt,out/xyt/FVC2000_DB2_B/103_7.xyt
23,out/xyt/FVC2004_DB2_B/109_1.xyt,out/xyt/FVC2004_DB4_B/110_6.xyt
23,out/xyt/FVC2002_DB1_B/106_8.xyt,out/xyt/FVC2002_DB4_B/107_4.xyt
23,out/xyt/FVC2000_DB2_B/104_6.xyt,out/xyt/FVC2002_DB2_B/106_2.xyt
23,out/xyt/FVC2002_DB1_B/107_3.xyt,out/xyt/FVC2002_DB4_B/103_8.xyt
23,out/xyt/FVC2000_DB2_B/105_2.xyt,out/xyt/FVC2004_DB4_B/108_8.xyt
23,out/xyt/FVC2002_DB4_B/103_5.xyt,out/xyt/FVC2004_DB3_B/106_2.xyt
23,out/xyt/FVC2000_DB2_B/103_2.xyt,out/xyt/FVC2002_DB1_B/105_7.xyt
23,out/xyt/FVC2000_DB4_B/110_7.xyt,out/xyt/FVC2004_DB4_B/109_8.xyt
23,out/xyt/FVC2002_DB4_B/101_4.xyt,out/xyt/FVC2004_DB4_B/106_5.xyt
23,out/xyt/FVC2000_DB1_B/101_2.xyt,out/xyt/FVC2000_DB2_B/101_5.xyt
23,out/xyt/FVC2000_DB1_B/102_6.xyt,out/xyt/FVC2004_DB3_B/108_6.xyt
23,out/xyt/FVC2002_DB4_B/102_5.xyt,out/xyt/FVC2004_DB4_B/110_6.xyt
23,out/xyt/FVC2000_DB2_B/105_3.xyt,out/xyt/FVC2000_DB2_B/109_1.xyt
23,out/xyt/FVC2002_DB2_B/108_4.xyt,out/xyt/FVC2004_DB4_B/106_7.xyt
23,out/xyt/FVC2004_DB4_B/108_8.xyt,out/xyt/FVC2004_DB4_B/110_6.xyt
23,out/xyt/FVC2000_DB4_B/102_2.xyt,out/xyt/FVC2000_DB4_B/105_4.xyt
23,out/xyt/FVC2000_DB4_B/101_4.xyt,out/xyt/FVC2002_DB1_B/102_2.xyt
23,out/xyt/FVC2002_DB4_B/103_3.xyt,out/xyt/FVC2004_DB3_B/105_5.xyt
23,out/xyt/FVC2002_DB1_B/107_7.xyt,out/xyt/FVC2004_DB1_B/108_5.xyt
23,out/xyt/FVC2000_DB1_B/109_3.xyt,out/xyt/FVC2004_DB1_B/103_8.xyt
23,out/xyt/FVC2000_DB1_B/106_1.xyt,out/xyt/FVC2002_DB1_B/105_7.xyt
23,out/xyt/FVC2000_DB1_B/109_5.xyt,out/xyt/FVC2002_DB1_B/107_5.xyt
23,out/xyt/FVC2002_DB4_B/102_5.xyt,out/xyt/FVC2002_DB4_B/110_4.xyt
23,out/xyt/FVC2000_DB1_B/106_2.xyt,out/xyt/FVC2000_DB1_B/107_5.xyt
23,out/xyt/FVC2002_DB1_B/106_3.xyt,out/xyt/FVC2002_DB1_B/107_4.xyt
23,out/xyt/FVC2004_DB4_B/101_5.xyt,out/xyt/FVC2004_DB4_B/102_1.xyt
23,out/xyt/FVC2002_DB3_B/106_7.xyt,out/xyt/FVC2002_DB3_B/109_1.xyt
23,out/xyt/FVC2004_DB1_B/108_6.xyt,out/xyt/FVC2004_DB2_B/104_3.xyt
23,out/xyt/FVC2000_DB1_B/105_3.xyt,out/xyt/FVC2004_DB4_B/106_4.xyt
23,out/xyt/FVC2000_DB2_B/106_8.xyt,out/xyt/FVC2002_DB1_B/109_2.xyt
23,out/xyt/FVC2000_DB1_B/109_4.xyt,out/xyt/FVC2002_DB2_B/105_2.xyt
23,out/xyt/FVC2000_DB1_B/109_8.xyt,out/xyt/FVC2000_DB2_B/105_2.xyt
23,out/xyt/FVC2002_DB4_B/108_5.xyt,out/xyt/FVC2002_DB4_B/110_1.xyt
23,out/xyt/FVC2002_DB4_B/107_4.xyt,out/xyt/FVC2004_DB1_B/104_6.xyt
23,out/xyt/FVC2002_DB1_B/107_4.xyt,out/xyt/FVC2004_DB2_B/109_5.xyt
23,out/xyt/FVC2002_DB1_B/102_1.xyt,out/xyt/FVC2002_DB1_B/105_2.xyt
23,out/xyt/FVC2002_DB1_B/105_1.xyt,out/xyt/FVC2002_DB2_B/107_6.xyt
23,out/xyt/FVC2000_DB1_B/108_1.xyt,out/xyt/FVC2002_DB1_B/109_3.xyt
23,out/xyt/FVC2000_DB2_B/110_3.xyt,out/xyt/FVC2000_DB4_B/102_2.xyt
23,out/xyt/FVC2002_DB2_B/110_5.xyt,out/xyt/FVC2004_DB3_B/110_5.xyt
23,out/xyt/FVC2000_DB1_B/109_4.xyt,out/xyt/FVC2000_DB2_B/104_2.xyt
23,out/xyt/FVC2004_DB4_B/102_7.xyt,out/xyt/FVC2004_DB4_B/106_4.xyt
23,out/xyt/FVC2000_DB1_B/109_8.xyt,out/xyt/FVC2004_DB2_B/109_6.xyt
23,out/xyt/FVC2000_DB1_B/102_8.xyt,out/xyt/FVC2004_DB4_B/110_6.xyt
23,out/xyt/FVC2004_DB2_B/103_5.xyt,out/xyt/FVC2004_DB2_B/104_5.xyt
23,out/xyt/FVC2000_DB4_B/109_5.xyt,out/xyt/FVC2002_DB1_B/102_4.xyt
23,out/xyt/FVC2002_DB3_B/104_3.xyt,out/xyt/FVC2002_DB3_B/109_1.xyt
23,out/xyt/FVC2002_DB2_B/104_1.xyt,out/xyt/FVC2004_DB1_B/109_4.xyt
23,out/xyt/FVC2004_DB2_B/108_8.xyt,out/xyt/FVC2004_DB4_B/108_5.xyt
23,out/xyt/FVC2002_DB1_B/109_7.xyt,out/xyt/FVC2002_DB2_B/110_6.xyt
23,out/xyt/FVC2000_DB1_B/108_5.xyt,out/xyt/FVC2000_DB2_B/103_3.xyt
23,out/xyt/FVC2000_DB1_B/108_7.xyt,out/xyt/FVC2000_DB2_B/108_6.xyt
23,out/xyt/FVC2002_DB3_B/107_5.xyt,out/xyt/FVC2002_DB3_B/110_6.xyt
23,out/xyt/FVC2002_DB1_B/110_3.xyt,out/xyt/FVC2004_DB3_B/106_2.xyt
23,out/xyt/FVC2000_DB4_B/110_6.xyt,out/xyt/FVC2004_DB1_B/103_1.xyt
23,out/xyt/FVC2000_DB4_B/102_4.xyt,out/xyt/FVC2000_DB4_B/110_8.xyt
23,out/xyt/FVC2000_DB1_B/105_1.xyt,out/xyt/FVC2002_DB1_B/110_6.xyt
23,out/xyt/FVC2004_DB2_B/108_4.xyt,out/xyt/FVC2004_DB4_B/110_1.xyt
23,out/xyt/FVC2004_DB2_B/103_7.xyt,out/xyt/FVC2004_DB2_B/104_1.xyt
23,out/xyt/FVC2002_DB2_B/110_6.xyt,out/xyt/FVC2002_DB3_B/109_1.xyt
23,out/xyt/FVC2002_DB2_B/110_7.xyt,out/xyt/FVC2004_DB3_B/110_1.xyt
23,out/xyt/FVC2000_DB2_B/104_1.xyt,out/xyt/FVC2002_DB1_B/106_8.xyt
23,out/xyt/FVC2000_DB1_B/109_2.xyt,out/xyt/FVC2002_DB1_B/107_3.xyt
23,out/xyt/FVC2000_DB1_B/109_7.xyt,out/xyt/FVC2002_DB4_B/102_5.xyt
23,out/xyt/FVC2002_DB2_B/105_8.xyt,out/xyt/FVC2002_DB2_B/106_8.xyt
23,out/xyt/FVC2000_DB4_B/109_1.xyt,out/xyt/FVC2004_DB4_B/108_4.xyt
23,out/xyt/FVC2000_DB1_B/109_7.xyt,out/xyt/FVC2000_DB4_B/109_6.xyt
23,out/xyt/FVC2002_DB2_B/109_1.xyt,out/xyt/FVC2004_DB1_B/103_4.xyt
23,out/xyt/FVC2000_DB4_B/102_7.xyt,out/xyt/FVC2000_DB4_B/105_7.xyt
23,out/xyt/FVC2000_DB1_B/105_7.xyt,out/xyt/FVC2002_DB2_B/105_7.xyt
23,out/xyt/FVC2000_DB1_B/109_7.xyt,out/xyt/FVC2000_DB4_B/109_2.xyt
23,out/xyt/FVC2002_DB4_B/102_7.xyt,out/xyt/FVC2004_DB4_B/110_3.xyt
23,out/xyt/FVC2002_DB1_B/107_8.xyt,out/xyt/FVC2002_DB2_B/105_6.xyt
23,out/xyt/FVC2002_DB3_B/104_1.xyt,out/xyt/FVC2002_DB3_B/109_7.xyt
22,out/xyt/FVC2002_DB3_B/109_1.xyt,out/xyt/FVC2004_DB4_B/104_3.xyt
22,out/xyt/FVC2000_DB1_B/109_8.xyt,out/xyt/FVC2004_DB2_B/109_3.xyt
22,out/xyt/FVC2004_DB1_B/108_5.xyt,out/xyt/FVC2004_DB2_B/104_3.xyt
22,out/xyt/FVC2000_DB1_B/107_5.xyt,out/xyt/FVC2002_DB3_B/109_4.xyt
22,out/xyt/FVC2000_DB1_B/109_1.xyt,out/xyt/FVC2000_DB2_B/109_7.xyt
22,out/xyt/FVC2000_DB4_B/110_3.xyt,out/xyt/FVC2002_DB4_B/107_1.xyt
22,out/xyt/FVC2000_DB4_B/110_3.xyt,out/xyt/FVC2004_DB4_B/108_4.xyt
22,out/xyt/FVC2002_DB2_B/103_7.xyt,out/xyt/FVC2004_DB1_B/103_1.xyt
22,out/xyt/FVC2004_DB4_B/102_6.xyt,out/xyt/FVC2004_DB4_B/108_7.xyt
22,out/xyt/FVC2002_DB1_B/102_6.xyt,out/xyt/FVC2002_DB1_B/106_8.xyt
22,out/xyt/FVC2002_DB2_B/110_6.xyt,out/xyt/FVC2004_DB1_B/109_5.xyt
22,out/xyt/FVC2002_DB1_B/106_1.xyt,out/xyt/FVC2002_DB2_B/106_3.xyt
22,out/xyt/FVC2000_DB1_B/109_5.xyt,out/xyt/FVC2002_DB1_B/107_3.xyt
22,out/xyt/FVC2002_DB1_B/104_5.xyt,out/xyt/FVC2004_DB2_B/108_3.xyt
22,out/xyt/FVC2000_DB4_B/109_2.xyt,out/xyt/FVC2004_DB1_B/107_1.xyt
22,out/xyt/FVC2000_DB1_B/109_8.xyt,out/xyt/FVC2004_DB2_B/101_5.xyt
22,out/xyt/FVC2000_DB3_B/110_8.xyt,out/xyt/FVC2004_DB4_B/102_1.xyt
22,out/xyt/FVC2002_DB1_B/106_8.xyt,out/xyt/FVC2002_DB4_B/109_8.xyt
22,out/xyt/FVC2000_DB2_B/104_5.xyt,out/xyt/FVC2000_DB2_B/105_4.xyt
22,out/xyt/FVC2004_DB4_B/106_7.xyt,out/xyt/FVC2004_DB4_B/110_3.xyt
22,out/xyt/FVC2000_DB4_B/109_1.xyt,out/xyt/FVC2002_DB2_B/109_1.xyt
22,out/xyt/FVC2002_DB2_B/108_3.xyt,out/xyt/FVC2002_DB4_B/103_3.xyt
22,out/xyt/FVC2002_DB1_B/106_7.xyt,out/xyt/FVC2002_DB4_B/109_8.xyt
22,out/xyt/FVC2000_DB1_B/102_3.xyt,out/xyt/FVC2004_DB2_B/108_3.xyt
22,out/xyt/FVC2004_DB1_B/107_2.xyt,out/xyt/FVC2004_DB4_B/108_4.xyt
22,out/xyt/FVC2002_DB4_B/101_5.xyt,out/xyt/FVC2004_DB4_B/105_8.xyt
22,out/xyt/FVC2002_DB4_B/108_6.xyt,out/xyt/FVC2004_DB4_B/110_3.xyt
22,out/xyt/FVC2002_DB1_B/107_3.xyt,out/xyt/FVC2002_DB2_B/109_5.xyt
22,out/xyt/FVC2000_DB1_B/109_5.xyt,out/xyt/FVC2002_DB4_B/102_3.xyt
22,out/xyt/FVC2004_DB1_B/103_3.xyt,out/xyt/FVC2004_DB1_B/107_1.xyt
22,out/xyt/FVC2000_DB2_B/104_1.xyt,out/xyt/FVC2000_DB4_B/103_1.xyt
22,out/xyt/FVC2004_DB2_B/104_1.xyt,out/xyt/FVC2004_DB2_B/108_5.xyt
22,out/xyt/FVC2000_DB1_B/104_3.xyt,out/xyt/FVC2002_DB2_B/106_1.xyt
22,out/xyt/FVC2000_DB1_B/109_3.xyt,out/xyt/FVC2002_DB2_B/105_7.xyt
22,out/xyt/FVC2004_DB3_B/102_7.xyt,out/xyt/FVC2004_DB3_B/104_6.xyt
22,out/xyt/FVC2002_DB1_B/101_7.xyt,out/xyt/FVC2002_DB4_B/103_4.xyt
22,out/xyt/FVC2000_DB2_B/104_3.xyt,out/xyt/FVC2002_DB1_B/110_1.xyt
22,out/xyt/FVC2004_DB3_B/102_1.xyt,out/xyt/FVC2004_DB3_B/104_4.xyt
22,out/xyt/FVC2000_DB1_B/109_4.xyt,out/xyt/FVC2004_DB3_B/105_4.xyt
22,out/xyt/FVC2004_DB1_B/102_1.xyt,out/xyt/FVC2004_DB2_B/101_5.xyt
22,out/xyt/FVC2000_DB1_B/105_1.xyt,out/xyt/FVC2004_DB4_B/110_1.xyt
22,out/xyt/FVC2000_DB2_B/109_2.xyt,out/xyt/FVC2000_DB4_B/109_3.xyt
22,out/xyt/FVC2002_DB4_B/102_6.xyt,out/xyt/FVC2002_DB4_B/110_4.xyt
22,out/xyt/FVC2004_DB1_B/110_6.xyt,out/xyt/FVC2004_DB3_B/102_4.xyt
22,out/xyt/FVC2000_DB4_B/109_4.xyt,out/xyt/FVC2000_DB4_B/110_3.xyt
22,out/xyt/FVC2002_DB3_B/105_4.xyt,out/xyt/FVC2002_DB3_B/109_7.xyt
22,out/xyt/FVC2002_DB1_B/109_4.xyt,out/xyt/FVC2004_DB2_B/103_1.xyt
22,out/xyt/FVC2000_DB4_B/103_7.xyt,out/xyt/FVC2002_DB4_B/110_6.xyt
22,out/xyt/FVC2002_DB2_B/106_6.xyt,out/xyt/FVC2002_DB2_B/108_8.xyt
22,out/xyt/FVC2002_DB1_B/102_4.xyt,out/xyt/FVC2002_DB1_B/106_8.xyt
22,out/xyt/FVC2004_DB2_B/107_1.xyt,out/xyt/FVC2004_DB4_B/101_7.xyt
22,out/xyt/FVC2000_DB1_B/106_8.xyt,out/xyt/FVC2000_DB1_B/108_7.xyt
22,out/xyt/FVC2002_DB1_B/107_8.xyt,out/xyt/FVC2002_DB2_B/109_5.xyt
22,out/xyt/FVC2000_DB2_B/109_1.xyt,out/xyt/FVC2004_DB3_B/102_7.xyt
22,out/xyt/FVC2000_DB2_B/107_1.xyt,out/xyt/FVC2004_DB2_B/101_5.xyt
22,out/xyt/FVC2004_DB1_B/103_5.xyt,out/xyt/FVC2004_DB1_B/107_5.xyt
22,out/xyt/FVC2000_DB4_B/102_5.xyt,out/xyt/FVC2004_DB3_B/105_6.xyt
22,out/xyt/FVC2002_DB3_B/106_1.xyt,out/xyt/FVC2004_DB2_B/101_5.xyt
22,out/xyt/FVC2000_DB1_B/109_3.xyt,out/xyt/FVC2002_DB1_B/103_2.xyt
22,out/xyt/FVC2000_DB2_B/104_1.xyt,out/xyt/FVC2004_DB4_B/110_3.xyt
22,out/xyt/FVC2002_DB2_B/105_1.xyt,out/xyt/FVC2002_DB2_B/106_2.xyt
22,out/xyt/FVC2002_DB2_B/108_2.xyt,out/xyt/FVC2004_DB4_B/106_7.xyt
22,out/xyt/FVC2002_DB2_B/108_8.xyt,out/xyt/FVC2002_DB4_B/103_3.xyt
22,out/xyt/FVC2000_DB2_B/107_5.xyt,out/xyt/FVC2002_DB2_B/109_5.xyt
22,out/xyt/FVC2000_DB4_B/109_5.xyt,out/xyt/FVC2004_DB4_B/108_5.xyt
22,out/xyt/FVC2000_DB1_B/102_5.xyt,out/xyt/FVC2000_DB2_B/103_3.xyt
22,out/xyt/FVC2000_DB1_B/108_5.xyt,out/xyt/FVC2002_DB1_B/109_4.xyt
22,out/xyt/FVC2002_DB1_B/105_8.xyt,out/xyt/FVC2004_DB1_B/104_1.xyt
22,out/xyt/FVC2002_DB4_B/103_8.xyt,out/xyt/FVC2004_DB4_B/106_5.xyt
22,out/xyt/FVC2000_DB2_B/107_8.xyt,out/xyt/FVC2002_DB2_B/106_3.xyt
22,out/xyt/FVC2000_DB1_B/106_3.xyt,out/xyt/FVC2002_DB1_B/109_4.xyt
22,out/xyt/FVC2002_DB3_B/105_2.xyt,out/xyt/FVC2004_DB1_B/102_8.xyt
22,out/xyt/FVC2002_DB1_B/104_8.xyt,out/xyt/FVC2002_DB4_B/102_5.xyt
22,out/xyt/FVC2000_DB1_B/108_3.xyt,out/xyt/FVC2000_DB4_B/109_6.xyt
22,out/xyt/FVC2000_DB4_B/110_3.xyt,out/xyt/FVC2004_DB4_B/104_1.xyt
22,out/xyt/FVC2000_DB2_B/104_3.xyt,out/xyt/FVC2002_DB4_B/107_4.xyt
22,out/xyt/FVC2000_DB4_B/102_1.xyt,out/xyt/FVC2000_DB4_B/110_8.xyt
22,out/xyt/FVC2004_DB1_B/103_4.xyt,out/xyt/FVC2004_DB2_B/108_1.xyt
22,out/xyt/FVC2000_DB1_B/109_8.xyt,out/xyt/FVC2000_DB2_B/105_7.xyt
22,out/xyt/FVC2000_DB4_B/102_1.xyt,out/xyt/FVC2000_DB4_B/109_6.xyt
22,out/xyt/FVC2002_DB1_B/106_8.xyt,out/xyt/FVC2002_DB4_B/109_5.xyt
22,out/xyt/FVC2002_DB1_B/110_3.xyt,out/xyt/FVC2002_DB3_B/106_7.xyt
22,out/xyt/FVC2002_DB2_B/105_1.xyt,out/xyt/FVC2002_DB2_B/106_1.xyt
22,out/xyt/FVC2000_DB1_B/102_6.xyt,out/xyt/FVC2004_DB2_B/108_2.xyt
22,out/xyt/FVC2000_DB4_B/109_1.xyt,out/xyt/FVC2002_DB1_B/105_4.xyt
22,out/xyt/FVC2004_DB1_B/104_1.xyt,out/xyt/FVC2004_DB2_B/104_1.xyt
22,out/xyt/FVC2002_DB4_B/105_8.xyt,out/xyt/FVC2004_DB4_B/104_4.xyt
22,out/xyt/FVC2000_DB3_B/104_3.xyt,out/xyt/FVC2000_DB3_B/109_7.xyt
22,out/xyt/FVC2000_DB4_B/103_6.xyt,out/xyt/FVC2002_DB4_B/103_3.xyt
22,out/xyt/FVC2002_DB1_B/105_6.xyt,out/xyt/FVC2002_DB4_B/103_4.xyt
22,out/xyt/FVC2002_DB3_B/108_4.xyt,out/xyt/FVC2004_DB3_B/102_3.xyt
22,out/xyt/FVC2002_DB4_B/105_7.xyt,out/xyt/FVC2004_DB2_B/101_5.xyt
22,out/xyt/FVC2000_DB1_B/109_8.xyt,out/xyt/FVC2002_DB3_B/108_7.xyt
22,out/xyt/FVC2002_DB4_B/108_2.xyt,out/xyt/FVC2004_DB2_B/109_6.xyt
22,out/xyt/FVC2002_DB2_B/110_1.xyt,out/xyt/FVC2004_DB3_B/102_5.xyt
22,out/xyt/FVC2002_DB3_B/104_2.xyt,out/xyt/FVC2004_DB2_B/103_7.xyt
22,out/xyt/FVC2002_DB4_B/102_2.xyt,out/xyt/FVC2002_DB4_B/105_7.xyt
22,out/xyt/FVC2004_DB1_B/103_6.xyt,out/xyt/FVC2004_DB2_B/108_3.xyt
22,out/xyt/FVC2002_DB1_B/102_1.xyt,out/xyt/FVC2002_DB1_B/105_7.xyt
22,out/xyt/FVC2002_DB4_B/109_8.xyt,out/xyt/FVC2004_DB1_B/103_6.xyt
22,out/xyt/FVC2000_DB2_B/104_1.xyt,out/xyt/FVC2004_DB1_B/102_8.xyt
22,out/xyt/FVC2000_DB1_B/101_8.xyt,out/xyt/FVC2000_DB2_B/101_1.xyt
22,out/xyt/FVC2000_DB1_B/109_7.xyt,out/xyt/FVC2002_DB1_B/110_5.xyt
22,out/xyt/FVC2000_DB4_B/102_4.xyt,out/xyt/FVC2002_DB2_B/103_8.xyt
22,out/xyt/FVC2002_DB4_B/102_7.xyt,out/xyt/FVC2002_DB4_B/110_5.xyt
22,out/xyt/FVC2002_DB1_B/110_4.xyt,out/xyt/FVC2002_DB2_B/110_6.xyt
22,out/xyt/FVC2004_DB2_B/108_4.xyt,out/xyt/FVC2004_DB2_B/109_1.xyt
22,out/xyt/FVC2002_DB2_B/108_3.xyt,out/xyt/FVC2002_DB2_B/109_1.xyt
22,out/xyt/FVC2002_DB4_B/101_4.xyt,out/xyt/FVC2002_DB4_B/102_7.xyt
22,out/xyt/FVC2002_DB1_B/110_1.xyt,out/xyt/FVC2002_DB4_B/110_1.xyt
22,out/xyt/FVC2002_DB1_B/106_3.xyt,out/xyt/FVC2004_DB1_B/101_5.xyt
22,out/xyt/FVC2000_DB1_B/108_8.xyt,out/xyt/FVC2000_DB2_B/102_4.xyt
22,out/xyt/FVC2002_DB1_B/106_3.xyt,out/xyt/FVC2004_DB4_B/106_8.xyt
22,out/xyt/FVC2000_DB1_B/109_7.xyt,out/xyt/FVC2002_DB1_B/106_3.xyt
22,out/xyt/FVC2002_DB3_B/109_6.xyt,out/xyt/FVC2002_DB3_B/110_1.xyt
22,out/xyt/FVC2000_DB3_B/104_3.xyt,out/xyt/FVC2000_DB3_B/105_4.xyt
22,out/xyt/FVC2000_DB3_B/110_8.xyt,out/xyt/FVC2002_DB1_B/106_2.xyt
22,out/xyt/FVC2000_DB1_B/109_3.xyt,out/xyt/FVC2000_DB2_B/104_2.xyt
22,out/xyt/FVC2000_DB1_B/109_7.xyt,out/xyt/FVC2000_DB2_B/109_6.xyt
22,out/xyt/FVC2002_DB2_B/102_7.xyt,out/xyt/FVC2002_DB4_B/108_2.xyt
22,out/xyt/FVC2002_DB3_B/104_1.xyt,out/xyt/FVC2004_DB4_B/104_3.xyt
22,out/xyt/FVC2000_DB4_B/109_6.xyt,out/xyt/FVC2002_DB4_B/108_2.xyt
22,out/xyt/FVC2000_DB2_B/109_1.xyt,out/xyt/FVC2004_DB1_B/110_2.xyt
22,out/xyt/FVC2000_DB4_B/102_1.xyt,out/xyt/FVC2004_DB1_B/104_6.xyt
22,out/xyt/FVC2000_DB1_B/109_3.xyt,out/xyt/FVC2002_DB1_B/107_1.xyt
22,out/xyt/FVC2000_DB2_B/104_1.xyt,out/xyt/FVC2002_DB2_B/105_6.xyt
22,out/xyt/FVC2002_DB1_B/105_1.xyt,out/xyt/FVC2004_DB4_B/108_5.xyt
22,out/xyt/FVC2002_DB4_B/101_4.xyt,out/xyt/FVC2004_DB4_B/105_8.xyt
22,out/xyt/FVC2000_DB4_B/109_1.xyt,out/xyt/FVC2004_DB4_B/106_7.xyt
22,out/xyt/FVC2002_DB1_B/106_8.xyt,out/xyt/FVC2002_DB2_B/106_1.xyt
22,out/xyt/FVC2000_DB4_B/103_2.xyt,out/xyt/FVC2002_DB4_B/105_5.xyt
22,out/xyt/FVC2000_DB2_B/107_7.xyt,out/xyt/FVC2002_DB1_B/110_1.xyt
22,out/xyt/FVC2002_DB1_B/110_8.xyt,out/xyt/FVC2002_DB4_B/105_4.xyt
22,out/xyt/FVC2000_DB1_B/104_5.xyt,out/xyt/FVC2002_DB1_B/110_5.xyt
22,out/xyt/FVC2002_DB3_B/109_6.xyt,out/xyt/FVC2004_DB1_B/103_4.xyt
22,out/xyt/FVC2000_DB1_B/106_7.xyt,out/xyt/FVC2000_DB1_B/107_4.xyt
22,out/xyt/FVC2002_DB1_B/107_2.xyt,out/xyt/FVC2004_DB4_B/109_5.xyt
22,out/xyt/FVC2002_DB1_B/110_1.xyt,out/xyt/FVC2004_DB3_B/106_1.xyt
22,out/xyt/FVC2000_DB4_B/102_2.xyt,out/xyt/FVC2004_DB2_B/108_4.xyt
22,out/xyt/FVC2002_DB1_B/106_8.xyt,out/xyt/FVC2002_DB1_B/110_2.xyt
22,out/xyt/FVC2000_DB1_B/105_5.xyt,out/xyt/FVC2000_DB2_B/105_8.xyt
22,out/xyt/FVC2000_DB1_B/105_3.xyt,out/xyt/FVC2002_DB1_B/110_6.xyt
22,out/xyt/FVC2000_DB1_B/109_4.xyt,out/xyt/FVC2004_DB1_B/103_7.xyt
22,out/xyt/FVC2000_DB4_B/110_3.xyt,out/xyt/FVC2002_DB4_B/110_3.xyt
22,out/xyt/FVC2004_DB4_B/108_5.xyt,out/xyt/FVC2004_DB4_B/110_7.xyt
22,out/xyt/FVC2000_DB2_B/105_1.xyt,out/xyt/FVC2002_DB1_B/107_3.xyt
22,out/xyt/FVC2002_DB4_B/105_5.xyt,out/xyt/FVC2004_DB2_B/101_1.xyt
22,out/xyt/FVC2002_DB1_B/104_5.xyt,out/xyt/FVC2002_DB3_B/105_5.xyt
22,out/xyt/FVC2002_DB1_B/103_1.xyt,out/xyt/FVC2004_DB1_B/106_5.xyt
22,out/xyt/FVC2000_DB4_B/103_1.xyt,out/xyt/FVC2002_DB4_B/110_5.xyt
22,out/xyt/FVC2000_DB1_B/108_8.xyt,out/xyt/FVC2002_DB4_B/105_3.xyt
22,out/xyt/FVC2004_DB1_B/109_2.xyt,out/xyt/FVC2004_DB2_B/105_6.xyt
22,out/xyt/FVC2002_DB1_B/110_5.xyt,out/xyt/FVC2004_DB1_B/102_8.xyt
22,out/xyt/FVC2002_DB2_B/105_6.xyt,out/xyt/FVC2002_DB4_B/102_2.xyt
22,out/xyt/FVC2002_DB1_B/102_1.xyt,out/xyt/FVC2002_DB1_B/105_6.xyt
22,out/xyt/FVC2002_DB2_B/105_4.xyt,out/xyt/FVC2002_DB4_B/102_3.xyt
22,out/xyt/FVC2002_DB4_B/103_3.xyt,out/xyt/FVC2004_DB4_B/108_5.xyt
22,out/xyt/FVC2002_DB2_B/105_7.xyt,out/xyt/FVC2004_DB1_B/102_8.xyt
22,out/xyt/FVC2000_DB4_B/101_3.xyt,out/xyt/FVC2000_DB4_B/109_3.xyt
22,out/xyt/FVC2000_DB4_B/110_8.xyt,out/xyt/FVC2004_DB1_B/107_1.xyt
22,out/xyt/FVC2000_DB1_B/102_4.xyt,out/xyt/FVC2002_DB4_B/102_5.xyt
22,out/xyt/FVC2000_DB1_B/108_7.xyt,out/xyt/FVC2004_DB1_B/107_1.xyt
22,out/xyt/FVC2004_DB4_B/106_4.xyt,out/xyt/FVC2004_DB4_B/109_5.xyt
22,out/xyt/FVC2002_DB1_B/106_5.xyt,out/xyt/FVC2002_DB2_B/106_1.xyt
22,out/xyt/FVC2000_DB1_B/109_4.xyt,out/xyt/FVC2002_DB1_B/107_2.xyt
22,out/xyt/FVC2002_DB4_B/101_4.xyt,out/xyt/FVC2004_DB4_B/105_3.xyt
22,out/xyt/FVC2000_DB2_B/104_2.xyt,out/xyt/FVC2002_DB1_B/110_1.xyt
22,out/xyt/FVC2000_DB1_B/108_5.xyt,out/xyt/FVC2000_DB2_B/108_1.xyt
22,out/xyt/FVC2000_DB4_B/109_2.xyt,out/xyt/FVC2004_DB4_B/106_3.xyt
22,out/xyt/FVC2000_DB1_B/108_8.xyt,out/xyt/FVC2000_DB2_B/108_6.xyt
22,out/xyt/FVC2002_DB1_B/102_6.xyt,out/xyt/FVC2004_DB4_B/106_3.xyt
22,out/xyt/FVC2000_DB4_B/109_5.xyt,out/xyt/FVC2004_DB4_B/110_6.xyt
22,out/xyt/FVC2000_DB1_B/101_2.xyt,out/xyt/FVC2000_DB2_B/101_4.xyt
22,out/xyt/FVC2004_DB4_B/108_5.xyt,out/xyt/FVC2004_DB4_B/110_6.xyt
22,out/xyt/FVC2002_DB3_B/104_1.xyt,out/xyt/FVC2004_DB1_B/107_1.xyt
22,out/xyt/FVC2000_DB3_B/104_3.xyt,out/xyt/FVC2004_DB2_B/107_1.xyt
22,out/xyt/FVC2002_DB1_B/106_6.xyt,out/xyt/FVC2002_DB4_B/102_4.xyt
22,out/xyt/FVC2000_DB4_B/109_1.xyt,out/xyt/FVC2002_DB3_B/110_1.xyt
22,out/xyt/FVC2002_DB4_B/105_5.xyt,out/xyt/FVC2002_DB4_B/110_1.xyt
22,out/xyt/FVC2002_DB1_B/106_8.xyt,out/xyt/FVC2004_DB3_B/106_1.xyt
22,out/xyt/FVC2000_DB1_B/105_7.xyt,out/xyt/FVC2000_DB1_B/109_7.xyt
22,out/xyt/FVC2000_DB4_B/109_6.xyt,out/xyt/FVC2004_DB4_B/106_3.xyt
22,out/xyt/FVC2000_DB2_B/104_5.xyt,out/xyt/FVC2002_DB1_B/107_3.xyt
22,out/xyt/FVC2000_DB2_B/104_1.xyt,out/xyt/FVC2002_DB4_B/102_7.xyt
22,out/xyt/FVC2002_DB4_B/102_6.xyt,out/xyt/FVC2002_DB4_B/110_5.xyt
22,out/xyt/FVC2002_DB1_B/106_3.xyt,out/xyt/FVC2004_DB4_B/110_6.xyt
22,out/xyt/FVC2004_DB2_B/103_5.xyt,out/xyt/FVC2004_DB2_B/108_3.xyt
22,out/xyt/FVC2000_DB2_B/105_3.xyt,out/xyt/FVC2004_DB2_B/102_1.xyt
22,out/xyt/FVC2002_DB2_B/103_8.xyt,out/xyt/FVC2002_DB3_B/104_7.xyt
22,out/xyt/FVC2000_DB3_B/110_8.xyt,out/xyt/FVC2002_DB1_B/106_8.xyt
22,out/xyt/FVC2004_DB1_B/103_1.xyt,out/xyt/FVC2004_DB4_B/105_3.xyt
22,out/xyt/FVC2004_DB2_B/108_4.xyt,out/xyt/FVC2004_DB4_B/110_8.xyt
22,out/xyt/FVC2002_DB2_B/110_4.xyt,out/xyt/FVC2004_DB1_B/109_6.xyt
22,out/xyt/FVC2000_DB1_B/102_5.xyt,out/xyt/FVC2004_DB1_B/101_7.xyt
22,out/xyt/FVC2000_DB4_B/110_8.xyt,out/xyt/FVC2004_DB1_B/103_6.xyt
22,out/xyt/FVC2002_DB2_B/103_2.xyt,out/xyt/FVC2004_DB3_B/105_3.xyt
22,out/xyt/FVC2002_DB1_B/106_5.xyt,out/xyt/FVC2004_DB4_B/105_5.xyt
22,out/xyt/FVC2002_DB1_B/105_7.xyt,out/xyt/FVC2004_DB1_B/108_6.xyt
22,out/xyt/FVC2002_DB1_B/106_7.xyt,out/xyt/FVC2004_DB1_B/103_5.xyt
22,out/xyt/FVC2002_DB4_B/102_5.xyt,out/xyt/FVC2002_DB4_B/110_5.xyt
22,out/xyt/FVC2002_DB4_B/102_5.xyt,out/xyt/FVC2004_DB4_B/105_8.xyt
22,out/xyt/FVC2000_DB4_B/110_1.xyt,out/xyt/FVC2004_DB4_B/110_4.xyt
22,out/xyt/FVC2000_DB1_B/109_4.xyt,out/xyt/FVC2004_DB1_B/110_5.xyt
22,out/xyt/FVC2002_DB4_B/103_8.xyt,out/xyt/FVC2002_DB4_B/108_4.xyt
22,out/xyt/FVC2002_DB2_B/109_2.xyt,out/xyt/FVC2004_DB1_B/104_7.xyt
22,out/xyt/FVC2000_DB4_B/101_4.xyt,out/xyt/FVC2002_DB4_B/102_4.xyt
22,out/xyt/FVC2002_DB1_B/102_2.xyt,out/xyt/FVC2002_DB1_B/106_8.xyt
22,out/xyt/FVC2000_DB1_B/108_6.xyt,out/xyt/FVC2002_DB4_B/109_3.xyt
22,out/xyt/FVC2000_DB4_B/108_7.xyt,out/xyt/FVC2002_DB2_B/105_3.xyt
22,out/xyt/FVC2000_DB1_B/109_3.xyt,out/xyt/FVC2004_DB4_B/110_1.xyt
22,out/xyt/FVC2002_DB1_B/102_6.xyt,out/xyt/FVC2004_DB1_B/104_7.xyt
22,out/xyt/FVC2000_DB1_B/109_7.xyt,out/xyt/FVC2000_DB4_B/109_7.xyt
22,out/xyt/FVC2000_DB4_B/109_6.xyt,out/xyt/FVC2002_DB4_B/109_1.xyt
22,out/xyt/FVC2002_DB4_B/110_7.xyt,out/xyt/FVC2004_DB2_B/109_5.xyt
22,out/xyt/FVC2000_DB4_B/109_6.xyt,out/xyt/FVC2002_DB4_B/110_4.xyt
22,out/xyt/FVC2000_DB2_B/107_4.xyt,out/xyt/FVC2002_DB4_B/101_8.xyt
22,out/xyt/FVC2000_DB2_B/109_4.xyt,out/xyt/FVC2004_DB3_B/102_4.xyt
22,out/xyt/FVC2000_DB4_B/102_1.xyt,out/xyt/FVC2002_DB2_B/103_7.xyt
22,out/xyt/FVC2000_DB4_B/101_4.xyt,out/xyt/FVC2000_DB4_B/108_6.xyt
22,out/xyt/FVC2000_DB1_B/109_3.xyt,out/xyt/FVC2004_DB4_B/110_8.xyt
22,out/xyt/FVC2000_DB1_B/109_3.xyt,out/xyt/FVC2004_DB1_B/105_2.xyt
22,out/xyt/FVC2000_DB1_B/108_5.xyt,out/xyt/FVC2000_DB2_B/102_6.xyt
22,out/xyt/FVC2004_DB4_B/104_3.xyt,out/xyt/FVC2004_DB4_B/108_1.xyt
22,out/xyt/FVC2002_DB1_B/102_2.xyt,out/xyt/FVC2004_DB4_B/104_1.xyt
22,out/xyt/FVC2000_DB1_B/109_5.xyt,out/xyt/FVC2002_DB3_B/108_8.xyt
22,out/xyt/FVC2002_DB2_B/103_2.xyt,out/xyt/FVC2004_DB3_B/105_2.xyt
22,out/xyt/FVC2000_DB2_B/107_5.xyt,out/xyt/FVC2002_DB1_B/110_1.xyt
22,out/xyt/FVC2002_DB1_B/107_3.xyt,out/xyt/FVC2002_DB2_B/106_1.xyt
22,out/xyt/FVC2002_DB1_B/102_1.xyt,out/xyt/FVC2004_DB3_B/106_2.xyt
22,out/xyt/FVC2002_DB4_B/101_6.xyt,out/xyt/FVC2002_DB4_B/105_5.xyt
22,out/xyt/FVC2000_DB4_B/110_6.xyt,out/xyt/FVC2002_DB4_B/105_4.xyt
22,out/xyt/FVC2000_DB4_B/102_4.xyt,out/xyt/FVC2004_DB2_B/101_5.xyt
22,out/xyt/FVC2002_DB1_B/106_8.xyt,out/xyt/FVC2002_DB2_B/105_7.xyt
22,out/xyt/FVC2000_DB4_B/103_7.xyt,out/xyt/FVC2002_DB4_B/102_5.xyt
22,out/xyt/FVC2002_DB1_B/102_1.xyt,out/xyt/FVC2004_DB1_B/107_1.xyt
22,out/xyt/FVC2000_DB4_B/109_3.xyt,out/xyt/FVC2002_DB1_B/106_6.xyt
22,out/xyt/FVC2004_DB4_B/108_5.xyt,out/xyt/FVC2004_DB4_B/110_8.xyt
22,out/xyt/FVC2002_DB2_B/105_1.xyt,out/xyt/FVC2002_DB2_B/106_3.xyt
22,out/xyt/FVC2000_DB4_B/109_4.xyt,out/xyt/FVC2002_DB1_B/106_8.xyt
22,out/xyt/FVC2004_DB1_B/108_4.xyt,out/xyt/FVC2004_DB2_B/104_3.xyt
22,out/xyt/FVC2002_DB1_B/106_2.xyt,out/xyt/FVC2004_DB1_B/104_4.xyt
22,out/xyt/FVC2000_DB1_B/109_4.xyt,out/xyt/FVC2004_DB4_B/106_4.xyt
22,out/xyt/FVC2002_DB4_B/109_1.xyt,out/xyt/FVC2004_DB2_B/104_1.xyt
22,out/xyt/FVC2000_DB4_B/109_2.xyt,out/xyt/FVC2004_DB4_B/108_5.xyt
22,out/xyt/FVC2002_DB3_B/104_1.xyt,out/xyt/FVC2004_DB2_B/103_1.xyt
22,out/xyt/FVC2000_DB2_B/104_1.xyt,out/xyt/FVC2002_DB2_B/106_1.xyt
22,out/xyt/FVC2002_DB2_B/108_4.xyt,out/xyt/FVC2004_DB4_B/106_5.xyt
22,out/xyt/FVC2000_DB4_B/102_2.xyt,out/xyt/FVC2002_DB2_B/103_4.xyt
22,out/xyt/FVC2000_DB3_B/105_4.xyt,out/xyt/FVC2004_DB3_B/104_8.xyt
22,out/xyt/FVC2000_DB4_B/102_7.xyt,out/xyt/FVC2002_DB2_B/108_4.xyt
22,out/xyt/FVC2004_DB1_B/103_7.xyt,out/xyt/FVC2004_DB4_B/105_6.xyt
22,out/xyt/FVC2000_DB2_B/106_8.xyt,out/xyt/FVC2002_DB1_B/109_4.xyt
22,out/xyt/FVC2000_DB2_B/104_1.xyt,out/xyt/FVC2002_DB2_B/106_3.xyt
22,out/xyt/FVC2000_DB1_B/107_4.xyt,out/xyt/FVC2000_DB1_B/109_5.xyt
22,out/xyt/FVC2000_DB1_B/109_4.xyt,out/xyt/FVC2002_DB4_B/109_3.xyt
22,out/xyt/FVC2002_DB1_B/106_8.xyt,out/xyt/FVC2002_DB1_B/110_6.xyt
22,out/xyt/FVC2002_DB1_B/106_5.xyt,out/xyt/FVC2004_DB2_B/110_4.xyt
22,out/xyt/FVC2002_DB3_B/109_7.xyt,out/xyt/FVC2004_DB1_B/107_4.xyt
22,out/xyt/FVC2002_DB1_B/104_5.xyt,out/xyt/FVC2004_DB2_B/102_6.xyt
22,out/xyt/FVC2002_DB3_B/107_5.xyt,out/xyt/FVC2002_DB4_B/107_2.xyt
22,out/xyt/FVC2002_DB3_B/108_5.xyt,out/xyt/FVC2004_DB1_B/109_8.xyt
22,out/xyt/FVC2000_DB2_B/105_3.xyt,out/xyt/FVC2002_DB1_B/107_4.xyt
22,out/xyt/FVC2000_DB1_B/102_3.xyt,out/xyt/FVC2000_DB1_B/108_7.xyt
22,out/xyt/FVC2000_DB1_B/102_3.xyt,out/xyt/FVC2000_DB1_B/108_8.xyt
22,out/xyt/FVC2000_DB1_B/109_3.xyt,out/xyt/FVC2000_DB2_B/107_8.xyt
22,out/xyt/FVC2004_DB3_B/104_3.xyt,out/xyt/FVC2004_DB3_B/110_7.xyt
22,out/xyt/FVC2000_DB1_B/108_3.xyt,out/xyt/FVC2000_DB2_B/108_5.xyt
22,out/xyt/FVC2004_DB1_B/108_7.xyt,out/xyt/FVC2004_DB2_B/108_5.xyt
22,out/xyt/FVC2004_DB2_B/109_1.xyt,out/xyt/FVC2004_DB3_B/105_2.xyt
22,out/xyt/FVC2000_DB2_B/109_5.xyt,out/xyt/FVC2002_DB1_B/102_1.xyt
22,out/xyt/FVC2000_DB1_B/109_3.xyt,out/xyt/FVC2000_DB4_B/109_5.xyt
22,out/xyt/FVC2000_DB4_B/109_5.xyt,out/xyt/FVC2004_DB4_B/110_4.xyt
22,out/xyt/FVC2002_DB2_B/103_5.xyt,out/xyt/FVC2002_DB4_B/101_8.xyt
22,out/xyt/FVC2000_DB2_B/104_6.xyt,out/xyt/FVC2002_DB1_B/110_1.xyt
22,out/xyt/FVC2002_DB2_B/105_6.xyt,out/xyt/FVC2002_DB4_B/102_4.xyt
22,out/xyt/FVC2002_DB4_B/109_3.xyt,out/xyt/FVC2004_DB4_B/106_3.xyt
22,out/xyt/FVC2002_DB2_B/106_8.xyt,out/xyt/FVC2002_DB2_B/108_8.xyt
22,out/xyt/FVC2000_DB1_B/106_6.xyt,out/xyt/FVC2004_DB2_B/102_1.xyt
22,out/xyt/FVC2000_DB2_B/104_5.xyt,out/xyt/FVC2002_DB2_B/105_8.xyt
22,out/xyt/FVC2000_DB1_B/104_8.xyt,out/xyt/FVC2004_DB3_B/105_1.xyt
22,out/xyt/FVC2004_DB2_B/103_3.xyt,out/xyt/FVC2004_DB2_B/104_3.xyt
22,out/xyt/FVC2002_DB2_B/108_2.xyt,out/xyt/FVC2002_DB2_B/109_5.xyt
22,out/xyt/FVC2000_DB2_B/107_3.xyt,out/xyt/FVC2002_DB4_B/109_6.xyt
21,out/xyt/FVC2002_DB4_B/106_2.xyt,out/xyt/FVC2004_DB4_B/105_8.xyt
21,out/xyt/FVC2000_DB2_B/104_6.xyt,out/xyt/FVC2002_DB1_B/106_3.xyt
21,out/xyt/FVC2000_DB1_B/110_6.xyt,out/xyt/FVC2000_DB2_B/110_3.xyt
21,out/xyt/FVC2000_DB1_B/109_6.xyt,out/xyt/FVC2004_DB2_B/109_5.xyt
21,out/xyt/FVC2000_DB4_B/105_4.xyt,out/xyt/FVC2002_DB1_B/107_3.xyt
21,out/xyt/FVC2000_DB4_B/109_6.xyt,out/xyt/FVC2002_DB4_B/107_5.xyt
21,out/xyt/FVC2002_DB4_B/103_4.xyt,out/xyt/FVC2004_DB4_B/108_5.xyt
21,out/xyt/FVC2002_DB1_B/101_7.xyt,out/xyt/FVC2004_DB2_B/109_5.xyt
21,out/xyt/FVC2000_DB4_B/103_3.xyt,out/xyt/FVC2002_DB4_B/103_2.xyt
21,out/xyt/FVC2000_DB2_B/104_5.xyt,out/xyt/FVC2002_DB1_B/110_1.xyt
21,out/xyt/FVC2002_DB3_B/108_8.xyt,out/xyt/FVC2004_DB2_B/102_3.xyt
21,out/xyt/FVC2002_DB1_B/101_7.xyt,out/xyt/FVC2002_DB1_B/110_8.xyt
21,out/xyt/FVC2000_DB2_B/104_4.xyt,out/xyt/FVC2000_DB4_B/103_3.xyt
21,out/xyt/FVC2002_DB3_B/106_1.xyt,out/xyt/FVC2004_DB4_B/104_3.xyt
21,out/xyt/FVC2002_DB4_B/101_5.xyt,out/xyt/FVC2002_DB4_B/103_3.xyt
21,out/xyt/FVC2004_DB3_B/102_5.xyt,out/xyt/FVC2004_DB3_B/104_4.xyt
21,out/xyt/FVC2000_DB2_B/107_7.xyt,out/xyt/FVC2002_DB1_B/109_4.xyt
21,out/xyt/FVC2000_DB2_B/107_6.xyt,out/xyt/FVC2004_DB2_B/103_5.xyt
21,out/xyt/FVC2000_DB4_B/108_5.xyt,out/xyt/FVC2002_DB4_B/108_6.xyt
21,out/xyt/FVC2000_DB4_B/104_4.xyt,out/xyt/FVC2002_DB4_B/107_4.xyt
21,out/xyt/FVC2000_DB1_B/105_8.xyt,out/xyt/FVC2004_DB2_B/102_3.xyt
21,out/xyt/FVC2002_DB1_B/110_4.xyt,out/xyt/FVC2002_DB4_B/105_3.xyt
21,out/xyt/FVC2002_DB1_B/105_8.xyt,out/xyt/FVC2004_DB4_B/106_8.xyt
21,out/xyt/FVC2000_DB1_B/102_4.xyt,out/xyt/FVC2004_DB4_B/110_6.xyt
21,out/xyt/FVC2002_DB4_B/106_1.xyt,out/xyt/FVC2004_DB1_B/104_1.xyt
21,out/xyt/FVC2002_DB1_B/106_8.xyt,out/xyt/FVC2004_DB3_B/106_2.xyt
21,out/xyt/FVC2002_DB1_B/107_5.xyt,out/xyt/FVC2002_DB2_B/105_7.xyt
21,out/xyt/FVC2000_DB3_B/104_3.xyt,out/xyt/FVC2004_DB3_B/104_1.xyt
21,out/xyt/FVC2002_DB4_B/101_6.xyt,out/xyt/FVC2002_DB4_B/102_7.xyt
21,out/xyt/FVC2002_DB4_B/110_2.xyt,out/xyt/FVC2004_DB4_B/105_8.xyt
21,out/xyt/FVC2002_DB4_B/102_7.xyt,out/xyt/FVC2004_DB1_B/104_6.xyt
21,out/xyt/FVC2000_DB4_B/109_5.xyt,out/xyt/FVC2002_DB1_B/106_3.xyt
21,out/xyt/FVC2000_DB1_B/108_8.xyt,out/xyt/FVC2000_DB2_B/102_5.xyt
21,out/xyt/FVC2002_DB4_B/109_2.xyt,out/xyt/FVC2004_DB3_B/107_2.xyt
21,out/xyt/FVC2002_DB4_B/105_1.xyt,out/xyt/FVC2004_DB4_B/106_7.xyt
21,out/xyt/FVC2002_DB1_B/102_4.xyt,out/xyt/FVC2002_DB1_B/105_8.xyt
21,out/xyt/FVC2000_DB1_B/109_5.xyt,out/xyt/FVC2004_DB2_B/109_1.xyt
21,out/xyt/FVC2000_DB1_B/109_4.xyt,out/xyt/FVC2004_DB1_B/103_3.xyt
21,out/xyt/FVC2002_DB1_B/104_8.xyt,out/xyt/FVC2004_DB1_B/104_1.xyt
21,out/xyt/FVC2000_DB2_B/107_6.xyt,out/xyt/FVC2004_DB1_B/102_2.xyt
21,out/xyt/FVC2000_DB4_B/105_4.xyt,out/xyt/FVC2004_DB2_B/108_2.xyt
21,out/xyt/FVC2000_DB1_B/102_7.xyt,out/xyt/FVC2000_DB1_B/108_8.xyt
21,out/xyt/FVC2002_DB1_B/106_8.xyt,out/xyt/FVC2004_DB2_B/104_1.xyt
21,out/xyt/FVC2000_DB4_B/109_7.xyt,out/xyt/FVC2002_DB1_B/102_7.xyt
21,out/xyt/FVC2000_DB4_B/102_1.xyt,out/xyt/FVC2004_DB2_B/109_1.xyt
21,out/xyt/FVC2000_DB2_B/107_3.xyt,out/xyt/FVC2002_DB1_B/110_2.xyt
21,out/xyt/FVC2000_DB4_B/109_1.xyt,out/xyt/FVC2004_DB4_B/108_8.xyt
21,out/xyt/FVC2002_DB1_B/109_1.xyt,out/xyt/FVC2002_DB4_B/107_2.xyt
21,out/xyt/FVC2002_DB1_B/106_8.xyt,out/xyt/FVC2004_DB2_B/109_5.xyt
21,out/xyt/FVC2000_DB2_B/102_4.xyt,out/xyt/FVC2004_DB1_B/101_7.xyt
21,out/xyt/FVC2000_DB1_B/106_7.xyt,out/xyt/FVC2004_DB1_B/109_5.xyt
21,out/xyt/FVC2000_DB4_B/102_4.xyt,out/xyt/FVC2000_DB4_B/105_6.xyt
21,out/xyt/FVC2000_DB4_B/109_8.xyt,out/xyt/FVC2004_DB2_B/108_1.xyt
21,out/xyt/FVC2000_DB2_B/107_3.xyt,out/xyt/FVC2002_DB4_B/108_2.xyt
21,out/xyt/FVC2002_DB2_B/103_7.xyt,out/xyt/FVC2002_DB2_B/108_2.xyt
21,out/xyt/FVC2000_DB1_B/106_8.xyt,out/xyt/FVC2002_DB4_B/105_5.xyt
21,out/xyt/FVC2000_DB1_B/102_5.xyt,out/xyt/FVC2004_DB1_B/104_1.xyt
21,out/xyt/FVC2000_DB4_B/109_5.xyt,out/xyt/FVC2002_DB1_B/106_1.xyt
21,out/xyt/FVC2000_DB2_B/103_2.xyt,out/xyt/FVC2002_DB2_B/101_7.xyt
21,out/xyt/FVC2004_DB3_B/106_2.xyt,out/xyt/FVC2004_DB4_B/106_3.xyt
21,out/xyt/FVC2000_DB1_B/104_3.xyt,out/xyt/FVC2002_DB2_B/105_6.xyt
21,out/xyt/FVC2002_DB1_B/102_1.xyt,out/xyt/FVC2002_DB4_B/108_1.xyt
21,out/xyt/FVC2000_DB2_B/107_3.xyt,out/xyt/FVC2002_DB1_B/110_1.xyt
21,out/xyt/FVC2000_DB1_B/104_3.xyt,out/xyt/FVC2002_DB1_B/107_3.xyt
21,out/xyt/FVC2002_DB1_B/107_3.xyt,out/xyt/FVC2002_DB2_B/105_7.xyt
21,out/xyt/FVC2004_DB1_B/103_6.xyt,out/xyt/FVC2004_DB4_B/108_5.xyt
21,out/xyt/FVC2000_DB4_B/109_3.xyt,out/xyt/FVC2002_DB4_B/108_3.xyt
21,out/xyt/FVC2000_DB4_B/102_1.xyt,out/xyt/FVC2004_DB1_B/103_6.xyt
21,out/xyt/FVC2000_DB1_B/109_3.xyt,out/xyt/FVC2002_DB4_B/103_5.xyt
21,out/xyt/FVC2002_DB1_B/107_1.xyt,out/xyt/FVC2002_DB4_B/102_3.xyt
21,out/xyt/FVC2002_DB2_B/105_6.xyt,out/xyt/FVC2002_DB2_B/106_1.xyt
21,out/xyt/FVC2000_DB4_B/109_1.xyt,out/xyt/FVC2002_DB2_B/108_1.xyt
21,out/xyt/FVC2002_DB1_B/106_2.xyt,out/xyt/FVC2004_DB1_B/101_5.xyt
21,out/xyt/FVC2004_DB1_B/103_5.xyt,out/xyt/FVC2004_DB1_B/107_1.xyt
21,out/xyt/FVC2000_DB1_B/107_6.xyt,out/xyt/FVC2002_DB4_B/105_4.xyt
21,out/xyt/FVC2000_DB2_B/105_2.xyt,out/xyt/FVC2002_DB2_B/105_8.xyt
21,out/xyt/FVC2000_DB4_B/110_1.xyt,out/xyt/FVC2002_DB4_B/105_8.xyt
21,out/xyt/FVC2002_DB3_B/110_1.xyt,out/xyt/FVC2004_DB4_B/108_8.xyt
21,out/xyt/FVC2000_DB1_B/106_3.xyt,out/xyt/FVC2000_DB1_B/108_1.xyt
21,out/xyt/FVC2004_DB2_B/103_6.xyt,out/xyt/FVC2004_DB2_B/108_3.xyt
21,out/xyt/FVC2002_DB1_B/106_5.xyt,out/xyt/FVC2002_DB2_B/108_1.xyt
21,out/xyt/FVC2000_DB2_B/104_6.xyt,out/xyt/FVC2002_DB1_B/106_8.xyt
21,out/xyt/FVC2000_DB1_B/106_1.xyt,out/xyt/FVC2002_DB1_B/109_4.xyt
21,out/xyt/FVC2000_DB1_B/102_6.xyt,out/xyt/FVC2004_DB2_B/108_7.xyt
21,out/xyt/FVC2002_DB4_B/103_8.xyt,out/xyt/FVC2002_DB4_B/108_3.xyt
21,out/xyt/FVC2002_DB4_B/101_4.xyt,out/xyt/FVC2002_DB4_B/107_2.xyt
21,out/xyt/FVC2002_DB4_B/101_4.xyt,out/xyt/FVC2002_DB4_B/102_5.xyt
21,out/xyt/FVC2002_DB4_B/110_7.xyt,out/xyt/FVC2004_DB4_B/106_5.xyt
21,out/xyt/FVC2000_DB4_B/103_6.xyt,out/xyt/FVC2004_DB4_B/106_7.xyt
21,out/xyt/FVC2002_DB1_B/106_3.xyt,out/xyt/FVC2004_DB1_B/101_7.xyt
21,out/xyt/FVC2000_DB1_B/101_4.xyt,out/xyt/FVC2000_DB2_B/101_8.xyt
21,out/xyt/FVC2000_DB4_B/103_6.xyt,out/xyt/FVC2002_DB4_B/103_5.xyt
21,out/xyt/FVC2004_DB4_B/103_4.xyt,out/xyt/FVC2004_DB4_B/110_7.xyt
21,out/xyt/FVC2002_DB2_B/105_7.xyt,out/xyt/FVC2002_DB2_B/106_1.xyt
21,out/xyt/FVC2002_DB2_B/103_7.xyt,out/xyt/FVC2002_DB4_B/101_8.xyt
21,out/xyt/FVC2004_DB2_B/108_3.xyt,out/xyt/FVC2004_DB2_B/109_4.xyt
21,out/xyt/FVC2002_DB1_B/107_1.xyt,out/xyt/FVC2004_DB2_B/110_4.xyt
21,out/xyt/FVC2000_DB3_B/110_6.xyt,out/xyt/FVC2000_DB4_B/110_7.xyt
21,out/xyt/FVC2000_DB4_B/110_8.xyt,out/xyt/FVC2002_DB4_B/109_8.xyt
21,out/xyt/FVC2000_DB2_B/105_8.xyt,out/xyt/FVC2002_DB2_B/105_6.xyt
21,out/xyt/FVC2002_DB3_B/109_4.xyt,out/xyt/FVC2002_DB4_B/105_5.xyt
21,out/xyt/FVC2000_DB1_B/109_7.xyt,out/xyt/FVC2002_DB1_B/106_5.xyt
21,out/xyt/FVC2000_DB3_B/108_8.xyt,out/xyt/FVC2004_DB2_B/107_2.xyt
21,out/xyt/FVC2000_DB2_B/107_8.xyt,out/xyt/FVC2002_DB1_B/106_8.xyt
21,out/xyt/FVC2000_DB1_B/109_5.xyt,out/xyt/FVC2004_DB2_B/109_3.xyt
21,out/xyt/FVC2002_DB4_B/102_4.xyt,out/xyt/FVC2002_DB4_B/110_6.xyt
21,out/xyt/FVC2000_DB4_B/102_6.xyt,out/xyt/FVC2004_DB2_B/105_6.xyt
21,out/xyt/FVC2000_DB1_B/106_7.xyt,out/xyt/FVC2002_DB1_B/105_7.xyt
21,out/xyt/FVC2000_DB1_B/106_6.xyt,out/xyt/FVC2002_DB1_B/109_5.xyt
21,out/xyt/FVC2002_DB1_B/110_4.xyt,out/xyt/FVC2004_DB1_B/102_8.xyt
21,out/xyt/FVC2000_DB2_B/106_8.xyt,out/xyt/FVC2002_DB1_B/102_2.xyt
21,out/xyt/FVC2004_DB2_B/102_1.xyt,out/xyt/FVC2004_DB3_B/106_2.xyt
21,out/xyt/FVC2002_DB4_B/107_4.xyt,out/xyt/FVC2004_DB1_B/103_6.xyt
21,out/xyt/FVC2000_DB1_B/105_5.xyt,out/xyt/FVC2000_DB2_B/105_3.xyt
21,out/xyt/FVC2000_DB1_B/105_1.xyt,out/xyt/FVC2002_DB4_B/108_6.xyt
21,out/xyt/FVC2002_DB1_B/102_1.xyt,out/xyt/FVC2002_DB2_B/109_2.xyt
21,out/xyt/FVC2002_DB4_B/103_5.xyt,out/xyt/FVC2002_DB4_B/108_2.xyt
21,out/xyt/FVC2000_DB1_B/109_5.xyt,out/xyt/FVC2002_DB1_B/107_2.xyt
21,out/xyt/FVC2000_DB2_B/103_6.xyt,out/xyt/FVC2002_DB2_B/101_7.xyt
21,out/xyt/FVC2004_DB3_B/104_4.xyt,out/xyt/FVC2004_DB3_B/110_7.xyt
21,out/xyt/FVC2002_DB4_B/103_8.xyt,out/xyt/FVC2004_DB4_B/102_6.xyt
21,out/xyt/FVC2002_DB1_B/107_2.xyt,out/xyt/FVC2004_DB2_B/109_6.xyt
21,out/xyt/FVC2000_DB1_B/109_7.xyt,out/xyt/FVC2000_DB2_B/107_5.xyt
21,out/xyt/FVC2002_DB4_B/102_2.xyt,out/xyt/FVC2002_DB4_B/105_2.xyt
21,out/xyt/FVC2000_DB4_B/109_7.xyt,out/xyt/FVC2002_DB1_B/106_8.xyt
21,out/xyt/FVC2002_DB4_B/110_3.xyt,out/xyt/FVC2004_DB4_B/103_6.xyt
21,out/xyt/FVC2002_DB2_B/106_5.xyt,out/xyt/FVC2004_DB4_B/110_8.xyt
21,out/xyt/FVC2002_DB1_B/107_1.xyt,out/xyt/FVC2004_DB2_B/102_1.xyt
21,out/xyt/FVC2002_DB2_B/105_7.xyt,out/xyt/FVC2002_DB2_B/108_3.xyt
21,out/xyt/FVC2002_DB1_B/106_3.xyt,out/xyt/FVC2004_DB1_B/104_1.xyt
21,out/xyt/FVC2000_DB4_B/103_3.xyt,out/xyt/FVC2002_DB4_B/103_1.xyt
21,out/xyt/FVC2002_DB1_B/102_1.xyt,out/xyt/FVC2004_DB1_B/107_5.xyt
21,out/xyt/FVC2002_DB4_B/110_4.xyt,out/xyt/FVC2004_DB4_B/110_3.xyt
21,out/xyt/FVC2002_DB2_B/101_1.xyt,out/xyt/FVC2004_DB2_B/105_6.xyt
21,out/xyt/FVC2000_DB1_B/107_3.xyt,out/xyt/FVC2002_DB2_B/101_7.xyt
21,out/xyt/FVC2000_DB2_B/105_2.xyt,out/xyt/FVC2004_DB1_B/106_2.xyt
21,out/xyt/FVC2002_DB4_B/101_4.xyt,out/xyt/FVC2002_DB4_B/102_8.xyt
21,out/xyt/FVC2004_DB4_B/101_7.xyt,out/xyt/FVC2004_DB4_B/106_4.xyt
21,out/xyt/FVC2002_DB1_B/107_2.xyt,out/xyt/FVC2004_DB2_B/109_1.xyt
21,out/xyt/FVC2002_DB2_B/103_2.xyt,out/xyt/FVC2004_DB1_B/103_6.xyt
21,out/xyt/FVC2004_DB1_B/104_4.xyt,out/xyt/FVC2004_DB4_B/106_5.xyt
21,out/xyt/FVC2000_DB3_B/108_3.xyt,out/xyt/FVC2004_DB2_B/107_1.xyt
21,out/xyt/FVC2002_DB2_B/104_3.xyt,out/xyt/FVC2004_DB1_B/109_4.xyt
21,out/xyt/FVC2000_DB4_B/105_6.xyt,out/xyt/FVC2004_DB4_B/110_3.xyt
21,out/xyt/FVC2004_DB4_B/101_4.xyt,out/xyt/FVC2004_DB4_B/102_1.xyt
21,out/xyt/FVC2000_DB4_B/103_2.xyt,out/xyt/FVC2002_DB4_B/103_4.xyt
21,out/xyt/FVC2002_DB4_B/110_5.xyt,out/xyt/FVC2004_DB2_B/109_5.xyt
21,out/xyt/FVC2002_DB2_B/103_2.xyt,out/xyt/FVC2004_DB1_B/103_1.xyt
21,out/xyt/FVC2000_DB1_B/109_5.xyt,out/xyt/FVC2002_DB1_B/107_7.xyt
21,out/xyt/FVC2000_DB4_B/109_4.xyt,out/xyt/FVC2002_DB1_B/106_5.xyt
21,out/xyt/FVC2002_DB1_B/105_1.xyt,out/xyt/FVC2004_DB2_B/108_1.xyt
21,out/xyt/FVC2000_DB1_B/102_8.xyt,out/xyt/FVC2000_DB1_B/108_7.xyt
21,out/xyt/FVC2002_DB1_B/102_1.xyt,out/xyt/FVC2004_DB2_B/108_1.xyt
21,out/xyt/FVC2002_DB2_B/109_3.xyt,out/xyt/FVC2004_DB1_B/104_1.xyt
21,out/xyt/FVC2000_DB3_B/110_6.xyt,out/xyt/FVC2004_DB2_B/104_6.xyt
21,out/xyt/FVC2000_DB2_B/104_5.xyt,out/xyt/FVC2004_DB1_B/106_2.xyt
21,out/xyt/FVC2002_DB4_B/103_5.xyt,out/xyt/FVC2002_DB4_B/105_6.xyt
21,out/xyt/FVC2000_DB2_B/109_3.xyt,out/xyt/FVC2002_DB4_B/109_5.xyt
21,out/xyt/FVC2000_DB1_B/101_8.xyt,out/xyt/FVC2000_DB2_B/101_6.xyt
21,out/xyt/FVC2002_DB1_B/105_7.xyt,out/xyt/FVC2004_DB2_B/104_7.xyt
21,out/xyt/FVC2000_DB2_B/104_6.xyt,out/xyt/FVC2004_DB4_B/110_3.xyt
21,out/xyt/FVC2002_DB2_B/105_1.xyt,out/xyt/FVC2002_DB4_B/102_3.xyt
21,out/xyt/FVC2002_DB2_B/107_3.xyt,out/xyt/FVC2004_DB2_B/108_3.xyt
21,out/xyt/FVC2002_DB1_B/106_2.xyt,out/xyt/FVC2004_DB4_B/106_4.xyt
21,out/xyt/FVC2000_DB1_B/104_3.xyt,out/xyt/FVC2002_DB4_B/102_3.xyt
21,out/xyt/FVC2000_DB1_B/106_7.xyt,out/xyt/FVC2004_DB2_B/103_1.xyt
21,out/xyt/FVC2000_DB4_B/103_1.xyt,out/xyt/FVC2002_DB4_B/103_3.xyt
21,out/xyt/FVC2000_DB1_B/109_3.xyt,out/xyt/FVC2004_DB3_B/106_2.xyt
21,out/xyt/FVC2000_DB4_B/109_6.xyt,out/xyt/FVC2002_DB1_B/102_1.xyt
21,out/xyt/FVC2000_DB1_B/106_6.xyt,out/xyt/FVC2002_DB1_B/109_4.xyt
21,out/xyt/FVC2000_DB4_B/110_1.xyt,out/xyt/FVC2002_DB4_B/105_5.xyt
21,out/xyt/FVC2002_DB2_B/109_2.xyt,out/xyt/FVC2002_DB4_B/103_8.xyt
21,out/xyt/FVC2000_DB2_B/104_6.xyt,out/xyt/FVC2002_DB2_B/105_8.xyt
21,out/xyt/FVC2000_DB3_B/104_3.xyt,out/xyt/FVC2002_DB3_B/110_3.xyt
21,out/xyt/FVC2002_DB4_B/103_8.xyt,out/xyt/FVC2004_DB4_B/102_1.xyt
21,out/xyt/FVC2002_DB1_B/105_7.xyt,out/xyt/FVC2004_DB1_B/104_5.xyt
21,out/xyt/FVC2000_DB1_B/109_3.xyt,out/xyt/FVC2004_DB1_B/103_3.xyt
21,out/xyt/FVC2002_DB2_B/105_7.xyt,out/xyt/FVC2002_DB2_B/106_5.xyt
21,out/xyt/FVC2002_DB1_B/110_8.xyt,out/xyt/FVC2004_DB1_B/102_8.xyt
21,out/xyt/FVC2004_DB2_B/104_7.xyt,out/xyt/FVC2004_DB2_B/108_3.xyt
21,out/xyt/FVC2002_DB4_B/105_3.xyt,out/xyt/FVC2002_DB4_B/109_6.xyt
21,out/xyt/FVC2000_DB1_B/109_2.xyt,out/xyt/FVC2002_DB1_B/106_5.xyt
21,out/xyt/FVC2002_DB4_B/110_4.xyt,out/xyt/FVC2004_DB4_B/110_1.xyt
21,out/xyt/FVC2000_DB4_B/110_3.xyt,out/xyt/FVC2002_DB2_B/109_4.xyt
21,out/xyt/FVC2000_DB1_B/109_3.xyt,out/xyt/FVC2002_DB4_B/103_8.xyt
21,out/xyt/FVC2000_DB1_B/104_3.xyt,out/xyt/FVC2002_DB1_B/106_8.xyt
21,out/xyt/FVC2002_DB2_B/109_1.xyt,out/xyt/FVC2004_DB1_B/101_2.xyt
21,out/xyt/FVC2000_DB2_B/106_1.xyt,out/xyt/FVC2004_DB1_B/109_1.xyt
21,out/xyt/FVC2002_DB4_B/103_8.xyt,out/xyt/FVC2002_DB4_B/110_8.xyt
21,out/xyt/FVC2002_DB1_B/105_3.xyt,out/xyt/FVC2004_DB4_B/106_7.xyt
21,out/xyt/FVC2002_DB4_B/105_5.xyt,out/xyt/FVC2002_DB4_B/106_8.xyt
21,out/xyt/FVC2002_DB4_B/105_5.xyt,out/xyt/FVC2002_DB4_B/109_1.xyt
21,out/xyt/FVC2002_DB2_B/105_7.xyt,out/xyt/FVC2002_DB2_B/106_2.xyt
21,out/xyt/FVC2002_DB1_B/105_2.xyt,out/xyt/FVC2002_DB2_B/109_2.xyt
21,out/xyt/FVC2004_DB2_B/108_1.xyt,out/xyt/FVC2004_DB3_B/107_2.xyt
21,out/xyt/FVC2000_DB2_B/107_3.xyt,out/xyt/FVC2002_DB1_B/106_5.xyt
21,out/xyt/FVC2002_DB1_B/106_1.xyt,out/xyt/FVC2002_DB4_B/109_3.xyt
21,out/xyt/FVC2002_DB1_B/105_7.xyt,out/xyt/FVC2002_DB1_B/109_4.xyt
21,out/xyt/FVC2000_DB1_B/105_1.xyt,out/xyt/FVC2002_DB4_B/108_2.xyt
21,out/xyt/FVC2004_DB1_B/103_3.xyt,out/xyt/FVC2004_DB1_B/110_5.xyt
21,out/xyt/FVC2002_DB4_B/109_1.xyt,out/xyt/FVC2004_DB4_B/103_4.xyt
21,out/xyt/FVC2000_DB4_B/110_8.xyt,out/xyt/FVC2002_DB2_B/105_7.xyt
21,out/xyt/FVC2000_DB1_B/109_4.xyt,out/xyt/FVC2002_DB1_B/106_5.xyt
21,out/xyt/FVC2000_DB2_B/105_8.xyt,out/xyt/FVC2002_DB3_B/108_5.xyt
21,out/xyt/FVC2004_DB1_B/103_8.xyt,out/xyt/FVC2004_DB1_B/104_5.xyt
21,out/xyt/FVC2002_DB4_B/105_8.xyt,out/xyt/FVC2002_DB4_B/109_1.xyt
21,out/xyt/FVC2000_DB1_B/108_1.xyt,out/xyt/FVC2000_DB2_B/102_3.xyt
21,out/xyt/FVC2000_DB1_B/109_3.xyt,out/xyt/FVC2002_DB4_B/108_6.xyt
21,out/xyt/FVC2000_DB4_B/102_5.xyt,out/xyt/FVC2002_DB4_B/102_7.xyt
21,out/xyt/FVC2000_DB1_B/109_7.xyt,out/xyt/FVC2000_DB2_B/105_2.xyt
21,out/xyt/FVC2000_DB2_B/106_8.xyt,out/xyt/FVC2002_DB2_B/101_7.xyt
21,out/xyt/FVC2002_DB1_B/106_8.xyt,out/xyt/FVC2004_DB4_B/106_4.xyt
21,out/xyt/FVC2000_DB4_B/102_5.xyt,out/xyt/FVC2002_DB1_B/105_6.xyt
21,out/xyt/FVC2000_DB4_B/102_1.xyt,out/xyt/FVC2004_DB2_B/105_6.xyt
21,out/xyt/FVC2002_DB4_B/101_4.xyt,out/xyt/FVC2002_DB4_B/110_5.xyt
21,out/xyt/FVC2002_DB1_B/105_2.xyt,out/xyt/FVC2004_DB2_B/108_1.xyt
21,out/xyt/FVC2000_DB1_B/105_1.xyt,out/xyt/FVC2002_DB1_B/110_2.xyt
21,out/xyt/FVC2000_DB4_B/105_7.xyt,out/xyt/FVC2004_DB4_B/110_1.xyt
21,out/xyt/FVC2002_DB2_B/103_8.xyt,out/xyt/FVC2002_DB2_B/109_3.xyt
21,out/xyt/FVC2000_DB4_B/110_6.xyt,out/xyt/FVC2002_DB4_B/105_2.xyt
21,out/xyt/FVC2000_DB1_B/109_4.xyt,out/xyt/FVC2004_DB1_B/104_4.xyt
21,out/xyt/FVC2000_DB1_B/109_4.xyt,out/xyt/FVC2000_DB4_B/110_3.xyt
21,out/xyt/FVC2000_DB1_B/105_1.xyt,out/xyt/FVC2002_DB1_B/107_4.xyt
21,out/xyt/FVC2000_DB4_B/104_1.xyt,out/xyt/FVC2004_DB1_B/107_1.xyt
21,out/xyt/FVC2002_DB4_B/109_4.xyt,out/xyt/FVC2004_DB3_B/104_1.xyt
21,out/xyt/FVC2002_DB2_B/106_5.xyt,out/xyt/FVC2004_DB4_B/110_6.xyt
21,out/xyt/FVC2000_DB1_B/105_3.xyt,out/xyt/FVC2000_DB2_B/105_1.xyt
21,out/xyt/FVC2000_DB1_B/107_5.xyt,out/xyt/FVC2002_DB1_B/109_4.xyt
21,out/xyt/FVC2000_DB4_B/110_3.xyt,out/xyt/FVC2004_DB4_B/108_1.xyt
21,out/xyt/FVC2002_DB1_B/105_1.xyt,out/xyt/FVC2002_DB4_B/103_3.xyt
21,out/xyt/FVC2002_DB1_B/106_5.xyt,out/xyt/FVC2002_DB1_B/110_3.xyt
21,out/xyt/FVC2000_DB4_B/110_3.xyt,out/xyt/FVC2004_DB4_B/109_7.xyt
21,out/xyt/FVC2000_DB4_B/109_7.xyt,out/xyt/FVC2002_DB4_B/109_5.xyt
21,out/xyt/FVC2002_DB2_B/103_5.xyt,out/xyt/FVC2002_DB2_B/108_2.xyt
21,out/xyt/FVC2004_DB2_B/108_4.xyt,out/xyt/FVC2004_DB3_B/107_2.xyt
21,out/xyt/FVC2000_DB1_B/106_2.xyt,out/xyt/FVC2004_DB1_B/104_1.xyt
21,out/xyt/FVC2004_DB3_B/101_3.xyt,out/xyt/FVC2004_DB3_B/102_1.xyt
21,out/xyt/FVC2002_DB1_B/107_2.xyt,out/xyt/FVC2002_DB2_B/106_5.xyt
21,out/xyt/FVC2000_DB4_B/109_6.xyt,out/xyt/FVC2002_DB2_B/109_1.xyt
21,out/xyt/FVC2002_DB1_B/106_5.xyt,out/xyt/FVC2002_DB2_B/108_8.xyt
21,out/xyt/FVC2002_DB2_B/109_5.xyt,out/xyt/FVC2004_DB4_B/110_1.xyt
21,out/xyt/FVC2002_DB4_B/102_7.xyt,out/xyt/FVC2002_DB4_B/108_7.xyt
21,out/xyt/FVC2002_DB4_B/110_5.xyt,out/xyt/FVC2004_DB4_B/105_7.xyt
21,out/xyt/FVC2002_DB1_B/106_3.xyt,out/xyt/FVC2002_DB4_B/101_4.xyt
21,out/xyt/FVC2004_DB1_B/101_3.xyt,out/xyt/FVC2004_DB4_B/106_3.xyt
21,out/xyt/FVC2000_DB4_B/110_7.xyt,out/xyt/FVC2004_DB4_B/109_7.xyt
21,out/xyt/FVC2002_DB1_B/110_6.xyt,out/xyt/FVC2004_DB4_B/106_4.xyt
21,out/xyt/FVC2002_DB4_B/102_3.xyt,out/xyt/FVC2004_DB4_B/105_8.xyt
21,out/xyt/FVC2004_DB1_B/101_4.xyt,out/xyt/FVC2004_DB4_B/105_7.xyt
21,out/xyt/FVC2000_DB1_B/109_7.xyt,out/xyt/FVC2004_DB2_B/102_1.xyt
21,out/xyt/FVC2002_DB2_B/105_8.xyt,out/xyt/FVC2002_DB2_B/108_3.xyt
21,out/xyt/FVC2000_DB1_B/106_1.xyt,out/xyt/FVC2004_DB2_B/103_1.xyt
21,out/xyt/FVC2002_DB3_B/101_1.xyt,out/xyt/FVC2002_DB3_B/108_8.xyt
21,out/xyt/FVC2004_DB1_B/104_1.xyt,out/xyt/FVC2004_DB2_B/108_5.xyt
21,out/xyt/FVC2002_DB3_B/108_1.xyt,out/xyt/FVC2004_DB3_B/102_2.xyt
21,out/xyt/FVC2000_DB4_B/110_8.xyt,out/xyt/FVC2002_DB2_B/105_2.xyt
21,out/xyt/FVC2000_DB4_B/101_3.xyt,out/xyt/FVC2002_DB4_B/110_6.xyt
21,out/xyt/FVC2002_DB2_B/106_5.xyt,out/xyt/FVC2004_DB2_B/109_1.xyt
21,out/xyt/FVC2004_DB4_B/108_2.xyt,out/xyt/FVC2004_DB4_B/110_1.xyt
21,out/xyt/FVC2000_DB4_B/109_8.xyt,out/xyt/FVC2004_DB4_B/106_8.xyt
21,out/xyt/FVC2004_DB2_B/103_5.xyt,out/xyt/FVC2004_DB2_B/104_1.xyt
21,out/xyt/FVC2000_DB1_B/109_4.xyt,out/xyt/FVC2000_DB4_B/102_4.xyt
21,out/xyt/FVC2002_DB2_B/109_5.xyt,out/xyt/FVC2004_DB3_B/105_2.xyt
21,out/xyt/FVC2000_DB4_B/109_6.xyt,out/xyt/FVC2002_DB1_B/107_3.xyt
21,out/xyt/FVC2002_DB2_B/109_1.xyt,out/xyt/FVC2002_DB4_B/102_5.xyt
21,out/xyt/FVC2002_DB4_B/108_2.xyt,out/xyt/FVC2004_DB1_B/103_4.xyt
21,out/xyt/FVC2002_DB1_B/107_7.xyt,out/xyt/FVC2004_DB2_B/110_2.xyt
21,out/xyt/FVC2002_DB2_B/103_2.xyt,out/xyt/FVC2004_DB1_B/103_4.xyt
21,out/xyt/FVC2002_DB4_B/107_1.xyt,out/xyt/FVC2004_DB4_B/109_7.xyt
21,out/xyt/FVC2002_DB4_B/109_5.xyt,out/xyt/FVC2004_DB1_B/101_7.xyt
21,out/xyt/FVC2002_DB4_B/105_4.xyt,out/xyt/FVC2002_DB4_B/110_6.xyt
21,out/xyt/FVC2000_DB1_B/105_2.xyt,out/xyt/FVC2002_DB1_B/106_6.xyt
21,out/xyt/FVC2000_DB1_B/106_7.xyt,out/xyt/FVC2002_DB1_B/109_3.xyt
21,out/xyt/FVC2000_DB4_B/102_2.xyt,out/xyt/FVC2004_DB2_B/101_5.xyt
21,out/xyt/FVC2000_DB4_B/109_2.xyt,out/xyt/FVC2002_DB1_B/102_7.xyt
21,out/xyt/FVC2002_DB1_B/109_7.xyt,out/xyt/FVC2002_DB2_B/109_3.xyt
21,out/xyt/FVC2002_DB1_B/102_7.xyt,out/xyt/FVC2004_DB4_B/108_7.xyt
21,out/xyt/FVC2002_DB1_B/107_2.xyt,out/xyt/FVC2002_DB3_B/108_5.xyt
21,out/xyt/FVC2000_DB2_B/105_7.xyt,out/xyt/FVC2002_DB1_B/106_5.xyt
21,out/xyt/FVC2000_DB4_B/103_5.xyt,out/xyt/FVC2002_DB1_B/105_6.xyt
21,out/xyt/FVC2000_DB4_B/109_1.xyt,out/xyt/FVC2004_DB4_B/106_3.xyt
21,out/xyt/FVC2002_DB2_B/108_3.xyt,out/xyt/FVC2002_DB4_B/102_2.xyt
21,out/xyt/FVC2002_DB1_B/106_6.xyt,out/xyt/FVC2004_DB1_B/106_8.xyt
21,out/xyt/FVC2000_DB1_B/109_3.xyt,out/xyt/FVC2004_DB4_B/109_1.xyt
21,out/xyt/FVC2002_DB2_B/101_4.xyt,out/xyt/FVC2002_DB2_B/104_8.xyt
21,out/xyt/FVC2002_DB2_B/106_1.xyt,out/xyt/FVC2002_DB4_B/108_2.xyt
21,out/xyt/FVC2000_DB1_B/109_4.xyt,out/xyt/FVC2004_DB1_B/103_5.xyt
21,out/xyt/FVC2000_DB1_B/109_6.xyt,out/xyt/FVC2000_DB4_B/109_3.xyt
21,out/xyt/FVC2002_DB4_B/103_5.xyt,out/xyt/FVC2004_DB2_B/108_4.xyt
21,out/xyt/FVC2000_DB1_B/105_1.xyt,out/xyt/FVC2002_DB1_B/110_1.xyt
21,out/xyt/FVC2002_DB2_B/103_5.xyt,out/xyt/FVC2004_DB2_B/108_4.xyt
21,out/xyt/FVC2000_DB1_B/102_2.xyt,out/xyt/FVC2000_DB1_B/108_7.xyt
21,out/xyt/FVC2002_DB1_B/101_7.xyt,out/xyt/FVC2002_DB2_B/110_6.xyt
21,out/xyt/FVC2002_DB3_B/108_7.xyt,out/xyt/FVC2002_DB4_B/102_5.xyt
21,out/xyt/FVC2000_DB4_B/101_3.xyt,out/xyt/FVC2002_DB4_B/105_5.xyt
21,out/xyt/FVC2000_DB4_B/110_8.xyt,out/xyt/FVC2002_DB2_B/107_1.xyt
21,out/xyt/FVC2004_DB1_B/103_8.xyt,out/xyt/FVC2004_DB1_B/107_1.xyt
21,out/xyt/FVC2002_DB2_B/109_1.xyt,out/xyt/FVC2004_DB4_B/108_5.xyt
21,out/xyt/FVC2000_DB1_B/102_4.xyt,out/xyt/FVC2002_DB2_B/103_5.xyt
21,out/xyt/FVC2000_DB4_B/101_4.xyt,out/xyt/FVC2002_DB4_B/103_4.xyt
21,out/xyt/FVC2000_DB4_B/109_2.xyt,out/xyt/FVC2002_DB1_B/106_7.xyt
21,out/xyt/FVC2004_DB2_B/109_5.xyt,out/xyt/FVC2004_DB3_B/106_8.xyt
21,out/xyt/FVC2002_DB1_B/102_2.xyt,out/xyt/FVC2004_DB2_B/104_1.xyt
21,out/xyt/FVC2000_DB4_B/104_5.xyt,out/xyt/FVC2002_DB4_B/107_4.xyt
21,out/xyt/FVC2004_DB1_B/103_4.xyt,out/xyt/FVC2004_DB1_B/104_1.xyt
21,out/xyt/FVC2002_DB4_B/108_2.xyt,out/xyt/FVC2004_DB4_B/104_8.xyt
21,out/xyt/FVC2000_DB4_B/109_5.xyt,out/xyt/FVC2002_DB4_B/103_7.xyt
21,out/xyt/FVC2000_DB1_B/102_7.xyt,out/xyt/FVC2002_DB2_B/109_6.xyt
21,out/xyt/FVC2000_DB1_B/102_4.xyt,out/xyt/FVC2002_DB2_B/109_2.xyt
21,out/xyt/FVC2004_DB3_B/101_7.xyt,out/xyt/FVC2004_DB3_B/102_4.xyt
21,out/xyt/FVC2000_DB4_B/108_2.xyt,out/xyt/FVC2002_DB4_B/102_7.xyt
21,out/xyt/FVC2000_DB4_B/110_1.xyt,out/xyt/FVC2002_DB4_B/109_1.xyt
21,out/xyt/FVC2000_DB1_B/105_4.xyt,out/xyt/FVC2000_DB1_B/109_6.xyt
21,out/xyt/FVC2000_DB4_B/106_8.xyt,out/xyt/FVC2002_DB3_B/109_7.xyt
21,out/xyt/FVC2000_DB2_B/104_4.xyt,out/xyt/FVC2002_DB4_B/102_7.xyt
21,out/xyt/FVC2000_DB2_B/104_1.xyt,out/xyt/FVC2002_DB4_B/108_6.xyt
21,out/xyt/FVC2002_DB1_B/102_6.xyt,out/xyt/FVC2002_DB3_B/103_5.xyt
21,out/xyt/FVC2002_DB1_B/106_2.xyt,out/xyt/FVC2002_DB4_B/108_6.xyt
21,out/xyt/FVC2002_DB1_B/110_1.xyt,out/xyt/FVC2002_DB3_B/102_4.xyt
21,out/xyt/FVC2002_DB4_B/103_2.xyt,out/xyt/FVC2004_DB4_B/104_4.xyt
21,out/xyt/FVC2002_DB1_B/107_4.xyt,out/xyt/FVC2002_DB2_B/105_7.xyt
21,out/xyt/FVC2000_DB4_B/102_5.xyt,out/xyt/FVC2004_DB4_B/108_5.xyt
21,out/xyt/FVC2000_DB1_B/109_6.xyt,out/xyt/FVC2002_DB1_B/107_2.xyt
21,out/xyt/FVC2002_DB4_B/105_8.xyt,out/xyt/FVC2004_DB3_B/105_6.xyt
21,out/xyt/FVC2004_DB3_B/102_2.xyt,out/xyt/FVC2004_DB3_B/104_1.xyt
21,out/xyt/FVC2000_DB1_B/109_2.xyt,out/xyt/FVC2002_DB1_B/107_1.xyt
21,out/xyt/FVC2002_DB2_B/102_5.xyt,out/xyt/FVC2004_DB4_B/110_3.xyt
21,out/xyt/FVC2000_DB1_B/109_1.xyt,out/xyt/FVC2002_DB1_B/106_8.xyt
21,out/xyt/FVC2000_DB1_B/109_7.xyt,out/xyt/FVC2002_DB2_B/108_1.xyt
21,out/xyt/FVC2004_DB3_B/101_3.xyt,out/xyt/FVC2004_DB3_B/102_7.xyt
21,out/xyt/FVC2000_DB1_B/109_4.xyt,out/xyt/FVC2000_DB2_B/105_1.xyt
21,out/xyt/FVC2000_DB4_B/109_1.xyt,out/xyt/FVC2002_DB4_B/103_4.xyt
21,out/xyt/FVC2002_DB1_B/107_7.xyt,out/xyt/FVC2002_DB3_B/103_5.xyt
21,out/xyt/FVC2000_DB1_B/102_4.xyt,out/xyt/FVC2004_DB1_B/104_1.xyt
21,out/xyt/FVC2000_DB2_B/104_1.xyt,out/xyt/FVC2002_DB1_B/106_2.xyt
21,out/xyt/FVC2002_DB2_B/105_7.xyt,out/xyt/FVC2002_DB2_B/106_7.xyt
21,out/xyt/FVC2002_DB3_B/104_1.xyt,out/xyt/FVC2004_DB1_B/107_2.xyt
21,out/xyt/FVC2000_DB1_B/109_8.xyt,out/xyt/FVC2002_DB4_B/110_7.xyt
21,out/xyt/FVC2002_DB2_B/105_3.xyt,out/xyt/FVC2002_DB4_B/102_3.xyt
21,out/xyt/FVC2000_DB1_B/109_8.xyt,out/xyt/FVC2000_DB4_B/109_6.xyt
21,out/xyt/FVC2002_DB2_B/102_8.xyt,out/xyt/FVC2004_DB1_B/108_4.xyt
21,out/xyt/FVC2002_DB4_B/103_5.xyt,out/xyt/FVC2004_DB1_B/104_6.xyt
21,out/xyt/FVC2002_DB1_B/102_3.xyt,out/xyt/FVC2002_DB1_B/105_8.xyt
21,out/xyt/FVC2002_DB2_B/106_3.xyt,out/xyt/FVC2004_DB3_B/105_2.xyt
21,out/xyt/FVC2000_DB4_B/110_3.xyt,out/xyt/FVC2004_DB4_B/110_3.xyt
21,out/xyt/FVC2004_DB1_B/103_4.xyt,out/xyt/FVC2004_DB2_B/108_4.xyt
21,out/xyt/FVC2000_DB1_B/109_3.xyt,out/xyt/FVC2002_DB2_B/109_5.xyt
21,out/xyt/FVC2000_DB1_B/105_7.xyt,out/xyt/FVC2002_DB1_B/106_6.xyt
21,out/xyt/FVC2000_DB1_B/109_7.xyt,out/xyt/FVC2002_DB4_B/102_7.xyt
21,out/xyt/FVC2000_DB1_B/109_5.xyt,out/xyt/FVC2002_DB4_B/102_7.xyt
21,out/xyt/FVC2004_DB2_B/110_4.xyt,out/xyt/FVC2004_DB4_B/105_3.xyt
21,out/xyt/FVC2002_DB2_B/106_2.xyt,out/xyt/FVC2002_DB4_B/108_2.xyt
21,out/xyt/FVC2002_DB1_B/109_7.xyt,out/xyt/FVC2002_DB2_B/108_1.xyt
21,out/xyt/FVC2004_DB2_B/109_8.xyt,out/xyt/FVC2004_DB4_B/102_5.xyt
21,out/xyt/FVC2000_DB2_B/104_1.xyt,out/xyt/FVC2002_DB1_B/106_1.xyt
21,out/xyt/FVC2002_DB2_B/109_3.xyt,out/xyt/FVC2004_DB1_B/107_1.xyt
21,out/xyt/FVC2002_DB1_B/106_7.xyt,out/xyt/FVC2002_DB1_B/110_6.xyt
21,out/xyt/FVC2000_DB1_B/109_3.xyt,out/xyt/FVC2002_DB2_B/109_2.xyt
21,out/xyt/FVC2002_DB1_B/102_6.xyt,out/xyt/FVC2002_DB1_B/105_7.xyt
21,out/xyt/FVC2000_DB2_B/105_7.xyt,out/xyt/FVC2002_DB4_B/105_3.xyt
21,out/xyt/FVC2002_DB1_B/105_8.xyt,out/xyt/FVC2004_DB4_B/108_7.xyt
21,out/xyt/FVC2000_DB1_B/109_1.xyt,out/xyt/FVC2002_DB1_B/107_3.xyt
21,out/xyt/FVC2000_DB1_B/104_3.xyt,out/xyt/FVC2000_DB1_B/109_4.xyt
21,out/xyt/FVC2002_DB1_B/107_1.xyt,out/xyt/FVC2002_DB2_B/105_7.xyt
21,out/xyt/FVC2002_DB2_B/106_1.xyt,out/xyt/FVC2004_DB2_B/108_4.xyt
21,out/xyt/FVC2000_DB2_B/106_5.xyt,out/xyt/FVC2002_DB1_B/109_2.xyt
21,out/xyt/FVC2002_DB1_B/105_8.xyt,out/xyt/FVC2004_DB4_B/108_4.xyt
21,out/xyt/FVC2000_DB1_B/102_7.xyt,out/xyt/FVC2004_DB4_B/110_6.xyt
21,out/xyt/FVC2002_DB4_B/102_7.xyt,out/xyt/FVC2004_DB4_B/110_1.xyt
21,out/xyt/FVC2002_DB1_B/102_2.xyt,out/xyt/FVC2004_DB4_B/104_8.xyt
21,out/xyt/FVC2000_DB4_B/103_3.xyt,out/xyt/FVC2002_DB4_B/102_4.xyt
21,out/xyt/FVC2002_DB4_B/109_7.xyt,out/xyt/FVC2004_DB2_B/107_1.xyt
21,out/xyt/FVC2002_DB1_B/102_2.xyt,out/xyt/FVC2004_DB1_B/108_4.xyt
21,out/xyt/FVC2000_DB2_B/107_5.xyt,out/xyt/FVC2004_DB1_B/103_6.xyt
21,out/xyt/FVC2000_DB2_B/105_3.xyt,out/xyt/FVC2004_DB2_B/109_3.xyt
21,out/xyt/FVC2000_DB1_B/109_6.xyt,out/xyt/FVC2002_DB3_B/108_5.xyt
21,out/xyt/FVC2002_DB1_B/106_3.xyt,out/xyt/FVC2002_DB4_B/109_5.xyt
21,out/xyt/FVC2000_DB2_B/105_7.xyt,out/xyt/FVC2004_DB2_B/102_2.xyt
21,out/xyt/FVC2004_DB2_B/102_1.xyt,out/xyt/FVC2004_DB2_B/109_3.xyt
21,out/xyt/FVC2000_DB4_B/101_4.xyt,out/xyt/FVC2002_DB4_B/102_2.xyt
21,out/xyt/FVC2000_DB2_B/104_1.xyt,out/xyt/FVC2004_DB4_B/110_1.xyt
21,out/xyt/FVC2002_DB4_B/103_5.xyt,out/xyt/FVC2002_DB4_B/110_4.xyt
21,out/xyt/FVC2002_DB1_B/102_1.xyt,out/xyt/FVC2004_DB1_B/107_6.xyt
21,out/xyt/FVC2000_DB4_B/101_4.xyt,out/xyt/FVC2004_DB1_B/105_6.xyt
21,out/xyt/FVC2000_DB1_B/109_3.xyt,out/xyt/FVC2002_DB2_B/105_2.xyt
21,out/xyt/FVC2002_DB4_B/101_8.xyt,out/xyt/FVC2004_DB4_B/105_3.xyt
21,out/xyt/FVC2002_DB4_B/108_6.xyt,out/xyt/FVC2004_DB4_B/104_8.xyt
21,out/xyt/FVC2002_DB4_B/109_3.xyt,out/xyt/FVC2004_DB1_B/105_4.xyt
21,out/xyt/FVC2002_DB2_B/108_1.xyt,out/xyt/FVC2004_DB4_B/106_7.xyt
21,out/xyt/FVC2002_DB2_B/110_1.xyt,out/xyt/FVC2004_DB3_B/102_1.xyt
21,out/xyt/FVC2000_DB4_B/109_3.xyt,out/xyt/FVC2002_DB4_B/109_5.xyt
21,out/xyt/FVC2002_DB1_B/102_4.xyt,out/xyt/FVC2002_DB4_B/102_4.xyt
21,out/xyt/FVC2000_DB4_B/109_5.xyt,out/xyt/FVC2004_DB1_B/103_4.xyt
21,out/xyt/FVC2000_DB4_B/103_5.xyt,out/xyt/FVC2002_DB4_B/103_2.xyt
21,out/xyt/FVC2002_DB4_B/105_3.xyt,out/xyt/FVC2004_DB4_B/108_8.xyt
21,out/xyt/FVC2004_DB1_B/108_2.xyt,out/xyt/FVC2004_DB2_B/108_3.xyt
21,out/xyt/FVC2000_DB4_B/109_5.xyt,out/xyt/FVC2002_DB1_B/102_2.xyt
21,out/xyt/FVC2002_DB1_B/110_4.xyt,out/xyt/FVC2002_DB3_B/102_2.xyt
21,out/xyt/FVC2000_DB4_B/110_6.xyt,out/xyt/FVC2002_DB3_B/109_7.xyt
21,out/xyt/FVC2000_DB2_B/102_6.xyt,out/xyt/FVC2002_DB4_B/110_4.xyt
21,out/xyt/FVC2002_DB2_B/107_4.xyt,out/xyt/FVC2004_DB1_B/104_5.xyt
21,out/xyt/FVC2004_DB3_B/106_2.xyt,out/xyt/FVC2004_DB4_B/106_7.xyt
21,out/xyt/FVC2000_DB1_B/106_5.xyt,out/xyt/FVC2002_DB1_B/109_4.xyt
21,out/xyt/FVC2000_DB4_B/110_3.xyt,out/xyt/FVC2002_DB4_B/109_5.xyt
21,out/xyt/FVC2000_DB4_B/109_7.xyt,out/xyt/FVC2002_DB1_B/102_2.xyt
21,out/xyt/FVC2002_DB2_B/106_1.xyt,out/xyt/FVC2004_DB2_B/109_1.xyt
21,out/xyt/FVC2002_DB4_B/106_1.xyt,out/xyt/FVC2004_DB2_B/108_1.xyt
21,out/xyt/FVC2000_DB4_B/110_8.xyt,out/xyt/FVC2002_DB4_B/107_4.xyt
20,out/xyt/FVC2002_DB1_B/104_8.xyt,out/xyt/FVC2004_DB4_B/102_6.xyt
20,out/xyt/FVC2000_DB2_B/107_8.xyt,out/xyt/FVC2000_DB4_B/108_4.xyt
20,out/xyt/FVC2004_DB2_B/109_7.xyt,out/xyt/FVC2004_DB4_B/103_6.xyt
20,out/xyt/FVC2000_DB2_B/105_7.xyt,out/xyt/FVC2002_DB3_B/108_8.xyt
20,out/xyt/FVC2002_DB2_B/105_2.xyt,out/xyt/FVC2002_DB4_B/102_7.xyt
20,out/xyt/FVC2002_DB2_B/109_5.xyt,out/xyt/FVC2004_DB1_B/104_7.xyt
20,out/xyt/FVC2000_DB1_B/101_7.xyt,out/xyt/FVC2000_DB2_B/101_6.xyt
20,out/xyt/FVC2000_DB1_B/109_4.xyt,out/xyt/FVC2000_DB4_B/105_4.xyt
20,out/xyt/FVC2000_DB2_B/105_7.xyt,out/xyt/FVC2002_DB1_B/110_5.xyt
20,out/xyt/FVC2000_DB2_B/107_8.xyt,out/xyt/FVC2002_DB4_B/110_1.xyt
20,out/xyt/FVC2000_DB4_B/102_1.xyt,out/xyt/FVC2002_DB4_B/102_7.xyt
20,out/xyt/FVC2000_DB1_B/109_7.xyt,out/xyt/FVC2004_DB2_B/109_6.xyt
20,out/xyt/FVC2000_DB2_B/107_3.xyt,out/xyt/FVC2002_DB4_B/109_5.xyt
20,out/xyt/FVC2002_DB1_B/106_3.xyt,out/xyt/FVC2002_DB1_B/107_2.xyt
20,out/xyt/FVC2000_DB1_B/101_8.xyt,out/xyt/FVC2000_DB2_B/101_7.xyt
20,out/xyt/FVC2002_DB2_B/108_2.xyt,out/xyt/FVC2004_DB2_B/108_4.xyt
20,out/xyt/FVC2002_DB2_B/108_8.xyt,out/xyt/FVC2002_DB2_B/109_1.xyt
20,out/xyt/FVC2002_DB3_B/109_4.xyt,out/xyt/FVC2002_DB4_B/107_5.xyt
20,out/xyt/FVC2000_DB2_B/107_3.xyt,out/xyt/FVC2002_DB1_B/109_4.xyt
20,out/xyt/FVC2002_DB1_B/105_7.xyt,out/xyt/FVC2002_DB1_B/107_7.xyt
20,out/xyt/FVC2000_DB2_B/104_1.xyt,out/xyt/FVC2002_DB2_B/105_7.xyt
20,out/xyt/FVC2000_DB1_B/105_1.xyt,out/xyt/FVC2002_DB2_B/106_5.xyt
20,out/xyt/FVC2002_DB2_B/109_5.xyt,out/xyt/FVC2002_DB4_B/102_5.xyt
20,out/xyt/FVC2000_DB2_B/109_3.xyt,out/xyt/FVC2000_DB3_B/110_2.xyt
20,out/xyt/FVC2000_DB1_B/109_8.xyt,out/xyt/FVC2002_DB1_B/107_4.xyt
20,out/xyt/FVC2000_DB4_B/102_2.xyt,out/xyt/FVC2004_DB1_B/103_3.xyt
20,out/xyt/FVC2002_DB4_B/103_8.xyt,out/xyt/FVC2004_DB3_B/105_6.xyt
20,out/xyt/FVC2000_DB2_B/104_6.xyt,out/xyt/FVC2002_DB2_B/106_3.xyt
20,out/xyt/FVC2002_DB1_B/105_1.xyt,out/xyt/FVC2002_DB4_B/101_8.xyt
20,out/xyt/FVC2000_DB1_B/102_4.xyt,out/xyt/FVC2000_DB1_B/108_2.xyt
20,out/xyt/FVC2002_DB4_B/102_3.xyt,out/xyt/FVC2004_DB4_B/110_6.xyt
20,out/xyt/FVC2000_DB1_B/106_4.xyt,out/xyt/FVC2000_DB1_B/109_3.xyt
20,out/xyt/FVC2000_DB1_B/105_7.xyt,out/xyt/FVC2002_DB2_B/106_3.xyt
20,out/xyt/FVC2002_DB2_B/104_6.xyt,out/xyt/FVC2004_DB1_B/109_4.xyt
20,out/xyt/FVC2004_DB2_B/110_4.xyt,out/xyt/FVC2004_DB4_B/105_7.xyt
20,out/xyt/FVC2000_DB2_B/105_2.xyt,out/xyt/FVC2002_DB1_B/107_8.xyt
20,out/xyt/FVC2002_DB1_B/102_4.xyt,out/xyt/FVC2004_DB1_B/104_7.xyt
20,out/xyt/FVC2000_DB4_B/110_3.xyt,out/xyt/FVC2002_DB4_B/108_6.xyt
20,out/xyt/FVC2000_DB2_B/105_2.xyt,out/xyt/FVC2002_DB2_B/105_7.xyt
20,out/xyt/FVC2000_DB4_B/103_6.xyt,out/xyt/FVC2002_DB4_B/103_2.xyt
20,out/xyt/FVC2000_DB2_B/107_5.xyt,out/xyt/FVC2002_DB2_B/106_3.xyt
20,out/xyt/FVC2002_DB1_B/110_5.xyt,out/xyt/FVC2002_DB4_B/105_3.xyt
20,out/xyt/FVC2002_DB1_B/106_5.xyt,out/xyt/FVC2002_DB1_B/110_8.xyt
20,out/xyt/FVC2002_DB1_B/105_3.xyt,out/xyt/FVC2004_DB2_B/108_4.xyt
20,out/xyt/FVC2002_DB1_B/109_7.xyt,out/xyt/FVC2002_DB3_B/107_2.xyt
20,out/xyt/FVC2000_DB4_B/110_5.xyt,out/xyt/FVC2004_DB4_B/109_7.xyt
20,out/xyt/FVC2002_DB1_B/102_7.xyt,out/xyt/FVC2002_DB4_B/109_6.xyt
20,out/xyt/FVC2002_DB4_B/103_4.xyt,out/xyt/FVC2004_DB4_B/106_5.xyt
20,out/xyt/FVC2000_DB1_B/109_3.xyt,out/xyt/FVC2002_DB1_B/110_2.xyt
20,out/xyt/FVC2000_DB4_B/101_7.xyt,out/xyt/FVC2000_DB4_B/102_1.xyt
20,out/xyt/FVC2000_DB4_B/102_8.xyt,out/xyt/FVC2002_DB4_B/110_5.xyt
20,out/xyt/FVC2000_DB4_B/109_2.xyt,out/xyt/FVC2002_DB4_B/109_5.xyt
20,out/xyt/FVC2002_DB1_B/106_3.xyt,out/xyt/FVC2004_DB4_B/105_8.xyt
20,out/xyt/FVC2000_DB1_B/110_5.xyt,out/xyt/FVC2000_DB2_B/110_2.xyt
20,out/xyt/FVC2004_DB4_B/101_7.xyt,out/xyt/FVC2004_DB4_B/102_5.xyt
20,out/xyt/FVC2002_DB4_B/108_4.xyt,out/xyt/FVC2002_DB4_B/110_1.xyt
20,out/xyt/FVC2000_DB2_B/104_4.xyt,out/xyt/FVC2002_DB2_B/105_2.xyt
20,out/xyt/FVC2000_DB4_B/106_5.xyt,out/xyt/FVC2002_DB4_B/102_3.xyt
20,out/xyt/FVC2002_DB1_B/104_8.xyt,out/xyt/FVC2004_DB4_B/105_5.xyt
20,out/xyt/FVC2000_DB1_B/102_4.xyt,out/xyt/FVC2000_DB2_B/102_2.xyt
20,out/xyt/FVC2000_DB4_B/101_7.xyt,out/xyt/FVC2004_DB4_B/110_6.xyt
20,out/xyt/FVC2000_DB1_B/102_8.xyt,out/xyt/FVC2004_DB2_B/108_2.xyt
20,out/xyt/FVC2002_DB2_B/109_2.xyt,out/xyt/FVC2004_DB1_B/103_8.xyt
20,out/xyt/FVC2004_DB1_B/103_6.xyt,out/xyt/FVC2004_DB4_B/108_4.xyt
20,out/xyt/FVC2004_DB1_B/104_4.xyt,out/xyt/FVC2004_DB2_B/108_1.xyt
20,out/xyt/FVC2002_DB2_B/103_7.xyt,out/xyt/FVC2002_DB2_B/108_8.xyt
20,out/xyt/FVC2000_DB2_B/109_1.xyt,out/xyt/FVC2004_DB1_B/110_6.xyt
20,out/xyt/FVC2000_DB4_B/103_3.xyt,out/xyt/FVC2004_DB4_B/105_3.xyt
20,out/xyt/FVC2000_DB1_B/109_5.xyt,out/xyt/FVC2004_DB2_B/102_1.xyt
20,out/xyt/FVC2002_DB2_B/106_7.xyt,out/xyt/FVC2002_DB4_B/108_2.xyt
20,out/xyt/FVC2000_DB2_B/104_2.xyt,out/xyt/FVC2004_DB2_B/101_5.xyt
20,out/xyt/FVC2000_DB2_B/105_2.xyt,out/xyt/FVC2004_DB2_B/102_1.xyt
20,out/xyt/FVC2002_DB2_B/108_3.xyt,out/xyt/FVC2004_DB2_B/110_4.xyt
20,out/xyt/FVC2000_DB3_B/108_4.xyt,out/xyt/FVC2000_DB3_B/110_8.xyt
20,out/xyt/FVC2000_DB4_B/108_6.xyt,out/xyt/FVC2002_DB4_B/105_7.xyt
20,out/xyt/FVC2000_DB2_B/104_1.xyt,out/xyt/FVC2002_DB2_B/106_2.xyt
20,out/xyt/FVC2000_DB1_B/106_2.xyt,out/xyt/FVC2004_DB4_B/110_3.xyt
20,out/xyt/FVC2000_DB2_B/107_6.xyt,out/xyt/FVC2002_DB1_B/110_3.xyt
20,out/xyt/FVC2002_DB1_B/102_6.xyt,out/xyt/FVC2004_DB3_B/101_4.xyt
20,out/xyt/FVC2000_DB2_B/104_4.xyt,out/xyt/FVC2002_DB2_B/105_7.xyt
20,out/xyt/FVC2000_DB4_B/107_4.xyt,out/xyt/FVC2002_DB3_B/107_5.xyt
20,out/xyt/FVC2002_DB2_B/103_7.xyt,out/xyt/FVC2004_DB1_B/103_4.xyt
20,out/xyt/FVC2004_DB2_B/109_1.xyt,out/xyt/FVC2004_DB4_B/110_3.xyt
20,out/xyt/FVC2002_DB1_B/102_2.xyt,out/xyt/FVC2002_DB4_B/103_6.xyt
20,out/xyt/FVC2002_DB1_B/101_7.xyt,out/xyt/FVC2002_DB1_B/110_5.xyt
20,out/xyt/FVC2002_DB4_B/108_2.xyt,out/xyt/FVC2004_DB4_B/110_7.xyt
20,out/xyt/FVC2000_DB2_B/110_3.xyt,out/xyt/FVC2004_DB1_B/103_4.xyt
20,out/xyt/FVC2000_DB4_B/109_2.xyt,out/xyt/FVC2002_DB1_B/106_8.xyt
20,out/xyt/FVC2000_DB1_B/104_3.xyt,out/xyt/FVC2002_DB2_B/106_2.xyt
20,out/xyt/FVC2002_DB1_B/105_1.xyt,out/xyt/FVC2004_DB4_B/105_3.xyt
20,out/xyt/FVC2000_DB1_B/106_3.xyt,out/xyt/FVC2000_DB1_B/107_5.xyt
20,out/xyt/FVC2000_DB4_B/109_4.xyt,out/xyt/FVC2002_DB1_B/106_6.xyt
20,out/xyt/FVC2002_DB1_B/102_1.xyt,out/xyt/FVC2002_DB1_B/105_8.xyt
20,out/xyt/FVC2002_DB1_B/110_4.xyt,out/xyt/FVC2004_DB2_B/109_3.xyt
20,out/xyt/FVC2002_DB4_B/102_3.xyt,out/xyt/FVC2002_DB4_B/105_4.xyt
20,out/xyt/FVC2000_DB4_B/104_2.xyt,out/xyt/FVC2002_DB4_B/107_5.xyt
20,out/xyt/FVC2000_DB2_B/106_8.xyt,out/xyt/FVC2002_DB1_B/109_7.xyt
20,out/xyt/FVC2002_DB4_B/110_2.xyt,out/xyt/FVC2004_DB1_B/102_3.xyt
20,out/xyt/FVC2004_DB2_B/104_3.xyt,out/xyt/FVC2004_DB2_B/108_3.xyt
20,out/xyt/FVC2000_DB4_B/109_6.xyt,out/xyt/FVC2002_DB1_B/105_3.xyt
20,out/xyt/FVC2002_DB3_B/104_8.xyt,out/xyt/FVC2004_DB2_B/104_6.xyt
20,out/xyt/FVC2000_DB4_B/109_3.xyt,out/xyt/FVC2002_DB2_B/106_3.xyt
20,out/xyt/FVC2000_DB3_B/108_5.xyt,out/xyt/FVC2004_DB1_B/107_8.xyt
20,out/xyt/FVC2002_DB2_B/106_1.xyt,out/xyt/FVC2004_DB4_B/106_3.xyt
20,out/xyt/FVC2000_DB4_B/103_7.xyt,out/xyt/FVC2004_DB4_B/110_6.xyt
20,out/xyt/FVC2002_DB1_B/106_3.xyt,out/xyt/FVC2002_DB2_B/108_8.xyt
20,out/xyt/FVC2002_DB1_B/107_2.xyt,out/xyt/FVC2002_DB2_B/108_3.xyt
20,out/xyt/FVC2002_DB4_B/103_8.xyt,out/xyt/FVC2004_DB3_B/105_2.xyt
20,out/xyt/FVC2000_DB1_B/108_8.xyt,out/xyt/FVC2000_DB2_B/108_1.xyt
20,out/xyt/FVC2000_DB1_B/105_1.xyt,out/xyt/FVC2002_DB1_B/107_3.xyt
20,out/xyt/FVC2002_DB1_B/102_1.xyt,out/xyt/FVC2004_DB2_B/108_4.xyt
20,out/xyt/FVC2000_DB4_B/103_5.xyt,out/xyt/FVC2004_DB4_B/108_5.xyt
20,out/xyt/FVC2000_DB1_B/109_3.xyt,out/xyt/FVC2002_DB4_B/109_3.xyt
20,out/xyt/FVC2000_DB4_B/108_2.xyt,out/xyt/FVC2002_DB1_B/102_7.xyt
20,out/xyt/FVC2002_DB1_B/102_2.xyt,out/xyt/FVC2002_DB2_B/109_4.xyt
20,out/xyt/FVC2000_DB4_B/109_8.xyt,out/xyt/FVC2002_DB1_B/102_7.xyt
20,out/xyt/FVC2004_DB3_B/102_1.xyt,out/xyt/FVC2004_DB3_B/104_3.xyt
20,out/xyt/FVC2002_DB4_B/107_4.xyt,out/xyt/FVC2002_DB4_B/109_5.xyt
20,out/xyt/FVC2000_DB1_B/109_8.xyt,out/xyt/FVC2004_DB2_B/109_1.xyt
20,out/xyt/FVC2002_DB2_B/102_8.xyt,out/xyt/FVC2002_DB4_B/108_1.xyt
20,out/xyt/FVC2000_DB2_B/107_8.xyt,out/xyt/FVC2002_DB4_B/105_4.xyt
20,out/xyt/FVC2000_DB4_B/105_1.xyt,out/xyt/FVC2004_DB2_B/109_1.xyt
20,out/xyt/FVC2004_DB2_B/105_8.xyt,out/xyt/FVC2004_DB2_B/107_2.xyt
20,out/xyt/FVC2002_DB4_B/107_5.xyt,out/xyt/FVC2004_DB4_B/106_7.xyt
20,out/xyt/FVC2002_DB1_B/106_2.xyt,out/xyt/FVC2002_DB4_B/108_2.xyt
20,out/xyt/FVC2002_DB2_B/108_1.xyt,out/xyt/FVC2002_DB2_B/109_1.xyt
20,out/xyt/FVC2000_DB4_B/103_5.xyt,out/xyt/FVC2002_DB4_B/110_6.xyt
20,out/xyt/FVC2000_DB1_B/106_3.xyt,out/xyt/FVC2000_DB1_B/109_3.xyt
20,out/xyt/FVC2000_DB4_B/110_1.xyt,out/xyt/FVC2002_DB4_B/105_2.xyt
20,out/xyt/FVC2000_DB1_B/102_5.xyt,out/xyt/FVC2004_DB4_B/110_6.xyt
20,out/xyt/FVC2000_DB4_B/109_8.xyt,out/xyt/FVC2004_DB1_B/107_1.xyt
20,out/xyt/FVC2000_DB1_B/102_4.xyt,out/xyt/FVC2002_DB2_B/103_2.xyt
20,out/xyt/FVC2000_DB4_B/104_8.xyt,out/xyt/FVC2004_DB1_B/107_1.xyt
20,out/xyt/FVC2000_DB2_B/102_6.xyt,out/xyt/FVC2004_DB2_B/104_1.xyt
20,out/xyt/FVC2002_DB4_B/102_4.xyt,out/xyt/FVC2002_DB4_B/110_3.xyt
20,out/xyt/FVC2002_DB1_B/105_3.xyt,out/xyt/FVC2004_DB2_B/108_1.xyt
20,out/xyt/FVC2000_DB1_B/102_3.xyt,out/xyt/FVC2004_DB2_B/103_7.xyt
20,out/xyt/FVC2002_DB2_B/102_1.xyt,out/xyt/FVC2002_DB4_B/106_7.xyt
20,out/xyt/FVC2000_DB2_B/102_4.xyt,out/xyt/FVC2002_DB1_B/104_1.xyt
20,out/xyt/FVC2004_DB1_B/103_5.xyt,out/xyt/FVC2004_DB1_B/104_4.xyt
20,out/xyt/FVC2000_DB1_B/106_1.xyt,out/xyt/FVC2002_DB1_B/109_2.xyt
20,out/xyt/FVC2000_DB2_B/104_1.xyt,out/xyt/FVC2002_DB2_B/103_7.xyt
20,out/xyt/FVC2002_DB4_B/102_7.xyt,out/xyt/FVC2004_DB2_B/108_4.xyt
20,out/xyt/FVC2002_DB1_B/110_4.xyt,out/xyt/FVC2002_DB2_B/108_7.xyt
20,out/xyt/FVC2002_DB4_B/102_6.xyt,out/xyt/FVC2004_DB4_B/105_8.xyt
20,out/xyt/FVC2002_DB1_B/110_6.xyt,out/xyt/FVC2004_DB4_B/110_6.xyt
20,out/xyt/FVC2000_DB1_B/109_3.xyt,out/xyt/FVC2002_DB4_B/108_2.xyt
20,out/xyt/FVC2002_DB3_B/104_2.xyt,out/xyt/FVC2002_DB3_B/109_1.xyt
20,out/xyt/FVC2000_DB1_B/102_3.xyt,out/xyt/FVC2004_DB2_B/108_6.xyt
20,out/xyt/FVC2002_DB4_B/107_5.xyt,out/xyt/FVC2002_DB4_B/109_8.xyt
20,out/xyt/FVC2002_DB1_B/101_7.xyt,out/xyt/FVC2004_DB2_B/110_2.xyt
20,out/xyt/FVC2002_DB1_B/106_2.xyt,out/xyt/FVC2002_DB4_B/109_5.xyt
20,out/xyt/FVC2002_DB2_B/109_7.xyt,out/xyt/FVC2002_DB4_B/109_1.xyt
20,out/xyt/FVC2000_DB1_B/106_7.xyt,out/xyt/FVC2000_DB1_B/108_7.xyt
20,out/xyt/FVC2004_DB1_B/103_7.xyt,out/xyt/FVC2004_DB1_B/107_6.xyt
20,out/xyt/FVC2002_DB1_B/107_4.xyt,out/xyt/FVC2004_DB2_B/109_1.xyt
20,out/xyt/FVC2000_DB1_B/102_7.xyt,out/xyt/FVC2000_DB1_B/108_1.xyt
20,out/xyt/FVC2004_DB4_B/103_4.xyt,out/xyt/FVC2004_DB4_B/109_2.xyt
20,out/xyt/FVC2000_DB1_B/109_4.xyt,out/xyt/FVC2004_DB1_B/104_6.xyt
20,out/xyt/FVC2002_DB3_B/109_1.xyt,out/xyt/FVC2004_DB1_B/109_5.xyt
20,out/xyt/FVC2000_DB1_B/107_2.xyt,out/xyt/FVC2002_DB2_B/110_6.xyt
20,out/xyt/FVC2000_DB1_B/107_6.xyt,out/xyt/FVC2002_DB4_B/102_2.xyt
20,out/xyt/FVC2002_DB4_B/102_7.xyt,out/xyt/FVC2004_DB1_B/104_5.xyt
20,out/xyt/FVC2002_DB3_B/109_1.xyt,out/xyt/FVC2002_DB4_B/109_1.xyt
20,out/xyt/FVC2000_DB1_B/106_6.xyt,out/xyt/FVC2002_DB1_B/109_2.xyt
20,out/xyt/FVC2000_DB1_B/102_8.xyt,out/xyt/FVC2002_DB1_B/106_3.xyt
20,out/xyt/FVC2002_DB2_B/108_8.xyt,out/xyt/FVC2002_DB4_B/103_5.xyt
20,out/xyt/FVC2000_DB1_B/105_1.xyt,out/xyt/FVC2002_DB1_B/105_3.xyt
20,out/xyt/FVC2002_DB4_B/107_5.xyt,out/xyt/FVC2004_DB1_B/103_6.xyt
20,out/xyt/FVC2004_DB1_B/103_8.xyt,out/xyt/FVC2004_DB1_B/104_1.xyt
20,out/xyt/FVC2000_DB2_B/104_2.xyt,out/xyt/FVC2002_DB2_B/105_8.xyt
20,out/xyt/FVC2002_DB1_B/106_3.xyt,out/xyt/FVC2004_DB2_B/104_1.xyt
20,out/xyt/FVC2002_DB4_B/110_6.xyt,out/xyt/FVC2004_DB1_B/101_4.xyt
20,out/xyt/FVC2000_DB3_B/110_8.xyt,out/xyt/FVC2002_DB1_B/106_7.xyt
20,out/xyt/FVC2000_DB4_B/102_5.xyt,out/xyt/FVC2002_DB2_B/109_2.xyt
20,out/xyt/FVC2000_DB4_B/109_3.xyt,out/xyt/FVC2002_DB4_B/109_4.xyt
20,out/xyt/FVC2000_DB1_B/105_6.xyt,out/xyt/FVC2000_DB1_B/109_7.xyt
20,out/xyt/FVC2002_DB1_B/102_7.xyt,out/xyt/FVC2002_DB4_B/109_8.xyt
20,out/xyt/FVC2000_DB4_B/103_8.xyt,out/xyt/FVC2002_DB4_B/103_8.xyt
20,out/xyt/FVC2002_DB1_B/106_8.xyt,out/xyt/FVC2002_DB4_B/109_3.xyt
20,out/xyt/FVC2000_DB1_B/108_6.xyt,out/xyt/FVC2002_DB2_B/110_6.xyt
20,out/xyt/FVC2000_DB1_B/110_6.xyt,out/xyt/FVC2000_DB2_B/110_4.xyt
20,out/xyt/FVC2002_DB4_B/101_4.xyt,out/xyt/FVC2002_DB4_B/110_6.xyt
20,out/xyt/FVC2000_DB2_B/109_3.xyt,out/xyt/FVC2004_DB3_B/103_5.xyt
20,out/xyt/FVC2002_DB1_B/102_6.xyt,out/xyt/FVC2002_DB4_B/109_4.xyt
20,out/xyt/FVC2000_DB2_B/105_8.xyt,out/xyt/FVC2004_DB2_B/102_1.xyt
20,out/xyt/FVC2002_DB1_B/102_7.xyt,out/xyt/FVC2004_DB1_B/108_5.xyt
20,out/xyt/FVC2000_DB2_B/106_4.xyt,out/xyt/FVC2000_DB4_B/102_2.xyt
20,out/xyt/FVC2000_DB1_B/108_8.xyt,out/xyt/FVC2000_DB2_B/108_3.xyt
20,out/xyt/FVC2004_DB1_B/108_6.xyt,out/xyt/FVC2004_DB4_B/108_5.xyt
20,out/xyt/FVC2000_DB2_B/109_5.xyt,out/xyt/FVC2002_DB1_B/106_7.xyt
20,out/xyt/FVC2000_DB2_B/104_5.xyt,out/xyt/FVC2002_DB1_B/106_7.xyt
20,out/xyt/FVC2000_DB2_B/105_4.xyt,out/xyt/FVC2002_DB1_B/110_1.xyt
20,out/xyt/FVC2004_DB3_B/101_7.xyt,out/xyt/FVC2004_DB3_B/102_1.xyt
20,out/xyt/FVC2000_DB2_B/106_5.xyt,out/xyt/FVC2002_DB4_B/101_4.xyt
20,out/xyt/FVC2000_DB1_B/109_3.xyt,out/xyt/FVC2002_DB1_B/106_1.xyt
20,out/xyt/FVC2004_DB2_B/108_2.xyt,out/xyt/FVC2004_DB3_B/107_1.xyt
20,out/xyt/FVC2002_DB1_B/106_8.xyt,out/xyt/FVC2004_DB4_B/106_3.xyt
20,out/xyt/FVC2000_DB1_B/101_8.xyt,out/xyt/FVC2000_DB2_B/101_2.xyt
20,out/xyt/FVC2004_DB1_B/110_6.xyt,out/xyt/FVC2004_DB3_B/102_7.xyt
20,out/xyt/FVC2002_DB4_B/110_3.xyt,out/xyt/FVC2004_DB4_B/104_4.xyt
20,out/xyt/FVC2000_DB2_B/104_5.xyt,out/xyt/FVC2002_DB1_B/101_4.xyt
20,out/xyt/FVC2000_DB3_B/110_8.xyt,out/xyt/FVC2002_DB1_B/106_3.xyt
20,out/xyt/FVC2002_DB4_B/106_7.xyt,out/xyt/FVC2004_DB4_B/105_3.xyt
20,out/xyt/FVC2000_DB4_B/108_5.xyt,out/xyt/FVC2002_DB1_B/107_8.xyt
20,out/xyt/FVC2000_DB2_B/105_7.xyt,out/xyt/FVC2004_DB1_B/106_2.xyt
20,out/xyt/FVC2000_DB4_B/103_2.xyt,out/xyt/FVC2002_DB4_B/105_3.xyt
20,out/xyt/FVC2000_DB3_B/110_6.xyt,out/xyt/FVC2000_DB4_B/110_4.xyt
20,out/xyt/FVC2004_DB3_B/103_7.xyt,out/xyt/FVC2004_DB3_B/104_8.xyt
20,out/xyt/FVC2002_DB2_B/102_2.xyt,out/xyt/FVC2002_DB2_B/106_2.xyt
20,out/xyt/FVC2000_DB4_B/109_3.xyt,out/xyt/FVC2002_DB1_B/102_6.xyt
20,out/xyt/FVC2000_DB1_B/102_4.xyt,out/xyt/FVC2002_DB2_B/105_7.xyt
20,out/xyt/FVC2000_DB2_B/106_8.xyt,out/xyt/FVC2002_DB3_B/107_4.xyt
20,out/xyt/FVC2002_DB2_B/108_8.xyt,out/xyt/FVC2002_DB4_B/110_1.xyt
20,out/xyt/FVC2000_DB1_B/104_3.xyt,out/xyt/FVC2002_DB1_B/106_1.xyt
20,out/xyt/FVC2000_DB2_B/110_7.xyt,out/xyt/FVC2002_DB2_B/103_4.xyt
20,out/xyt/FVC2002_DB4_B/105_3.xyt,out/xyt/FVC2002_DB4_B/110_1.xyt
20,out/xyt/FVC2002_DB1_B/102_1.xyt,out/xyt/FVC2004_DB4_B/105_5.xyt
20,out/xyt/FVC2000_DB1_B/102_6.xyt,out/xyt/FVC2000_DB2_B/108_7.xyt
20,out/xyt/FVC2002_DB1_B/106_2.xyt,out/xyt/FVC2002_DB1_B/110_2.xyt
20,out/xyt/FVC2000_DB4_B/109_6.xyt,out/xyt/FVC2004_DB4_B/108_4.xyt
20,out/xyt/FVC2000_DB2_B/104_4.xyt,out/xyt/FVC2002_DB2_B/105_6.xyt
20,out/xyt/FVC2004_DB4_B/108_7.xyt,out/xyt/FVC2004_DB4_B/110_5.xyt
20,out/xyt/FVC2002_DB2_B/102_8.xyt,out/xyt/FVC2002_DB2_B/106_2.xyt
20,out/xyt/FVC2002_DB4_B/109_4.xyt,out/xyt/FVC2004_DB4_B/102_5.xyt
20,out/xyt/FVC2000_DB4_B/109_7.xyt,out/xyt/FVC2002_DB2_B/106_1.xyt
20,out/xyt/FVC2000_DB2_B/103_2.xyt,out/xyt/FVC2002_DB2_B/109_4.xyt
20,out/xyt/FVC2000_DB2_B/107_1.xyt,out/xyt/FVC2002_DB1_B/102_2.xyt
20,out/xyt/FVC2002_DB2_B/103_7.xyt,out/xyt/FVC2002_DB4_B/103_8.xyt
20,out/xyt/FVC2004_DB1_B/104_5.xyt,out/xyt/FVC2004_DB4_B/110_6.xyt
20,out/xyt/FVC2000_DB1_B/105_1.xyt,out/xyt/FVC2002_DB2_B/102_7.xyt
20,out/xyt/FVC2000_DB2_B/107_6.xyt,out/xyt/FVC2002_DB2_B/109_2.xyt
20,out/xyt/FVC2000_DB1_B/105_3.xyt,out/xyt/FVC2002_DB1_B/107_4.xyt
20,out/xyt/FVC2000_DB4_B/109_3.xyt,out/xyt/FVC2002_DB4_B/109_6.xyt
20,out/xyt/FVC2000_DB4_B/109_6.xyt,out/xyt/FVC2002_DB1_B/105_1.xyt
20,out/xyt/FVC2004_DB4_B/101_4.xyt,out/xyt/FVC2004_DB4_B/102_2.xyt
20,out/xyt/FVC2000_DB2_B/107_6.xyt,out/xyt/FVC2002_DB1_B/106_3.xyt
20,out/xyt/FVC2002_DB3_B/109_2.xyt,out/xyt/FVC2002_DB4_B/110_3.xyt
20,out/xyt/FVC2002_DB1_B/110_5.xyt,out/xyt/FVC2004_DB2_B/109_4.xyt
20,out/xyt/FVC2002_DB1_B/105_7.xyt,out/xyt/FVC2004_DB2_B/108_2.xyt
20,out/xyt/FVC2000_DB2_B/107_8.xyt,out/xyt/FVC2004_DB3_B/105_1.xyt
20,out/xyt/FVC2002_DB4_B/102_5.xyt,out/xyt/FVC2002_DB4_B/110_1.xyt
20,out/xyt/FVC2000_DB1_B/105_1.xyt,out/xyt/FVC2002_DB2_B/105_8.xyt
20,out/xyt/FVC2000_DB4_B/109_6.xyt,out/xyt/FVC2004_DB4_B/110_1.xyt
20,out/xyt/FVC2000_DB4_B/103_5.xyt,out/xyt/FVC2004_DB4_B/110_6.xyt
20,out/xyt/FVC2004_DB3_B/103_7.xyt,out/xyt/FVC2004_DB3_B/104_4.xyt
20,out/xyt/FVC2000_DB2_B/105_3.xyt,out/xyt/FVC2004_DB1_B/102_2.xyt
20,out/xyt/FVC2002_DB3_B/109_4.xyt,out/xyt/FVC2004_DB2_B/104_1.xyt
20,out/xyt/FVC2002_DB1_B/106_6.xyt,out/xyt/FVC2004_DB4_B/106_7.xyt
20,out/xyt/FVC2000_DB1_B/107_5.xyt,out/xyt/FVC2002_DB4_B/105_5.xyt
20,out/xyt/FVC2004_DB4_B/101_4.xyt,out/xyt/FVC2004_DB4_B/103_3.xyt
20,out/xyt/FVC2000_DB4_B/109_3.xyt,out/xyt/FVC2004_DB2_B/104_5.xyt
20,out/xyt/FVC2002_DB1_B/106_8.xyt,out/xyt/FVC2004_DB2_B/108_7.xyt
20,out/xyt/FVC2000_DB4_B/109_3.xyt,out/xyt/FVC2002_DB1_B/106_1.xyt
20,out/xyt/FVC2002_DB1_B/101_7.xyt,out/xyt/FVC2002_DB1_B/110_3.xyt
20,out/xyt/FVC2000_DB2_B/104_5.xyt,out/xyt/FVC2002_DB1_B/104_4.xyt
20,out/xyt/FVC2004_DB2_B/108_1.xyt,out/xyt/FVC2004_DB4_B/108_5.xyt
20,out/xyt/FVC2000_DB1_B/109_3.xyt,out/xyt/FVC2000_DB2_B/105_1.xyt
20,out/xyt/FVC2000_DB4_B/109_6.xyt,out/xyt/FVC2004_DB1_B/101_3.xyt
20,out/xyt/FVC2000_DB1_B/106_8.xyt,out/xyt/FVC2004_DB2_B/105_7.xyt
20,out/xyt/FVC2000_DB1_B/109_7.xyt,out/xyt/FVC2000_DB2_B/105_8.xyt
20,out/xyt/FVC2002_DB1_B/106_2.xyt,out/xyt/FVC2002_DB1_B/110_3.xyt
20,out/xyt/FVC2002_DB4_B/110_1.xyt,out/xyt/FVC2004_DB4_B/106_8.xyt
20,out/xyt/FVC2000_DB2_B/105_1.xyt,out/xyt/FVC2004_DB4_B/106_5.xyt
20,out/xyt/FVC2002_DB4_B/109_3.xyt,out/xyt/FVC2004_DB4_B/103_5.xyt
20,out/xyt/FVC2002_DB4_B/101_1.xyt,out/xyt/FVC2002_DB4_B/102_7.xyt
20,out/xyt/FVC2000_DB1_B/107_2.xyt,out/xyt/FVC2002_DB2_B/101_7.xyt
20,out/xyt/FVC2000_DB1_B/102_8.xyt,out/xyt/FVC2002_DB1_B/102_1.xyt
20,out/xyt/FVC2002_DB1_B/107_4.xyt,out/xyt/FVC2004_DB2_B/102_1.xyt
20,out/xyt/FVC2002_DB3_B/103_6.xyt,out/xyt/FVC2004_DB1_B/108_4.xyt
20,out/xyt/FVC2000_DB4_B/103_8.xyt,out/xyt/FVC2002_DB4_B/110_5.xyt
20,out/xyt/FVC2000_DB3_B/104_3.xyt,out/xyt/FVC2000_DB3_B/110_8.xyt
20,out/xyt/FVC2000_DB1_B/105_1.xyt,out/xyt/FVC2002_DB2_B/102_2.xyt
20,out/xyt/FVC2000_DB1_B/104_5.xyt,out/xyt/FVC2002_DB1_B/106_5.xyt
20,out/xyt/FVC2002_DB2_B/109_3.xyt,out/xyt/FVC2002_DB3_B/104_7.xyt
20,out/xyt/FVC2000_DB4_B/102_1.xyt,out/xyt/FVC2004_DB1_B/103_1.xyt
20,out/xyt/FVC2002_DB1_B/107_3.xyt,out/xyt/FVC2004_DB2_B/109_5.xyt
20,out/xyt/FVC2002_DB4_B/108_2.xyt,out/xyt/FVC2004_DB4_B/110_5.xyt
20,out/xyt/FVC2002_DB4_B/107_2.xyt,out/xyt/FVC2004_DB3_B/105_1.xyt
20,out/xyt/FVC2000_DB1_B/104_8.xyt,out/xyt/FVC2000_DB4_B/103_3.xyt
20,out/xyt/FVC2000_DB2_B/104_2.xyt,out/xyt/FVC2002_DB2_B/106_3.xyt
20,out/xyt/FVC2000_DB1_B/106_1.xyt,out/xyt/FVC2000_DB4_B/110_6.xyt
20,out/xyt/FVC2002_DB1_B/110_1.xyt,out/xyt/FVC2004_DB3_B/106_2.xyt
20,out/xyt/FVC2002_DB4_B/107_2.xyt,out/xyt/FVC2004_DB4_B/109_1.xyt
20,out/xyt/FVC2000_DB1_B/102_6.xyt,out/xyt/FVC2002_DB2_B/106_5.xyt
20,out/xyt/FVC2002_DB2_B/110_7.xyt,out/xyt/FVC2004_DB3_B/102_5.xyt
20,out/xyt/FVC2000_DB2_B/108_6.xyt,out/xyt/FVC2004_DB3_B/104_3.xyt
20,out/xyt/FVC2000_DB4_B/106_5.xyt,out/xyt/FVC2004_DB1_B/107_1.xyt
20,out/xyt/FVC2002_DB1_B/107_7.xyt,out/xyt/FVC2004_DB1_B/104_5.xyt
20,out/xyt/FVC2004_DB1_B/108_7.xyt,out/xyt/FVC2004_DB2_B/108_3.xyt
20,out/xyt/FVC2002_DB2_B/108_8.xyt,out/xyt/FVC2002_DB3_B/106_1.xyt
20,out/xyt/FVC2002_DB1_B/101_7.xyt,out/xyt/FVC2004_DB1_B/106_2.xyt
20,out/xyt/FVC2000_DB1_B/106_6.xyt,out/xyt/FVC2000_DB1_B/108_5.xyt
20,out/xyt/FVC2000_DB1_B/105_4.xyt,out/xyt/FVC2004_DB2_B/102_1.xyt
20,out/xyt/FVC2002_DB1_B/106_1.xyt,out/xyt/FVC2004_DB1_B/101_7.xyt
20,out/xyt/FVC2000_DB1_B/109_5.xyt,out/xyt/FVC2002_DB2_B/108_7.xyt
20,out/xyt/FVC2002_DB2_B/103_7.xyt,out/xyt/FVC2004_DB4_B/106_5.xyt
20,out/xyt/FVC2000_DB4_B/109_2.xyt,out/xyt/FVC2002_DB1_B/106_5.xyt
20,out/xyt/FVC2002_DB1_B/105_6.xyt,out/xyt/FVC2002_DB4_B/101_1.xyt
20,out/xyt/FVC2004_DB4_B/106_7.xyt,out/xyt/FVC2004_DB4_B/108_5.xyt
20,out/xyt/FVC2000_DB4_B/101_7.xyt,out/xyt/FVC2002_DB4_B/108_6.xyt
20,out/xyt/FVC2002_DB1_B/105_5.xyt,out/xyt/FVC2002_DB3_B/103_6.xyt
20,out/xyt/FVC2000_DB2_B/109_5.xyt,out/xyt/FVC2002_DB1_B/102_4.xyt
20,out/xyt/FVC2002_DB4_B/102_6.xyt,out/xyt/FVC2002_DB4_B/110_3.xyt
20,out/xyt/FVC2000_DB1_B/109_4.xyt,out/xyt/FVC2004_DB1_B/101_5.xyt
20,out/xyt/FVC2002_DB4_B/110_5.xyt,out/xyt/FVC2004_DB4_B/106_8.xyt
20,out/xyt/FVC2002_DB1_B/104_4.xyt,out/xyt/FVC2002_DB1_B/105_7.xyt
20,out/xyt/FVC2004_DB4_B/101_4.xyt,out/xyt/FVC2004_DB4_B/102_5.xyt
20,out/xyt/FVC2000_DB1_B/109_7.xyt,out/xyt/FVC2002_DB1_B/107_8.xyt
20,out/xyt/FVC2000_DB2_B/107_3.xyt,out/xyt/FVC2004_DB1_B/102_2.xyt
20,out/xyt/FVC2002_DB1_B/101_7.xyt,out/xyt/FVC2002_DB1_B/107_3.xyt
20,out/xyt/FVC2002_DB1_B/110_5.xyt,out/xyt/FVC2002_DB3_B/101_4.xyt
20,out/xyt/FVC2000_DB2_B/107_6.xyt,out/xyt/FVC2004_DB3_B/106_2.xyt
20,out/xyt/FVC2000_DB1_B/109_4.xyt,out/xyt/FVC2000_DB4_B/109_6.xyt
20,out/xyt/FVC2000_DB4_B/109_6.xyt,out/xyt/FVC2002_DB1_B/106_3.xyt
20,out/xyt/FVC2000_DB4_B/102_2.xyt,out/xyt/FVC2002_DB4_B/102_3.xyt
20,out/xyt/FVC2000_DB1_B/101_5.xyt,out/xyt/FVC2000_DB2_B/101_8.xyt
20,out/xyt/FVC2002_DB1_B/107_7.xyt,out/xyt/FVC2004_DB2_B/109_5.xyt
20,out/xyt/FVC2000_DB1_B/106_2.xyt,out/xyt/FVC2002_DB4_B/102_7.xyt
20,out/xyt/FVC2002_DB1_B/105_1.xyt,out/xyt/FVC2002_DB4_B/106_7.xyt
20,out/xyt/FVC2000_DB2_B/104_2.xyt,out/xyt/FVC2002_DB2_B/106_1.xyt
20,out/xyt/FVC2002_DB2_B/106_1.xyt,out/xyt/FVC2004_DB4_B/110_6.xyt
20,out/xyt/FVC2000_DB1_B/109_2.xyt,out/xyt/FVC2004_DB2_B/109_5.xyt
20,out/xyt/FVC2002_DB2_B/109_5.xyt,out/xyt/FVC2002_DB4_B/108_2.xyt
20,out/xyt/FVC2002_DB2_B/110_3.xyt,out/xyt/FVC2004_DB3_B/102_1.xyt
20,out/xyt/FVC2000_DB2_B/105_2.xyt,out/xyt/FVC2004_DB4_B/106_8.xyt
20,out/xyt/FVC2000_DB4_B/109_5.xyt,out/xyt/FVC2002_DB4_B/101_4.xyt
20,out/xyt/FVC2002_DB1_B/107_3.xyt,out/xyt/FVC2002_DB4_B/107_4.xyt
20,out/xyt/FVC2002_DB1_B/106_8.xyt,out/xyt/FVC2004_DB1_B/107_1.xyt
20,out/xyt/FVC2000_DB4_B/103_4.xyt,out/xyt/FVC2002_DB4_B/110_5.xyt
20,out/xyt/FVC2002_DB1_B/106_8.xyt,out/xyt/FVC2002_DB1_B/107_4.xyt
20,out/xyt/FVC2000_DB2_B/109_5.xyt,out/xyt/FVC2000_DB4_B/109_8.xyt
20,out/xyt/FVC2002_DB1_B/110_1.xyt,out/xyt/FVC2004_DB2_B/108_1.xyt
20,out/xyt/FVC2000_DB1_B/109_8.xyt,out/xyt/FVC2002_DB1_B/110_4.xyt
20,out/xyt/FVC2002_DB2_B/109_5.xyt,out/xyt/FVC2004_DB2_B/109_1.xyt
20,out/xyt/FVC2002_DB2_B/103_2.xyt,out/xyt/FVC2004_DB2_B/108_4.xyt
20,out/xyt/FVC2000_DB1_B/103_3.xyt,out/xyt/FVC2002_DB1_B/102_6.xyt
20,out/xyt/FVC2002_DB2_B/105_8.xyt,out/xyt/FVC2002_DB4_B/108_6.xyt
20,out/xyt/FVC2002_DB1_B/110_5.xyt,out/xyt/FVC2004_DB1_B/106_4.xyt
20,out/xyt/FVC2000_DB1_B/102_5.xyt,out/xyt/FVC2002_DB1_B/109_1.xyt
20,out/xyt/FVC2002_DB1_B/102_6.xyt,out/xyt/FVC2004_DB4_B/104_3.xyt
20,out/xyt/FVC2002_DB2_B/103_2.xyt,out/xyt/FVC2004_DB2_B/108_5.xyt
20,out/xyt/FVC2002_DB3_B/104_8.xyt,out/xyt/FVC2002_DB3_B/109_1.xyt
20,out/xyt/FVC2002_DB3_B/101_2.xyt,out/xyt/FVC2002_DB3_B/109_8.xyt
20,out/xyt/FVC2004_DB2_B/108_1.xyt,out/xyt/FVC2004_DB4_B/110_3.xyt
20,out/xyt/FVC2000_DB4_B/109_6.xyt,out/xyt/FVC2004_DB4_B/108_7.xyt
20,out/xyt/FVC2002_DB1_B/104_1.xyt,out/xyt/FVC2004_DB4_B/102_6.xyt
20,out/xyt/FVC2004_DB1_B/103_4.xyt,out/xyt/FVC2004_DB1_B/107_2.xyt
20,out/xyt/FVC2002_DB4_B/102_5.xyt,out/xyt/FVC2002_DB4_B/108_1.xyt
20,out/xyt/FVC2000_DB1_B/102_4.xyt,out/xyt/FVC2002_DB2_B/103_1.xyt
20,out/xyt/FVC2000_DB1_B/106_4.xyt,out/xyt/FVC2002_DB4_B/105_4.xyt
20,out/xyt/FVC2000_DB1_B/109_3.xyt,out/xyt/FVC2004_DB2_B/109_1.xyt
20,out/xyt/FVC2000_DB1_B/107_5.xyt,out/xyt/FVC2002_DB4_B/108_2.xyt
20,out/xyt/FVC2000_DB1_B/106_2.xyt,out/xyt/FVC2002_DB4_B/107_4.xyt
20,out/xyt/FVC2000_DB2_B/105_8.xyt,out/xyt/FVC2004_DB2_B/102_2.xyt
20,out/xyt/FVC2000_DB4_B/102_2.xyt,out/xyt/FVC2002_DB1_B/105_6.xyt
20,out/xyt/FVC2002_DB4_B/108_2.xyt,out/xyt/FVC2004_DB2_B/106_8.xyt
20,out/xyt/FVC2002_DB4_B/108_2.xyt,out/xyt/FVC2004_DB2_B/108_8.xyt
20,out/xyt/FVC2000_DB4_B/109_3.xyt,out/xyt/FVC2002_DB1_B/102_1.xyt
20,out/xyt/FVC2000_DB2_B/109_1.xyt,out/xyt/FVC2004_DB3_B/102_4.xyt
20,out/xyt/FVC2002_DB2_B/105_1.xyt,out/xyt/FVC2002_DB4_B/102_7.xyt
20,out/xyt/FVC2002_DB1_B/109_1.xyt,out/xyt/FVC2004_DB2_B/103_1.xyt
20,out/xyt/FVC2000_DB4_B/109_1.xyt,out/xyt/FVC2004_DB4_B/110_1.xyt
20,out/xyt/FVC2000_DB1_B/104_2.xyt,out/xyt/FVC2004_DB1_B/102_8.xyt
20,out/xyt/FVC2000_DB1_B/108_5.xyt,out/xyt/FVC2002_DB1_B/105_7.xyt
20,out/xyt/FVC2002_DB1_B/107_1.xyt,out/xyt/FVC2002_DB2_B/108_3.xyt
20,out/xyt/FVC2000_DB4_B/109_8.xyt,out/xyt/FVC2002_DB1_B/106_6.xyt
20,out/xyt/FVC2004_DB1_B/101_5.xyt,out/xyt/FVC2004_DB1_B/107_6.xyt
20,out/xyt/FVC2002_DB2_B/106_3.xyt,out/xyt/FVC2004_DB1_B/102_2.xyt
20,out/xyt/FVC2002_DB1_B/102_6.xyt,out/xyt/FVC2002_DB4_B/109_5.xyt
20,out/xyt/FVC2004_DB3_B/102_1.xyt,out/xyt/FVC2004_DB3_B/110_6.xyt
20,out/xyt/FVC2000_DB1_B/109_3.xyt,out/xyt/FVC2004_DB4_B/106_3.xyt
20,out/xyt/FVC2002_DB3_B/109_4.xyt,out/xyt/FVC2002_DB4_B/107_2.xyt
20,out/xyt/FVC2000_DB4_B/102_2.xyt,out/xyt/FVC2002_DB4_B/102_5.xyt
20,out/xyt/FVC2000_DB4_B/109_1.xyt,out/xyt/FVC2002_DB4_B/103_7.xyt
20,out/xyt/FVC2000_DB1_B/102_5.xyt,out/xyt/FVC2000_DB1_B/108_7.xyt
20,out/xyt/FVC2002_DB4_B/109_7.xyt,out/xyt/FVC2004_DB2_B/107_8.xyt
20,out/xyt/FVC2000_DB4_B/101_7.xyt,out/xyt/FVC2002_DB4_B/107_4.xyt
20,out/xyt/FVC2000_DB2_B/109_1.xyt,out/xyt/FVC2002_DB4_B/101_1.xyt
20,out/xyt/FVC2004_DB3_B/101_3.xyt,out/xyt/FVC2004_DB3_B/102_4.xyt
20,out/xyt/FVC2002_DB4_B/108_2.xyt,out/xyt/FVC2004_DB4_B/110_6.xyt
20,out/xyt/FVC2002_DB2_B/104_8.xyt,out/xyt/FVC2002_DB4_B/106_7.xyt
20,out/xyt/FVC2000_DB1_B/102_4.xyt,out/xyt/FVC2002_DB4_B/102_7.xyt
20,out/xyt/FVC2000_DB4_B/105_7.xyt,out/xyt/FVC2000_DB4_B/110_1.xyt
20,out/xyt/FVC2000_DB4_B/103_5.xyt,out/xyt/FVC2002_DB4_B/102_3.xyt
20,out/xyt/FVC2002_DB3_B/108_8.xyt,out/xyt/FVC2004_DB3_B/102_5.xyt
20,out/xyt/FVC2002_DB1_B/106_6.xyt,out/xyt/FVC2004_DB2_B/101_5.xyt
20,out/xyt/FVC2000_DB1_B/108_7.xyt,out/xyt/FVC2002_DB1_B/109_2.xyt
20,out/xyt/FVC2002_DB1_B/107_7.xyt,out/xyt/FVC2004_DB1_B/102_1.xyt
20,out/xyt/FVC2002_DB2_B/103_7.xyt,out/xyt/FVC2002_DB4_B/101_1.xyt
20,out/xyt/FVC2000_DB2_B/106_5.xyt,out/xyt/FVC2002_DB1_B/109_3.xyt
20,out/xyt/FVC2000_DB1_B/109_7.xyt,out/xyt/FVC2000_DB4_B/109_8.xyt
20,out/xyt/FVC2000_DB4_B/106_8.xyt,out/xyt/FVC2002_DB3_B/109_1.xyt
20,out/xyt/FVC2000_DB2_B/102_6.xyt,out/xyt/FVC2004_DB2_B/108_7.xyt
20,out/xyt/FVC2002_DB4_B/110_3.xyt,out/xyt/FVC2004_DB4_B/105_5.xyt
20,out/xyt/FVC2002_DB2_B/102_8.xyt,out/xyt/FVC2004_DB4_B/106_3.xyt
20,out/xyt/FVC2002_DB2_B/103_2.xyt,out/xyt/FVC2004_DB4_B/110_6.xyt
20,out/xyt/FVC2002_DB4_B/102_3.xyt,out/xyt/FVC2002_DB4_B/110_4.xyt
20,out/xyt/FVC2002_DB3_B/109_7.xyt,out/xyt/FVC2002_DB4_B/110_6.xyt
20,out/xyt/FVC2002_DB1_B/106_3.xyt,out/xyt/FVC2004_DB4_B/106_4.xyt
20,out/xyt/FVC2000_DB1_B/109_3.xyt,out/xyt/FVC2004_DB4_B/110_6.xyt
20,out/xyt/FVC2000_DB4_B/103_3.xyt,out/xyt/FVC2002_DB4_B/102_3.xyt
20,out/xyt/FVC2002_DB3_B/105_1.xyt,out/xyt/FVC2004_DB2_B/110_4.xyt
20,out/xyt/FVC2000_DB4_B/109_7.xyt,out/xyt/FVC2002_DB2_B/109_1.xyt
20,out/xyt/FVC2002_DB1_B/102_4.xyt,out/xyt/FVC2002_DB1_B/105_3.xyt
20,out/xyt/FVC2000_DB2_B/109_8.xyt,out/xyt/FVC2004_DB2_B/104_8.xyt
20,out/xyt/FVC2002_DB2_B/103_7.xyt,out/xyt/FVC2002_DB2_B/108_1.xyt
20,out/xyt/FVC2004_DB4_B/101_7.xyt,out/xyt/FVC2004_DB4_B/102_2.xyt
20,out/xyt/FVC2000_DB4_B/103_5.xyt,out/xyt/FVC2004_DB3_B/105_3.xyt
20,out/xyt/FVC2002_DB1_B/102_6.xyt,out/xyt/FVC2004_DB2_B/110_2.xyt
20,out/xyt/FVC2002_DB3_B/103_6.xyt,out/xyt/FVC2002_DB4_B/105_6.xyt
20,out/xyt/FVC2000_DB2_B/104_6.xyt,out/xyt/FVC2004_DB3_B/105_4.xyt
20,out/xyt/FVC2000_DB1_B/109_6.xyt,out/xyt/FVC2002_DB1_B/106_1.xyt
20,out/xyt/FVC2000_DB4_B/106_8.xyt,out/xyt/FVC2002_DB1_B/101_6.xyt
20,out/xyt/FVC2000_DB1_B/102_5.xyt,out/xyt/FVC2002_DB2_B/109_1.xyt
20,out/xyt/FVC2000_DB1_B/105_8.xyt,out/xyt/FVC2000_DB1_B/109_5.xyt
20,out/xyt/FVC2002_DB2_B/108_3.xyt,out/xyt/FVC2002_DB4_B/101_8.xyt
20,out/xyt/FVC2000_DB2_B/103_3.xyt,out/xyt/FVC2004_DB2_B/104_1.xyt
20,out/xyt/FVC2000_DB2_B/109_5.xyt,out/xyt/FVC2002_DB2_B/105_7.xyt
20,out/xyt/FVC2000_DB3_B/110_7.xyt,out/xyt/FVC2004_DB4_B/102_5.xyt
20,out/xyt/FVC2000_DB4_B/103_5.xyt,out/xyt/FVC2002_DB4_B/102_2.xyt
20,out/xyt/FVC2002_DB4_B/105_8.xyt,out/xyt/FVC2004_DB1_B/102_5.xyt
20,out/xyt/FVC2000_DB4_B/106_5.xyt,out/xyt/FVC2002_DB2_B/110_6.xyt
20,out/xyt/FVC2004_DB1_B/104_7.xyt,out/xyt/FVC2004_DB2_B/108_4.xyt
20,out/xyt/FVC2000_DB1_B/109_5.xyt,out/xyt/FVC2002_DB4_B/102_5.xyt
20,out/xyt/FVC2002_DB2_B/106_1.xyt,out/xyt/FVC2004_DB2_B/109_5.xyt
20,out/xyt/FVC2000_DB4_B/104_6.xyt,out/xyt/FVC2002_DB4_B/105_5.xyt
20,out/xyt/FVC2000_DB1_B/102_5.xyt,out/xyt/FVC2004_DB1_B/107_1.xyt
20,out/xyt/FVC2002_DB2_B/105_8.xyt,out/xyt/FVC2002_DB4_B/102_7.xyt
20,out/xyt/FVC2000_DB2_B/104_6.xyt,out/xyt/FVC2002_DB2_B/106_1.xyt
20,out/xyt/FVC2002_DB1_B/102_1.xyt,out/xyt/FVC2004_DB4_B/108_5.xyt
20,out/xyt/FVC2002_DB1_B/109_7.xyt,out/xyt/FVC2002_DB2_B/108_6.xyt
20,out/xyt/FVC2002_DB2_B/109_3.xyt,out/xyt/FVC2004_DB1_B/103_4.xyt
20,out/xyt/FVC2000_DB1_B/106_5.xyt,out/xyt/FVC2000_DB2_B/109_5.xyt
20,out/xyt/FVC2002_DB4_B/101_5.xyt,out/xyt/FVC2002_DB4_B/106_1.xyt
20,out/xyt/FVC2002_DB2_B/108_2.xyt,out/xyt/FVC2002_DB4_B/103_4.xyt
20,out/xyt/FVC2002_DB2_B/106_8.xyt,out/xyt/FVC2002_DB2_B/108_7.xyt
20,out/xyt/FVC2000_DB2_B/107_7.xyt,out/xyt/FVC2002_DB1_B/109_5.xyt
20,out/xyt/FVC2004_DB2_B/102_6.xyt,out/xyt/FVC2004_DB4_B/108_4.xyt
20,out/xyt/FVC2000_DB1_B/108_5.xyt,out/xyt/FVC2000_DB2_B/102_4.xyt
20,out/xyt/FVC2000_DB4_B/102_3.xyt,out/xyt/FVC2004_DB4_B/108_8.xyt
20,out/xyt/FVC2000_DB4_B/105_7.xyt,out/xyt/FVC2002_DB2_B/108_8.xyt
20,out/xyt/FVC2000_DB1_B/108_5.xyt,out/xyt/FVC2002_DB1_B/109_2.xyt
20,out/xyt/FVC2002_DB1_B/102_4.xyt,out/xyt/FVC2004_DB1_B/103_8.xyt
20,out/xyt/FVC2000_DB4_B/103_3.xyt,out/xyt/FVC2002_DB4_B/110_3.xyt
20,out/xyt/FVC2002_DB1_B/102_2.xyt,out/xyt/FVC2004_DB4_B/106_3.xyt
20,out/xyt/FVC2002_DB1_B/110_2.xyt,out/xyt/FVC2002_DB2_B/102_2.xyt
20,out/xyt/FVC2000_DB3_B/103_4.xyt,out/xyt/FVC2000_DB3_B/105_4.xyt
20,out/xyt/FVC2002_DB4_B/102_7.xyt,out/xyt/FVC2004_DB1_B/103_6.xyt
20,out/xyt/FVC2000_DB1_B/102_7.xyt,out/xyt/FVC2004_DB1_B/107_4.xyt
20,out/xyt/FVC2002_DB1_B/110_1.xyt,out/xyt/FVC2002_DB2_B/102_2.xyt
20,out/xyt/FVC2002_DB4_B/110_5.xyt,out/xyt/FVC2004_DB4_B/106_7.xyt
20,out/xyt/FVC2000_DB2_B/107_5.xyt,out/xyt/FVC2002_DB2_B/101_7.xyt
20,out/xyt/FVC2000_DB4_B/109_5.xyt,out/xyt/FVC2002_DB4_B/107_4.xyt
20,out/xyt/FVC2004_DB1_B/107_1.xyt,out/xyt/FVC2004_DB4_B/108_8.xyt
20,out/xyt/FVC2000_DB2_B/108_5.xyt,out/xyt/FVC2002_DB1_B/110_2.xyt
20,out/xyt/FVC2002_DB1_B/110_6.xyt,out/xyt/FVC2004_DB4_B/106_7.xyt
20,out/xyt/FVC2000_DB1_B/109_4.xyt,out/xyt/FVC2000_DB2_B/104_6.xyt
20,out/xyt/FVC2000_DB1_B/104_2.xyt,out/xyt/FVC2000_DB2_B/107_5.xyt
20,out/xyt/FVC2004_DB3_B/105_3.xyt,out/xyt/FVC2004_DB3_B/106_2.xyt
20,out/xyt/FVC2002_DB1_B/102_7.xyt,out/xyt/FVC2002_DB4_B/107_5.xyt
20,out/xyt/FVC2000_DB3_B/109_7.xyt,out/xyt/FVC2004_DB1_B/108_8.xyt
20,out/xyt/FVC2000_DB1_B/102_7.xyt,out/xyt/FVC2000_DB4_B/109_3.xyt
20,out/xyt/FVC2000_DB2_B/107_3.xyt,out/xyt/FVC2000_DB4_B/109_3.xyt
20,out/xyt/FVC2002_DB1_B/109_7.xyt,out/xyt/FVC2002_DB2_B/104_8.xyt
20,out/xyt/FVC2002_DB4_B/102_2.xyt,out/xyt/FVC2004_DB2_B/101_6.xyt
20,out/xyt/FVC2002_DB3_B/104_3.xyt,out/xyt/FVC2004_DB2_B/104_5.xyt
20,out/xyt/FVC2002_DB4_B/103_8.xyt,out/xyt/FVC2002_DB4_B/108_2.xyt
20,out/xyt/FVC2002_DB2_B/103_7.xyt,out/xyt/FVC2004_DB1_B/107_1.xyt
20,out/xyt/FVC2002_DB1_B/110_3.xyt,out/xyt/FVC2002_DB3_B/102_4.xyt
20,out/xyt/FVC2002_DB1_B/110_4.xyt,out/xyt/FVC2004_DB2_B/102_6.xyt
20,out/xyt/FVC2000_DB1_B/109_4.xyt,out/xyt/FVC2004_DB4_B/110_1.xyt
20,out/xyt/FVC2002_DB1_B/104_2.xyt,out/xyt/FVC2004_DB4_B/102_6.xyt
20,out/xyt/FVC2000_DB4_B/102_5.xyt,out/xyt/FVC2000_DB4_B/105_4.xyt
20,out/xyt/FVC2002_DB1_B/106_3.xyt,out/xyt/FVC2002_DB2_B/108_1.xyt
20,out/xyt/FVC2002_DB4_B/107_5.xyt,out/xyt/FVC2004_DB1_B/107_5.xyt
20,out/xyt/FVC2000_DB2_B/105_3.xyt,out/xyt/FVC2002_DB1_B/105_8.xyt
20,out/xyt/FVC2002_DB3_B/105_2.xyt,out/xyt/FVC2004_DB1_B/105_6.xyt
20,out/xyt/FVC2002_DB1_B/102_1.xyt,out/xyt/FVC2002_DB1_B/106_3.xyt
20,out/xyt/FVC2002_DB3_B/108_5.xyt,out/xyt/FVC2002_DB3_B/109_2.xyt
20,out/xyt/FVC2000_DB1_B/109_4.xyt,out/xyt/FVC2004_DB3_B/103_4.xyt
20,out/xyt/FVC2000_DB1_B/103_1.xyt,out/xyt/FVC2000_DB1_B/106_7.xyt
20,out/xyt/FVC2000_DB1_B/103_1.xyt,out/xyt/FVC2000_DB1_B/108_5.xyt
20,out/xyt/FVC2000_DB2_B/105_3.xyt,out/xyt/FVC2002_DB1_B/106_8.xyt
20,out/xyt/FVC2002_DB3_B/103_8.xyt,out/xyt/FVC2004_DB1_B/108_6.xyt
20,out/xyt/FVC2002_DB4_B/108_2.xyt,out/xyt/FVC2002_DB4_B/110_1.xyt
20,out/xyt/FVC2000_DB2_B/108_8.xyt,out/xyt/FVC2004_DB1_B/103_8.xyt
20,out/xyt/FVC2002_DB1_B/107_4.xyt,out/xyt/FVC2004_DB4_B/106_4.xyt
20,out/xyt/FVC2002_DB1_B/106_2.xyt,out/xyt/FVC2002_DB2_B/106_3.xyt
20,out/xyt/FVC2002_DB2_B/105_1.xyt,out/xyt/FVC2002_DB4_B/102_2.xyt
20,out/xyt/FVC2004_DB2_B/109_5.xyt,out/xyt/FVC2004_DB2_B/110_5.xyt
20,out/xyt/FVC2000_DB1_B/109_5.xyt,out/xyt/FVC2002_DB1_B/106_3.xyt
20,out/xyt/FVC2002_DB2_B/103_2.xyt,out/xyt/FVC2002_DB4_B/102_8.xyt
20,out/xyt/FVC2000_DB1_B/101_1.xyt,out/xyt/FVC2000_DB2_B/101_3.xyt
20,out/xyt/FVC2002_DB3_B/108_7.xyt,out/xyt/FVC2002_DB3_B/109_7.xyt
20,out/xyt/FVC2000_DB4_B/102_1.xyt,out/xyt/FVC2002_DB2_B/103_5.xyt
20,out/xyt/FVC2000_DB1_B/106_8.xyt,out/xyt/FVC2004_DB2_B/102_3.xyt
20,out/xyt/FVC2002_DB1_B/102_4.xyt,out/xyt/FVC2004_DB1_B/103_6.xyt
20,out/xyt/FVC2004_DB2_B/109_1.xyt,out/xyt/FVC2004_DB4_B/110_1.xyt
20,out/xyt/FVC2002_DB1_B/106_5.xyt,out/xyt/FVC2002_DB1_B/107_2.xyt
20,out/xyt/FVC2004_DB1_B/110_5.xyt,out/xyt/FVC2004_DB2_B/109_5.xyt
20,out/xyt/FVC2000_DB1_B/109_3.xyt,out/xyt/FVC2000_DB4_B/102_1.xyt
20,out/xyt/FVC2004_DB3_B/102_3.xyt,out/xyt/FVC2004_DB3_B/110_7.xyt
20,out/xyt/FVC2002_DB3_B/109_6.xyt,out/xyt/FVC2002_DB4_B/109_6.xyt
20,out/xyt/FVC2000_DB3_B/110_7.xyt,out/xyt/FVC2002_DB4_B/102_7.xyt
20,out/xyt/FVC2000_DB4_B/102_1.xyt,out/xyt/FVC2004_DB1_B/103_8.xyt
20,out/xyt/FVC2000_DB1_B/109_7.xyt,out/xyt/FVC2000_DB4_B/109_3.xyt
20,out/xyt/FVC2002_DB1_B/106_8.xyt,out/xyt/FVC2002_DB4_B/102_7.xyt
20,out/xyt/FVC2002_DB3_B/108_4.xyt,out/xyt/FVC2004_DB3_B/102_4.xyt
20,out/xyt/FVC2002_DB2_B/108_2.xyt,out/xyt/FVC2004_DB2_B/108_1.xyt
20,out/xyt/FVC2002_DB2_B/109_5.xyt,out/xyt/FVC2004_DB1_B/104_1.xyt
20,out/xyt/FVC2002_DB4_B/102_2.xyt,out/xyt/FVC2002_DB4_B/105_5.xyt
20,out/xyt/FVC2002_DB1_B/110_1.xyt,out/xyt/FVC2002_DB2_B/105_7.xyt
20,out/xyt/FVC2002_DB4_B/105_5.xyt,out/xyt/FVC2002_DB4_B/110_2.xyt
20,out/xyt/FVC2000_DB4_B/109_7.xyt,out/xyt/FVC2002_DB4_B/102_2.xyt
20,out/xyt/FVC2004_DB3_B/102_1.xyt,out/xyt/FVC2004_DB3_B/104_1.xyt
20,out/xyt/FVC2002_DB4_B/101_7.xyt,out/xyt/FVC2002_DB4_B/103_3.xyt
20,out/xyt/FVC2000_DB1_B/106_8.xyt,out/xyt/FVC2004_DB2_B/102_1.xyt
20,out/xyt/FVC2002_DB2_B/101_5.xyt,out/xyt/FVC2004_DB3_B/101_6.xyt
20,out/xyt/FVC2002_DB2_B/108_8.xyt,out/xyt/FVC2004_DB4_B/108_8.xyt
20,out/xyt/FVC2000_DB2_B/104_4.xyt,out/xyt/FVC2000_DB4_B/103_6.xyt
20,out/xyt/FVC2002_DB2_B/108_3.xyt,out/xyt/FVC2002_DB4_B/103_5.xyt
20,out/xyt/FVC2000_DB1_B/109_6.xyt,out/xyt/FVC2002_DB4_B/102_7.xyt
20,out/xyt/FVC2000_DB4_B/103_3.xyt,out/xyt/FVC2002_DB4_B/103_8.xyt
20,out/xyt/FVC2002_DB2_B/109_6.xyt,out/xyt/FVC2002_DB4_B/102_7.xyt
20,out/xyt/FVC2000_DB2_B/104_5.xyt,out/xyt/FVC2002_DB1_B/106_8.xyt
20,out/xyt/FVC2002_DB2_B/103_2.xyt,out/xyt/FVC2004_DB4_B/102_6.xyt
20,out/xyt/FVC2002_DB2_B/110_6.xyt,out/xyt/FVC2002_DB4_B/110_3.xyt
20,out/xyt/FVC2000_DB2_B/103_1.xyt,out/xyt/FVC2002_DB1_B/105_7.xyt
20,out/xyt/FVC2002_DB2_B/103_2.xyt,out/xyt/FVC2004_DB4_B/102_4.xyt
20,out/xyt/FVC2000_DB2_B/104_5.xyt,out/xyt/FVC2002_DB2_B/106_5.xyt
20,out/xyt/FVC2000_DB1_B/105_7.xyt,out/xyt/FVC2002_DB2_B/106_8.xyt
20,out/xyt/FVC2002_DB1_B/105_7.xyt,out/xyt/FVC2004_DB3_B/101_6.xyt
20,out/xyt/FVC2004_DB2_B/107_6.xyt,out/xyt/FVC2004_DB3_B/108_4.xyt
20,out/xyt/FVC2002_DB4_B/102_7.xyt,out/xyt/FVC2002_DB4_B/110_6.xyt
20,out/xyt/FVC2004_DB2_B/108_1.xyt,out/xyt/FVC2004_DB4_B/105_8.xyt
20,out/xyt/FVC2002_DB1_B/102_1.xyt,out/xyt/FVC2002_DB2_B/109_6.xyt
20,out/xyt/FVC2002_DB1_B/106_1.xyt,out/xyt/FVC2004_DB4_B/106_4.xyt
20,out/xyt/FVC2000_DB2_B/107_5.xyt,out/xyt/FVC2004_DB4_B/106_7.xyt
20,out/xyt/FVC2000_DB4_B/110_1.xyt,out/xyt/FVC2002_DB4_B/105_6.xyt
20,out/xyt/FVC2004_DB4_B/106_5.xyt,out/xyt/FVC2004_DB4_B/108_5.xyt
19,out/xyt/FVC2002_DB3_B/104_1.xyt,out/xyt/FVC2004_DB2_B/104_2.xyt
19,out/xyt/FVC2000_DB1_B/109_6.xyt,out/xyt/FVC2004_DB1_B/101_7.xyt
19,out/xyt/FVC2000_DB1_B/105_1.xyt,out/xyt/FVC2004_DB3_B/105_2.xyt
19,out/xyt/FVC2004_DB2_B/103_6.xyt,out/xyt/FVC2004_DB2_B/104_6.xyt
19,out/xyt/FVC2002_DB1_B/110_3.xyt,out/xyt/FVC2002_DB4_B/105_3.xyt
19,out/xyt/FVC2000_DB4_B/103_6.xyt,out/xyt/FVC2002_DB4_B/105_1.xyt
19,out/xyt/FVC2002_DB4_B/106_5.xyt,out/xyt/FVC2004_DB4_B/105_3.xyt
19,out/xyt/FVC2000_DB1_B/106_7.xyt,out/xyt/FVC2002_DB1_B/109_4.xyt
19,out/xyt/FVC2002_DB1_B/106_7.xyt,out/xyt/FVC2002_DB4_B/108_3.xyt
19,out/xyt/FVC2004_DB3_B/103_5.xyt,out/xyt/FVC2004_DB3_B/104_8.xyt
19,out/xyt/FVC2000_DB2_B/105_8.xyt,out/xyt/FVC2004_DB1_B/106_2.xyt
19,out/xyt/FVC2002_DB4_B/105_3.xyt,out/xyt/FVC2004_DB2_B/105_6.xyt
19,out/xyt/FVC2002_DB1_B/107_4.xyt,out/xyt/FVC2002_DB4_B/103_8.xyt
19,out/xyt/FVC2002_DB4_B/109_3.xyt,out/xyt/FVC2004_DB1_B/104_2.xyt
19,out/xyt/FVC2002_DB4_B/102_7.xyt,out/xyt/FVC2002_DB4_B/110_8.xyt
19,out/xyt/FVC2002_DB4_B/108_2.xyt,out/xyt/FVC2004_DB1_B/101_3.xyt
19,out/xyt/FVC2000_DB1_B/105_6.xyt,out/xyt/FVC2000_DB1_B/109_2.xyt
19,out/xyt/FVC2000_DB2_B/104_1.xyt,out/xyt/FVC2004_DB4_B/110_5.xyt
19,out/xyt/FVC2000_DB2_B/105_4.xyt,out/xyt/FVC2002_DB2_B/105_7.xyt
19,out/xyt/FVC2000_DB3_B/107_5.xyt,out/xyt/FVC2004_DB2_B/107_8.xyt
19,out/xyt/FVC2000_DB2_B/104_1.xyt,out/xyt/FVC2000_DB2_B/110_5.xyt
19,out/xyt/FVC2002_DB2_B/106_1.xyt,out/xyt/FVC2002_DB4_B/110_4.xyt
19,out/xyt/FVC2000_DB1_B/109_7.xyt,out/xyt/FVC2000_DB2_B/107_3.xyt
19,out/xyt/FVC2000_DB4_B/109_6.xyt,out/xyt/FVC2004_DB3_B/105_1.xyt
19,out/xyt/FVC2000_DB2_B/104_6.xyt,out/xyt/FVC2002_DB1_B/106_7.xyt
19,out/xyt/FVC2000_DB4_B/109_6.xyt,out/xyt/FVC2004_DB4_B/105_2.xyt
19,out/xyt/FVC2000_DB1_B/105_1.xyt,out/xyt/FVC2002_DB2_B/105_3.xyt
19,out/xyt/FVC2000_DB1_B/109_7.xyt,out/xyt/FVC2000_DB4_B/102_5.xyt
19,out/xyt/FVC2000_DB1_B/107_4.xyt,out/xyt/FVC2002_DB4_B/105_8.xyt
19,out/xyt/FVC2004_DB1_B/105_6.xyt,out/xyt/FVC2004_DB4_B/108_5.xyt
19,out/xyt/FVC2002_DB4_B/105_5.xyt,out/xyt/FVC2004_DB2_B/104_1.xyt
19,out/xyt/FVC2000_DB1_B/109_4.xyt,out/xyt/FVC2000_DB4_B/102_2.xyt
19,out/xyt/FVC2002_DB4_B/107_2.xyt,out/xyt/FVC2004_DB4_B/108_2.xyt
19,out/xyt/FVC2002_DB2_B/108_3.xyt,out/xyt/FVC2004_DB4_B/105_3.xyt
19,out/xyt/FVC2000_DB2_B/105_2.xyt,out/xyt/FVC2002_DB2_B/105_3.xyt
19,out/xyt/FVC2000_DB4_B/109_3.xyt,out/xyt/FVC2004_DB1_B/107_1.xyt
19,out/xyt/FVC2000_DB2_B/108_1.xyt,out/xyt/FVC2004_DB3_B/104_4.xyt
19,out/xyt/FVC2000_DB2_B/109_5.xyt,out/xyt/FVC2002_DB4_B/102_5.xyt
19,out/xyt/FVC2000_DB1_B/104_3.xyt,out/xyt/FVC2002_DB3_B/106_3.xyt
19,out/xyt/FVC2002_DB2_B/101_7.xyt,out/xyt/FVC2004_DB2_B/103_1.xyt
19,out/xyt/FVC2000_DB1_B/108_6.xyt,out/xyt/FVC2002_DB4_B/109_8.xyt
19,out/xyt/FVC2000_DB1_B/109_4.xyt,out/xyt/FVC2004_DB2_B/108_4.xyt
19,out/xyt/FVC2002_DB2_B/102_3.xyt,out/xyt/FVC2002_DB2_B/105_7.xyt
19,out/xyt/FVC2002_DB4_B/107_4.xyt,out/xyt/FVC2004_DB4_B/109_1.xyt
19,out/xyt/FVC2002_DB2_B/103_7.xyt,out/xyt/FVC2004_DB4_B/108_5.xyt
19,out/xyt/FVC2000_DB1_B/102_8.xyt,out/xyt/FVC2002_DB2_B/103_7.xyt
19,out/xyt/FVC2002_DB3_B/103_6.xyt,out/xyt/FVC2004_DB2_B/102_7.xyt
19,out/xyt/FVC2000_DB1_B/105_1.xyt,out/xyt/FVC2002_DB1_B/106_5.xyt
19,out/xyt/FVC2002_DB2_B/103_2.xyt,out/xyt/FVC2004_DB2_B/109_5.xyt
19,out/xyt/FVC2000_DB4_B/110_3.xyt,out/xyt/FVC2002_DB4_B/105_6.xyt
19,out/xyt/FVC2002_DB3_B/105_2.xyt,out/xyt/FVC2004_DB1_B/102_5.xyt
19,out/xyt/FVC2004_DB2_B/109_5.xyt,out/xyt/FVC2004_DB3_B/105_2.xyt
19,out/xyt/FVC2000_DB4_B/102_8.xyt,out/xyt/FVC2004_DB4_B/108_5.xyt
19,out/xyt/FVC2002_DB4_B/105_7.xyt,out/xyt/FVC2002_DB4_B/109_3.xyt
19,out/xyt/FVC2002_DB2_B/108_4.xyt,out/xyt/FVC2002_DB4_B/105_4.xyt
19,out/xyt/FVC2000_DB2_B/104_6.xyt,out/xyt/FVC2004_DB4_B/110_1.xyt
19,out/xyt/FVC2000_DB4_B/101_3.xyt,out/xyt/FVC2002_DB2_B/108_7.xyt
19,out/xyt/FVC2002_DB1_B/106_2.xyt,out/xyt/FVC2004_DB2_B/104_1.xyt
19,out/xyt/FVC2000_DB2_B/104_2.xyt,out/xyt/FVC2004_DB4_B/110_7.xyt
19,out/xyt/FVC2000_DB2_B/102_1.xyt,out/xyt/FVC2004_DB3_B/104_8.xyt
19,out/xyt/FVC2002_DB3_B/103_6.xyt,out/xyt/FVC2004_DB2_B/102_3.xyt
19,out/xyt/FVC2000_DB1_B/102_5.xyt,out/xyt/FVC2002_DB1_B/102_1.xyt
19,out/xyt/FVC2000_DB4_B/109_5.xyt,out/xyt/FVC2002_DB2_B/108_8.xyt
19,out/xyt/FVC2000_DB1_B/107_5.xyt,out/xyt/FVC2004_DB4_B/110_3.xyt
19,out/xyt/FVC2000_DB1_B/109_3.xyt,out/xyt/FVC2002_DB1_B/106_2.xyt
19,out/xyt/FVC2000_DB4_B/109_4.xyt,out/xyt/FVC2004_DB1_B/104_1.xyt
19,out/xyt/FVC2000_DB4_B/101_7.xyt,out/xyt/FVC2000_DB4_B/110_7.xyt
19,out/xyt/FVC2002_DB4_B/103_8.xyt,out/xyt/FVC2004_DB3_B/105_3.xyt
19,out/xyt/FVC2002_DB1_B/106_2.xyt,out/xyt/FVC2004_DB4_B/102_4.xyt
19,out/xyt/FVC2002_DB4_B/102_7.xyt,out/xyt/FVC2002_DB4_B/103_8.xyt
19,out/xyt/FVC2002_DB4_B/103_3.xyt,out/xyt/FVC2004_DB4_B/110_6.xyt
19,out/xyt/FVC2002_DB1_B/105_6.xyt,out/xyt/FVC2004_DB2_B/108_2.xyt
19,out/xyt/FVC2000_DB4_B/106_8.xyt,out/xyt/FVC2002_DB4_B/110_3.xyt
19,out/xyt/FVC2000_DB1_B/102_8.xyt,out/xyt/FVC2002_DB2_B/101_2.xyt
19,out/xyt/FVC2000_DB1_B/109_7.xyt,out/xyt/FVC2000_DB4_B/102_2.xyt
19,out/xyt/FVC2000_DB2_B/107_7.xyt,out/xyt/FVC2002_DB2_B/105_7.xyt
19,out/xyt/FVC2000_DB4_B/109_6.xyt,out/xyt/FVC2002_DB3_B/110_1.xyt
19,out/xyt/FVC2000_DB1_B/105_2.xyt,out/xyt/FVC2002_DB1_B/106_5.xyt
19,out/xyt/FVC2000_DB1_B/107_3.xyt,out/xyt/FVC2002_DB3_B/109_1.xyt
19,out/xyt/FVC2000_DB1_B/108_8.xyt,out/xyt/FVC2000_DB2_B/106_1.xyt
19,out/xyt/FVC2002_DB2_B/102_1.xyt,out/xyt/FVC2004_DB4_B/110_1.xyt
19,out/xyt/FVC2000_DB4_B/110_6.xyt,out/xyt/FVC2002_DB4_B/109_3.xyt
19,out/xyt/FVC2002_DB1_B/105_7.xyt,out/xyt/FVC2004_DB2_B/104_3.xyt
19,out/xyt/FVC2002_DB4_B/108_2.xyt,out/xyt/FVC2004_DB2_B/103_1.xyt
19,out/xyt/FVC2000_DB1_B/106_3.xyt,out/xyt/FVC2002_DB1_B/105_2.xyt
19,out/xyt/FVC2000_DB1_B/108_5.xyt,out/xyt/FVC2000_DB2_B/102_3.xyt
19,out/xyt/FVC2002_DB1_B/105_7.xyt,out/xyt/FVC2002_DB3_B/103_6.xyt
19,out/xyt/FVC2000_DB1_B/109_5.xyt,out/xyt/FVC2002_DB1_B/106_5.xyt
19,out/xyt/FVC2000_DB1_B/105_1.xyt,out/xyt/FVC2002_DB4_B/102_7.xyt
19,out/xyt/FVC2000_DB4_B/109_1.xyt,out/xyt/FVC2002_DB1_B/106_6.xyt
19,out/xyt/FVC2002_DB4_B/107_2.xyt,out/xyt/FVC2004_DB1_B/103_6.xyt
19,out/xyt/FVC2000_DB4_B/102_5.xyt,out/xyt/FVC2004_DB4_B/105_7.xyt
19,out/xyt/FVC2002_DB4_B/109_2.xyt,out/xyt/FVC2004_DB1_B/103_6.xyt
19,out/xyt/FVC2002_DB3_B/104_7.xyt,out/xyt/FVC2002_DB3_B/109_3.xyt
19,out/xyt/FVC2000_DB4_B/108_6.xyt,out/xyt/FVC2002_DB3_B/109_3.xyt
19,out/xyt/FVC2000_DB3_B/104_3.xyt,out/xyt/FVC2002_DB1_B/108_5.xyt
19,out/xyt/FVC2000_DB4_B/105_6.xyt,out/xyt/FVC2002_DB1_B/107_3.xyt
19,out/xyt/FVC2000_DB1_B/108_1.xyt,out/xyt/FVC2002_DB1_B/109_2.xyt
19,out/xyt/FVC2000_DB4_B/110_5.xyt,out/xyt/FVC2004_DB4_B/109_8.xyt
19,out/xyt/FVC2002_DB1_B/102_4.xyt,out/xyt/FVC2002_DB4_B/109_5.xyt
19,out/xyt/FVC2002_DB1_B/102_6.xyt,out/xyt/FVC2002_DB1_B/106_3.xyt
19,out/xyt/FVC2004_DB1_B/107_2.xyt,out/xyt/FVC2004_DB4_B/108_8.xyt
19,out/xyt/FVC2000_DB2_B/105_2.xyt,out/xyt/FVC2002_DB2_B/108_2.xyt
19,out/xyt/FVC2000_DB4_B/109_2.xyt,out/xyt/FVC2002_DB1_B/102_4.xyt
19,out/xyt/FVC2000_DB1_B/104_3.xyt,out/xyt/FVC2000_DB2_B/109_5.xyt
19,out/xyt/FVC2000_DB4_B/108_6.xyt,out/xyt/FVC2002_DB1_B/106_8.xyt
19,out/xyt/FVC2000_DB2_B/104_2.xyt,out/xyt/FVC2004_DB4_B/101_5.xyt
19,out/xyt/FVC2002_DB4_B/101_4.xyt,out/xyt/FVC2004_DB2_B/108_1.xyt
19,out/xyt/FVC2002_DB3_B/109_4.xyt,out/xyt/FVC2002_DB4_B/107_3.xyt
19,out/xyt/FVC2002_DB1_B/103_5.xyt,out/xyt/FVC2002_DB3_B/105_1.xyt
19,out/xyt/FVC2002_DB4_B/110_3.xyt,out/xyt/FVC2004_DB4_B/105_8.xyt
19,out/xyt/FVC2002_DB3_B/108_5.xyt,out/xyt/FVC2004_DB3_B/102_1.xyt
19,out/xyt/FVC2000_DB1_B/109_7.xyt,out/xyt/FVC2002_DB1_B/110_4.xyt
19,out/xyt/FVC2000_DB2_B/104_1.xyt,out/xyt/FVC2002_DB1_B/107_3.xyt
19,out/xyt/FVC2000_DB4_B/102_8.xyt,out/xyt/FVC2004_DB1_B/103_3.xyt
19,out/xyt/FVC2000_DB4_B/102_1.xyt,out/xyt/FVC2002_DB2_B/103_4.xyt
19,out/xyt/FVC2002_DB3_B/104_1.xyt,out/xyt/FVC2002_DB3_B/109_8.xyt
19,out/xyt/FVC2002_DB4_B/106_7.xyt,out/xyt/FVC2004_DB4_B/105_8.xyt
19,out/xyt/FVC2000_DB1_B/107_5.xyt,out/xyt/FVC2000_DB1_B/109_4.xyt
19,out/xyt/FVC2000_DB1_B/108_7.xyt,out/xyt/FVC2000_DB2_B/102_3.xyt
19,out/xyt/FVC2002_DB3_B/109_6.xyt,out/xyt/FVC2002_DB4_B/110_3.xyt
19,out/xyt/FVC2000_DB4_B/102_2.xyt,out/xyt/FVC2004_DB4_B/108_5.xyt
19,out/xyt/FVC2004_DB1_B/104_4.xyt,out/xyt/FVC2004_DB4_B/110_1.xyt
19,out/xyt/FVC2000_DB1_B/107_5.xyt,out/xyt/FVC2004_DB4_B/106_7.xyt
19,out/xyt/FVC2000_DB1_B/105_3.xyt,out/xyt/FVC2002_DB4_B/108_2.xyt
19,out/xyt/FVC2002_DB2_B/102_7.xyt,out/xyt/FVC2004_DB4_B/106_7.xyt
19,out/xyt/FVC2000_DB4_B/101_4.xyt,out/xyt/FVC2002_DB4_B/107_3.xyt
19,out/xyt/FVC2000_DB2_B/102_8.xyt,out/xyt/FVC2000_DB4_B/102_8.xyt
19,out/xyt/FVC2002_DB3_B/104_3.xyt,out/xyt/FVC2004_DB2_B/104_6.xyt
19,out/xyt/FVC2002_DB4_B/101_1.xyt,out/xyt/FVC2002_DB4_B/110_6.xyt
19,out/xyt/FVC2002_DB2_B/101_7.xyt,out/xyt/FVC2002_DB3_B/109_8.xyt
19,out/xyt/FVC2000_DB2_B/103_6.xyt,out/xyt/FVC2002_DB3_B/104_1.xyt
19,out/xyt/FVC2004_DB1_B/108_4.xyt,out/xyt/FVC2004_DB2_B/104_7.xyt
19,out/xyt/FVC2000_DB2_B/109_5.xyt,out/xyt/FVC2002_DB4_B/108_1.xyt
19,out/xyt/FVC2002_DB2_B/106_1.xyt,out/xyt/FVC2002_DB4_B/103_5.xyt
19,out/xyt/FVC2000_DB2_B/109_1.xyt,out/xyt/FVC2004_DB3_B/102_1.xyt
19,out/xyt/FVC2000_DB4_B/109_5.xyt,out/xyt/FVC2002_DB1_B/102_1.xyt
19,out/xyt/FVC2000_DB2_B/109_5.xyt,out/xyt/FVC2004_DB2_B/104_1.xyt
19,out/xyt/FVC2002_DB1_B/101_8.xyt,out/xyt/FVC2002_DB1_B/106_5.xyt
19,out/xyt/FVC2000_DB2_B/103_5.xyt,out/xyt/FVC2004_DB2_B/104_1.xyt
19,out/xyt/FVC2000_DB4_B/109_6.xyt,out/xyt/FVC2002_DB3_B/101_4.xyt
19,out/xyt/FVC2002_DB2_B/108_1.xyt,out/xyt/FVC2004_DB4_B/109_6.xyt
19,out/xyt/FVC2000_DB2_B/107_5.xyt,out/xyt/FVC2002_DB4_B/108_2.xyt
19,out/xyt/FVC2000_DB4_B/102_4.xyt,out/xyt/FVC2002_DB2_B/103_4.xyt
19,out/xyt/FVC2000_DB2_B/103_5.xyt,out/xyt/FVC2002_DB1_B/105_7.xyt
19,out/xyt/FVC2002_DB4_B/110_6.xyt,out/xyt/FVC2004_DB4_B/107_2.xyt
19,out/xyt/FVC2002_DB4_B/101_4.xyt,out/xyt/FVC2004_DB4_B/106_8.xyt
19,out/xyt/FVC2002_DB4_B/110_5.xyt,out/xyt/FVC2004_DB4_B/106_5.xyt
19,out/xyt/FVC2002_DB1_B/106_7.xyt,out/xyt/FVC2002_DB1_B/107_4.xyt
19,out/xyt/FVC2000_DB2_B/106_5.xyt,out/xyt/FVC2004_DB1_B/109_1.xyt
19,out/xyt/FVC2002_DB4_B/102_2.xyt,out/xyt/FVC2002_DB4_B/110_5.xyt
19,out/xyt/FVC2002_DB2_B/103_2.xyt,out/xyt/FVC2004_DB1_B/101_8.xyt
19,out/xyt/FVC2000_DB1_B/102_5.xyt,out/xyt/FVC2002_DB4_B/102_5.xyt
19,out/xyt/FVC2000_DB4_B/109_7.xyt,out/xyt/FVC2004_DB4_B/108_8.xyt
19,out/xyt/FVC2000_DB2_B/103_4.xyt,out/xyt/FVC2002_DB3_B/109_1.xyt
19,out/xyt/FVC2002_DB1_B/110_2.xyt,out/xyt/FVC2002_DB4_B/108_1.xyt
19,out/xyt/FVC2002_DB1_B/106_1.xyt,out/xyt/FVC2002_DB1_B/110_3.xyt
19,out/xyt/FVC2002_DB3_B/108_2.xyt,out/xyt/FVC2004_DB1_B/107_5.xyt
19,out/xyt/FVC2002_DB4_B/105_3.xyt,out/xyt/FVC2004_DB4_B/108_2.xyt
19,out/xyt/FVC2004_DB4_B/101_7.xyt,out/xyt/FVC2004_DB4_B/102_1.xyt
19,out/xyt/FVC2000_DB1_B/108_6.xyt,out/xyt/FVC2000_DB2_B/106_5.xyt
19,out/xyt/FVC2000_DB3_B/105_4.xyt,out/xyt/FVC2002_DB4_B/109_7.xyt
19,out/xyt/FVC2000_DB4_B/101_7.xyt,out/xyt/FVC2004_DB1_B/104_5.xyt
19,out/xyt/FVC2002_DB1_B/106_7.xyt,out/xyt/FVC2004_DB4_B/106_4.xyt
19,out/xyt/FVC2000_DB2_B/109_3.xyt,out/xyt/FVC2000_DB3_B/109_8.xyt
19,out/xyt/FVC2000_DB1_B/106_7.xyt,out/xyt/FVC2002_DB1_B/109_1.xyt
19,out/xyt/FVC2000_DB4_B/101_4.xyt,out/xyt/FVC2002_DB4_B/103_3.xyt
19,out/xyt/FVC2000_DB2_B/109_6.xyt,out/xyt/FVC2002_DB1_B/107_2.xyt
19,out/xyt/FVC2000_DB4_B/109_5.xyt,out/xyt/FVC2002_DB4_B/107_3.xyt
19,out/xyt/FVC2000_DB2_B/107_8.xyt,out/xyt/FVC2004_DB1_B/103_6.xyt
19,out/xyt/FVC2000_DB3_B/103_2.xyt,out/xyt/FVC2000_DB4_B/109_3.xyt
19,out/xyt/FVC2002_DB4_B/101_4.xyt,out/xyt/FVC2002_DB4_B/110_7.xyt
19,out/xyt/FVC2000_DB2_B/108_7.xyt,out/xyt/FVC2004_DB3_B/102_4.xyt
19,out/xyt/FVC2000_DB4_B/109_5.xyt,out/xyt/FVC2002_DB1_B/106_2.xyt
19,out/xyt/FVC2002_DB1_B/102_1.xyt,out/xyt/FVC2004_DB4_B/104_1.xyt
19,out/xyt/FVC2000_DB4_B/101_3.xyt,out/xyt/FVC2004_DB4_B/103_4.xyt
19,out/xyt/FVC2002_DB1_B/107_3.xyt,out/xyt/FVC2004_DB2_B/109_6.xyt
19,out/xyt/FVC2000_DB1_B/110_6.xyt,out/xyt/FVC2000_DB2_B/110_2.xyt
19,out/xyt/FVC2000_DB1_B/106_3.xyt,out/xyt/FVC2004_DB1_B/104_1.xyt
19,out/xyt/FVC2002_DB3_B/104_1.xyt,out/xyt/FVC2002_DB3_B/109_3.xyt
19,out/xyt/FVC2000_DB4_B/101_4.xyt,out/xyt/FVC2002_DB4_B/102_3.xyt
19,out/xyt/FVC2002_DB4_B/107_2.xyt,out/xyt/FVC2004_DB4_B/109_4.xyt
19,out/xyt/FVC2000_DB1_B/103_1.xyt,out/xyt/FVC2000_DB4_B/110_5.xyt
19,out/xyt/FVC2000_DB4_B/102_4.xyt,out/xyt/FVC2004_DB1_B/104_5.xyt
19,out/xyt/FVC2000_DB2_B/109_2.xyt,out/xyt/FVC2004_DB2_B/107_1.xyt
19,out/xyt/FVC2000_DB2_B/104_3.xyt,out/xyt/FVC2004_DB4_B/110_1.xyt
19,out/xyt/FVC2000_DB4_B/110_4.xyt,out/xyt/FVC2002_DB4_B/105_3.xyt
19,out/xyt/FVC2000_DB2_B/109_1.xyt,out/xyt/FVC2004_DB1_B/105_5.xyt
19,out/xyt/FVC2000_DB4_B/110_5.xyt,out/xyt/FVC2002_DB4_B/102_5.xyt
19,out/xyt/FVC2000_DB1_B/106_7.xyt,out/xyt/FVC2002_DB3_B/107_2.xyt
19,out/xyt/FVC2000_DB2_B/101_1.xyt,out/xyt/FVC2002_DB2_B/108_3.xyt
19,out/xyt/FVC2002_DB1_B/106_3.xyt,out/xyt/FVC2002_DB2_B/103_2.xyt
19,out/xyt/FVC2000_DB1_B/109_7.xyt,out/xyt/FVC2000_DB2_B/107_6.xyt
19,out/xyt/FVC2000_DB4_B/106_7.xyt,out/xyt/FVC2002_DB3_B/109_2.xyt
19,out/xyt/FVC2002_DB2_B/106_1.xyt,out/xyt/FVC2002_DB4_B/102_5.xyt
19,out/xyt/FVC2002_DB1_B/105_1.xyt,out/xyt/FVC2002_DB2_B/108_4.xyt
19,out/xyt/FVC2002_DB2_B/108_3.xyt,out/xyt/FVC2004_DB4_B/106_6.xyt
19,out/xyt/FVC2000_DB4_B/110_3.xyt,out/xyt/FVC2002_DB4_B/109_3.xyt
19,out/xyt/FVC2000_DB2_B/104_6.xyt,out/xyt/FVC2004_DB4_B/110_6.xyt
19,out/xyt/FVC2002_DB2_B/110_3.xyt,out/xyt/FVC2004_DB3_B/104_1.xyt
19,out/xyt/FVC2000_DB2_B/109_1.xyt,out/xyt/FVC2002_DB1_B/107_3.xyt
19,out/xyt/FVC2000_DB4_B/103_1.xyt,out/xyt/FVC2002_DB4_B/110_6.xyt
19,out/xyt/FVC2002_DB1_B/109_7.xyt,out/xyt/FVC2002_DB3_B/108_7.xyt
19,out/xyt/FVC2002_DB2_B/105_5.xyt,out/xyt/FVC2002_DB4_B/107_4.xyt
19,out/xyt/FVC2000_DB1_B/109_4.xyt,out/xyt/FVC2000_DB4_B/105_7.xyt
19,out/xyt/FVC2002_DB1_B/106_6.xyt,out/xyt/FVC2002_DB4_B/101_6.xyt
19,out/xyt/FVC2000_DB1_B/102_7.xyt,out/xyt/FVC2004_DB2_B/103_1.xyt
19,out/xyt/FVC2002_DB1_B/107_8.xyt,out/xyt/FVC2002_DB4_B/103_5.xyt
19,out/xyt/FVC2002_DB4_B/107_2.xyt,out/xyt/FVC2004_DB1_B/105_6.xyt
19,out/xyt/FVC2002_DB4_B/102_2.xyt,out/xyt/FVC2002_DB4_B/107_2.xyt
19,out/xyt/FVC2000_DB2_B/107_2.xyt,out/xyt/FVC2002_DB1_B/105_5.xyt
19,out/xyt/FVC2000_DB4_B/105_2.xyt,out/xyt/FVC2004_DB4_B/110_3.xyt
19,out/xyt/FVC2000_DB1_B/104_2.xyt,out/xyt/FVC2002_DB2_B/105_6.xyt
19,out/xyt/FVC2002_DB4_B/110_1.xyt,out/xyt/FVC2004_DB4_B/104_4.xyt
19,out/xyt/FVC2000_DB1_B/102_7.xyt,out/xyt/FVC2004_DB1_B/104_6.xyt
19,out/xyt/FVC2002_DB2_B/103_7.xyt,out/xyt/FVC2004_DB1_B/103_8.xyt
19,out/xyt/FVC2000_DB2_B/103_1.xyt,out/xyt/FVC2002_DB2_B/101_7.xyt
19,out/xyt/FVC2000_DB2_B/106_5.xyt,out/xyt/FVC2004_DB2_B/105_6.xyt
19,out/xyt/FVC2002_DB4_B/101_4.xyt,out/xyt/FVC2002_DB4_B/102_2.xyt
19,out/xyt/FVC2000_DB1_B/105_3.xyt,out/xyt/FVC2002_DB2_B/105_7.xyt
19,out/xyt/FVC2000_DB4_B/101_7.xyt,out/xyt/FVC2000_DB4_B/102_2.xyt
19,out/xyt/FVC2002_DB4_B/102_4.xyt,out/xyt/FVC2002_DB4_B/105_7.xyt
19,out/xyt/FVC2000_DB2_B/104_4.xyt,out/xyt/FVC2000_DB4_B/103_8.xyt
19,out/xyt/FVC2000_DB2_B/103_5.xyt,out/xyt/FVC2004_DB4_B/110_8.xyt
19,out/xyt/FVC2002_DB1_B/107_3.xyt,out/xyt/FVC2002_DB4_B/110_6.xyt
19,out/xyt/FVC2000_DB1_B/108_6.xyt,out/xyt/FVC2004_DB1_B/107_1.xyt
19,out/xyt/FVC2000_DB2_B/105_2.xyt,out/xyt/FVC2004_DB2_B/110_2.xyt
19,out/xyt/FVC2000_DB4_B/109_3.xyt,out/xyt/FVC2004_DB1_B/108_4.xyt
19,out/xyt/FVC2000_DB1_B/109_7.xyt,out/xyt/FVC2002_DB1_B/107_6.xyt
19,out/xyt/FVC2002_DB1_B/102_1.xyt,out/xyt/FVC2002_DB4_B/109_5.xyt
19,out/xyt/FVC2000_DB4_B/109_1.xyt,out/xyt/FVC2002_DB4_B/103_2.xyt
19,out/xyt/FVC2004_DB2_B/104_3.xyt,out/xyt/FVC2004_DB2_B/110_2.xyt
19,out/xyt/FVC2000_DB1_B/102_8.xyt,out/xyt/FVC2004_DB4_B/110_3.xyt
19,out/xyt/FVC2002_DB2_B/108_3.xyt,out/xyt/FVC2004_DB2_B/109_5.xyt
19,out/xyt/FVC2000_DB4_B/109_5.xyt,out/xyt/FVC2004_DB4_B/110_1.xyt
19,out/xyt/FVC2002_DB1_B/107_3.xyt,out/xyt/FVC2002_DB4_B/110_8.xyt
19,out/xyt/FVC2004_DB1_B/103_4.xyt,out/xyt/FVC2004_DB1_B/105_2.xyt
19,out/xyt/FVC2002_DB1_B/107_4.xyt,out/xyt/FVC2002_DB2_B/109_5.xyt
19,out/xyt/FVC2002_DB4_B/107_4.xyt,out/xyt/FVC2004_DB4_B/109_4.xyt
19,out/xyt/FVC2002_DB4_B/102_5.xyt,out/xyt/FVC2004_DB4_B/108_8.xyt
19,out/xyt/FVC2002_DB4_B/102_5.xyt,out/xyt/FVC2002_DB4_B/108_6.xyt
19,out/xyt/FVC2002_DB2_B/109_2.xyt,out/xyt/FVC2004_DB1_B/104_1.xyt
19,out/xyt/FVC2000_DB4_B/101_4.xyt,out/xyt/FVC2002_DB4_B/103_2.xyt
19,out/xyt/FVC2004_DB1_B/104_7.xyt,out/xyt/FVC2004_DB3_B/107_2.xyt
19,out/xyt/FVC2000_DB1_B/106_3.xyt,out/xyt/FVC2000_DB1_B/108_8.xyt
19,out/xyt/FVC2004_DB1_B/104_5.xyt,out/xyt/FVC2004_DB4_B/110_1.xyt
19,out/xyt/FVC2002_DB1_B/104_2.xyt,out/xyt/FVC2002_DB4_B/108_3.xyt
19,out/xyt/FVC2000_DB4_B/102_1.xyt,out/xyt/FVC2000_DB4_B/105_6.xyt
19,out/xyt/FVC2002_DB1_B/102_7.xyt,out/xyt/FVC2002_DB1_B/105_8.xyt
19,out/xyt/FVC2000_DB4_B/102_5.xyt,out/xyt/FVC2002_DB1_B/105_1.xyt
19,out/xyt/FVC2000_DB1_B/102_5.xyt,out/xyt/FVC2002_DB1_B/109_4.xyt
19,out/xyt/FVC2000_DB4_B/104_2.xyt,out/xyt/FVC2002_DB4_B/107_4.xyt
19,out/xyt/FVC2002_DB4_B/110_3.xyt,out/xyt/FVC2004_DB1_B/102_4.xyt
19,out/xyt/FVC2004_DB1_B/105_6.xyt,out/xyt/FVC2004_DB3_B/105_5.xyt
19,out/xyt/FVC2002_DB2_B/103_4.xyt,out/xyt/FVC2004_DB2_B/109_1.xyt
19,out/xyt/FVC2000_DB4_B/109_8.xyt,out/xyt/FVC2002_DB2_B/106_1.xyt
19,out/xyt/FVC2000_DB1_B/107_4.xyt,out/xyt/FVC2002_DB1_B/101_2.xyt
19,out/xyt/FVC2000_DB2_B/107_8.xyt,out/xyt/FVC2000_DB4_B/110_3.xyt
19,out/xyt/FVC2000_DB2_B/107_8.xyt,out/xyt/FVC2002_DB4_B/102_5.xyt
19,out/xyt/FVC2000_DB4_B/109_7.xyt,out/xyt/FVC2002_DB3_B/110_1.xyt
19,out/xyt/FVC2002_DB2_B/102_8.xyt,out/xyt/FVC2002_DB2_B/106_3.xyt
19,out/xyt/FVC2000_DB2_B/109_3.xyt,out/xyt/FVC2004_DB2_B/106_8.xyt
19,out/xyt/FVC2002_DB1_B/110_8.xyt,out/xyt/FVC2002_DB3_B/102_1.xyt
19,out/xyt/FVC2002_DB1_B/110_2.xyt,out/xyt/FVC2002_DB2_B/102_7.xyt
19,out/xyt/FVC2002_DB1_B/104_5.xyt,out/xyt/FVC2004_DB1_B/104_5.xyt
19,out/xyt/FVC2000_DB2_B/102_8.xyt,out/xyt/FVC2004_DB4_B/108_5.xyt
19,out/xyt/FVC2002_DB1_B/107_3.xyt,out/xyt/FVC2002_DB4_B/107_2.xyt
19,out/xyt/FVC2002_DB4_B/107_1.xyt,out/xyt/FVC2004_DB1_B/104_5.xyt
19,out/xyt/FVC2002_DB1_B/105_6.xyt,out/xyt/FVC2002_DB1_B/106_3.xyt
19,out/xyt/FVC2002_DB4_B/108_6.xyt,out/xyt/FVC2004_DB4_B/106_7.xyt
19,out/xyt/FVC2002_DB1_B/107_3.xyt,out/xyt/FVC2004_DB2_B/110_2.xyt
19,out/xyt/FVC2000_DB1_B/107_4.xyt,out/xyt/FVC2002_DB4_B/106_2.xyt
19,out/xyt/FVC2000_DB4_B/103_7.xyt,out/xyt/FVC2004_DB4_B/108_5.xyt
19,out/xyt/FVC2000_DB4_B/108_7.xyt,out/xyt/FVC2002_DB4_B/103_5.xyt
19,out/xyt/FVC2000_DB4_B/102_1.xyt,out/xyt/FVC2004_DB1_B/104_5.xyt
19,out/xyt/FVC2004_DB1_B/103_1.xyt,out/xyt/FVC2004_DB1_B/107_5.xyt
19,out/xyt/FVC2000_DB3_B/104_4.xyt,out/xyt/FVC2004_DB4_B/101_5.xyt
19,out/xyt/FVC2002_DB2_B/108_2.xyt,out/xyt/FVC2004_DB3_B/105_8.xyt
19,out/xyt/FVC2000_DB4_B/110_5.xyt,out/xyt/FVC2002_DB4_B/107_5.xyt
19,out/xyt/FVC2000_DB4_B/103_7.xyt,out/xyt/FVC2002_DB4_B/102_7.xyt
19,out/xyt/FVC2002_DB2_B/108_7.xyt,out/xyt/FVC2004_DB4_B/105_5.xyt
19,out/xyt/FVC2000_DB4_B/103_2.xyt,out/xyt/FVC2002_DB2_B/103_7.xyt
19,out/xyt/FVC2000_DB2_B/106_1.xyt,out/xyt/FVC2002_DB1_B/109_2.xyt
19,out/xyt/FVC2000_DB4_B/109_4.xyt,out/xyt/FVC2004_DB1_B/107_1.xyt
19,out/xyt/FVC2002_DB3_B/107_6.xyt,out/xyt/FVC2002_DB3_B/108_7.xyt
19,out/xyt/FVC2000_DB4_B/110_8.xyt,out/xyt/FVC2004_DB1_B/103_1.xyt
19,out/xyt/FVC2002_DB2_B/106_8.xyt,out/xyt/FVC2002_DB4_B/110_4.xyt
19,out/xyt/FVC2000_DB1_B/109_4.xyt,out/xyt/FVC2000_DB4_B/102_7.xyt
19,out/xyt/FVC2000_DB1_B/102_5.xyt,out/xyt/FVC2004_DB4_B/110_7.xyt
19,out/xyt/FVC2000_DB3_B/109_5.xyt,out/xyt/FVC2004_DB3_B/105_1.xyt
19,out/xyt/FVC2002_DB3_B/109_2.xyt,out/xyt/FVC2002_DB3_B/110_3.xyt
19,out/xyt/FVC2002_DB1_B/104_1.xyt,out/xyt/FVC2004_DB4_B/108_4.xyt
19,out/xyt/FVC2002_DB1_B/110_4.xyt,out/xyt/FVC2002_DB3_B/106_5.xyt
19,out/xyt/FVC2002_DB2_B/104_8.xyt,out/xyt/FVC2002_DB3_B/109_1.xyt
19,out/xyt/FVC2002_DB1_B/105_2.xyt,out/xyt/FVC2004_DB1_B/104_5.xyt
19,out/xyt/FVC2004_DB1_B/103_7.xyt,out/xyt/FVC2004_DB4_B/101_4.xyt
19,out/xyt/FVC2002_DB4_B/110_8.xyt,out/xyt/FVC2004_DB3_B/105_3.xyt
19,out/xyt/FVC2004_DB1_B/103_6.xyt,out/xyt/FVC2004_DB4_B/110_1.xyt
19,out/xyt/FVC2000_DB4_B/110_8.xyt,out/xyt/FVC2002_DB1_B/105_7.xyt
19,out/xyt/FVC2000_DB4_B/103_5.xyt,out/xyt/FVC2002_DB4_B/102_5.xyt
19,out/xyt/FVC2000_DB2_B/104_2.xyt,out/xyt/FVC2002_DB2_B/105_7.xyt
19,out/xyt/FVC2002_DB2_B/108_3.xyt,out/xyt/FVC2002_DB4_B/103_8.xyt
19,out/xyt/FVC2002_DB1_B/110_2.xyt,out/xyt/FVC2002_DB2_B/102_8.xyt
19,out/xyt/FVC2000_DB2_B/105_4.xyt,out/xyt/FVC2000_DB2_B/107_5.xyt
19,out/xyt/FVC2004_DB4_B/106_3.xyt,out/xyt/FVC2004_DB4_B/108_8.xyt
19,out/xyt/FVC2000_DB1_B/106_4.xyt,out/xyt/FVC2002_DB4_B/107_5.xyt
19,out/xyt/FVC2002_DB1_B/102_4.xyt,out/xyt/FVC2004_DB1_B/108_3.xyt
19,out/xyt/FVC2000_DB2_B/104_1.xyt,out/xyt/FVC2004_DB4_B/102_6.xyt
19,out/xyt/FVC2002_DB2_B/108_2.xyt,out/xyt/FVC2004_DB4_B/106_8.xyt
19,out/xyt/FVC2002_DB3_B/106_3.xyt,out/xyt/FVC2002_DB3_B/107_2.xyt
19,out/xyt/FVC2002_DB4_B/107_2.xyt,out/xyt/FVC2004_DB1_B/101_6.xyt
19,out/xyt/FVC2000_DB4_B/102_4.xyt,out/xyt/FVC2000_DB4_B/105_2.xyt
19,out/xyt/FVC2000_DB2_B/106_4.xyt,out/xyt/FVC2002_DB3_B/106_7.xyt
19,out/xyt/FVC2000_DB2_B/106_1.xyt,out/xyt/FVC2004_DB1_B/109_8.xyt
19,out/xyt/FVC2000_DB1_B/108_5.xyt,out/xyt/FVC2002_DB1_B/109_1.xyt
19,out/xyt/FVC2002_DB2_B/109_2.xyt,out/xyt/FVC2004_DB1_B/103_6.xyt
19,out/xyt/FVC2000_DB1_B/109_2.xyt,out/xyt/FVC2002_DB1_B/106_6.xyt
19,out/xyt/FVC2000_DB2_B/108_5.xyt,out/xyt/FVC2000_DB4_B/109_6.xyt
19,out/xyt/FVC2002_DB4_B/105_1.xyt,out/xyt/FVC2002_DB4_B/109_5.xyt
19,out/xyt/FVC2004_DB1_B/101_7.xyt,out/xyt/FVC2004_DB1_B/103_7.xyt
19,out/xyt/FVC2002_DB4_B/102_4.xyt,out/xyt/FVC2004_DB3_B/105_1.xyt
19,out/xyt/FVC2002_DB1_B/105_3.xyt,out/xyt/FVC2002_DB4_B/103_4.xyt
19,out/xyt/FVC2000_DB2_B/105_8.xyt,out/xyt/FVC2002_DB3_B/108_7.xyt
19,out/xyt/FVC2002_DB1_B/107_8.xyt,out/xyt/FVC2002_DB2_B/105_8.xyt
19,out/xyt/FVC2002_DB4_B/103_4.xyt,out/xyt/FVC2002_DB4_B/110_3.xyt
19,out/xyt/FVC2000_DB1_B/106_8.xyt,out/xyt/FVC2002_DB1_B/106_6.xyt
19,out/xyt/FVC2002_DB1_B/102_1.xyt,out/xyt/FVC2002_DB1_B/106_8.xyt
19,out/xyt/FVC2000_DB2_B/104_6.xyt,out/xyt/FVC2002_DB4_B/110_5.xyt
19,out/xyt/FVC2002_DB1_B/106_2.xyt,out/xyt/FVC2004_DB1_B/102_2.xyt
19,out/xyt/FVC2002_DB2_B/110_6.xyt,out/xyt/FVC2004_DB4_B/108_2.xyt
19,out/xyt/FVC2000_DB2_B/108_3.xyt,out/xyt/FVC2000_DB2_B/109_1.xyt
19,out/xyt/FVC2002_DB3_B/104_3.xyt,out/xyt/FVC2004_DB2_B/104_4.xyt
19,out/xyt/FVC2004_DB2_B/109_6.xyt,out/xyt/FVC2004_DB2_B/110_4.xyt
19,out/xyt/FVC2000_DB1_B/106_1.xyt,out/xyt/FVC2002_DB3_B/105_4.xyt
19,out/xyt/FVC2000_DB4_B/109_5.xyt,out/xyt/FVC2002_DB2_B/108_3.xyt
19,out/xyt/FVC2000_DB4_B/110_3.xyt,out/xyt/FVC2002_DB4_B/107_2.xyt
19,out/xyt/FVC2002_DB1_B/105_6.xyt,out/xyt/FVC2004_DB2_B/108_4.xyt
19,out/xyt/FVC2004_DB1_B/102_3.xyt,out/xyt/FVC2004_DB1_B/109_7.xyt
19,out/xyt/FVC2002_DB1_B/106_8.xyt,out/xyt/FVC2004_DB4_B/110_3.xyt
19,out/xyt/FVC2000_DB1_B/109_8.xyt,out/xyt/FVC2002_DB4_B/105_1.xyt
19,out/xyt/FVC2002_DB3_B/106_1.xyt,out/xyt/FVC2002_DB3_B/108_7.xyt
19,out/xyt/FVC2000_DB4_B/108_6.xyt,out/xyt/FVC2002_DB4_B/102_7.xyt
19,out/xyt/FVC2000_DB2_B/104_1.xyt,out/xyt/FVC2002_DB4_B/107_4.xyt
19,out/xyt/FVC2002_DB3_B/108_4.xyt,out/xyt/FVC2004_DB1_B/109_1.xyt
19,out/xyt/FVC2000_DB1_B/109_8.xyt,out/xyt/FVC2004_DB2_B/110_2.xyt
19,out/xyt/FVC2000_DB4_B/109_8.xyt,out/xyt/FVC2004_DB4_B/106_3.xyt
19,out/xyt/FVC2002_DB1_B/102_6.xyt,out/xyt/FVC2004_DB3_B/101_6.xyt
19,out/xyt/FVC2004_DB1_B/108_5.xyt,out/xyt/FVC2004_DB4_B/104_1.xyt
19,out/xyt/FVC2000_DB4_B/109_6.xyt,out/xyt/FVC2004_DB2_B/104_1.xyt
19,out/xyt/FVC2000_DB1_B/109_4.xyt,out/xyt/FVC2002_DB4_B/108_6.xyt
19,out/xyt/FVC2002_DB3_B/108_7.xyt,out/xyt/FVC2004_DB3_B/102_3.xyt
19,out/xyt/FVC2000_DB3_B/107_4.xyt,out/xyt/FVC2004_DB3_B/110_6.xyt
19,out/xyt/FVC2000_DB1_B/108_5.xyt,out/xyt/FVC2002_DB1_B/109_5.xyt
19,out/xyt/FVC2000_DB3_B/104_3.xyt,out/xyt/FVC2004_DB3_B/104_3.xyt
19,out/xyt/FVC2002_DB4_B/110_2.xyt,out/xyt/FVC2004_DB4_B/104_4.xyt
19,out/xyt/FVC2002_DB4_B/105_3.xyt,out/xyt/FVC2004_DB4_B/108_7.xyt
19,out/xyt/FVC2002_DB4_B/109_8.xyt,out/xyt/FVC2004_DB4_B/108_6.xyt
19,out/xyt/FVC2002_DB1_B/107_8.xyt,out/xyt/FVC2002_DB2_B/105_7.xyt
19,out/xyt/FVC2000_DB1_B/106_1.xyt,out/xyt/FVC2000_DB1_B/108_7.xyt
19,out/xyt/FVC2004_DB1_B/103_4.xyt,out/xyt/FVC2004_DB1_B/107_5.xyt
19,out/xyt/FVC2002_DB4_B/102_2.xyt,out/xyt/FVC2002_DB4_B/108_6.xyt
19,out/xyt/FVC2002_DB2_B/108_2.xyt,out/xyt/FVC2004_DB3_B/105_2.xyt
19,out/xyt/FVC2000_DB1_B/109_4.xyt,out/xyt/FVC2002_DB4_B/105_4.xyt
19,out/xyt/FVC2000_DB2_B/104_2.xyt,out/xyt/FVC2002_DB1_B/106_3.xyt
19,out/xyt/FVC2000_DB1_B/106_8.xyt,out/xyt/FVC2002_DB4_B/105_4.xyt
19,out/xyt/FVC2002_DB1_B/102_6.xyt,out/xyt/FVC2004_DB4_B/104_1.xyt
19,out/xyt/FVC2002_DB4_B/105_3.xyt,out/xyt/FVC2004_DB4_B/110_3.xyt
19,out/xyt/FVC2000_DB1_B/109_3.xyt,out/xyt/FVC2002_DB2_B/105_8.xyt
19,out/xyt/FVC2002_DB3_B/105_2.xyt,out/xyt/FVC2004_DB2_B/108_6.xyt
19,out/xyt/FVC2002_DB1_B/102_2.xyt,out/xyt/FVC2004_DB1_B/104_6.xyt
19,out/xyt/FVC2002_DB1_B/105_7.xyt,out/xyt/FVC2004_DB2_B/102_1.xyt
19,out/xyt/FVC2002_DB3_B/101_4.xyt,out/xyt/FVC2002_DB3_B/110_7.xyt
19,out/xyt/FVC2002_DB4_B/105_8.xyt,out/xyt/FVC2004_DB4_B/102_1.xyt
19,out/xyt/FVC2000_DB1_B/102_7.xyt,out/xyt/FVC2000_DB2_B/103_4.xyt
19,out/xyt/FVC2004_DB4_B/108_5.xyt,out/xyt/FVC2004_DB4_B/110_5.xyt
19,out/xyt/FVC2002_DB4_B/102_4.xyt,out/xyt/FVC2002_DB4_B/110_4.xyt
19,out/xyt/FVC2002_DB1_B/107_7.xyt,out/xyt/FVC2004_DB2_B/109_6.xyt
19,out/xyt/FVC2004_DB3_B/106_1.xyt,out/xyt/FVC2004_DB4_B/106_3.xyt
19,out/xyt/FVC2002_DB4_B/103_8.xyt,out/xyt/FVC2004_DB4_B/102_2.xyt
19,out/xyt/FVC2002_DB2_B/103_1.xyt,out/xyt/FVC2002_DB2_B/109_5.xyt
19,out/xyt/FVC2002_DB3_B/106_7.xyt,out/xyt/FVC2002_DB3_B/109_7.xyt
19,out/xyt/FVC2000_DB1_B/102_7.xyt,out/xyt/FVC2002_DB1_B/102_1.xyt
19,out/xyt/FVC2002_DB4_B/101_4.xyt,out/xyt/FVC2002_DB4_B/110_1.xyt
19,out/xyt/FVC2000_DB4_B/109_1.xyt,out/xyt/FVC2002_DB2_B/108_8.xyt
19,out/xyt/FVC2000_DB4_B/109_3.xyt,out/xyt/FVC2004_DB4_B/108_7.xyt
19,out/xyt/FVC2000_DB4_B/103_3.xyt,out/xyt/FVC2002_DB4_B/102_5.xyt
19,out/xyt/FVC2000_DB1_B/105_8.xyt,out/xyt/FVC2004_DB2_B/102_2.xyt
19,out/xyt/FVC2004_DB1_B/107_1.xyt,out/xyt/FVC2004_DB4_B/108_5.xyt
19,out/xyt/FVC2002_DB1_B/110_8.xyt,out/xyt/FVC2002_DB4_B/105_6.xyt
19,out/xyt/FVC2004_DB4_B/101_2.xyt,out/xyt/FVC2004_DB4_B/102_1.xyt
19,out/xyt/FVC2000_DB4_B/102_6.xyt,out/xyt/FVC2004_DB2_B/109_1.xyt
19,out/xyt/FVC2000_DB1_B/104_3.xyt,out/xyt/FVC2004_DB4_B/106_3.xyt
19,out/xyt/FVC2000_DB1_B/106_7.xyt,out/xyt/FVC2004_DB2_B/104_1.xyt
19,out/xyt/FVC2000_DB4_B/107_5.xyt,out/xyt/FVC2002_DB3_B/107_5.xyt
19,out/xyt/FVC2002_DB2_B/105_7.xyt,out/xyt/FVC2004_DB4_B/106_4.xyt
19,out/xyt/FVC2000_DB1_B/105_3.xyt,out/xyt/FVC2002_DB2_B/106_1.xyt
19,out/xyt/FVC2000_DB1_B/106_8.xyt,out/xyt/FVC2002_DB1_B/109_8.xyt
19,out/xyt/FVC2002_DB1_B/105_6.xyt,out/xyt/FVC2004_DB4_B/106_5.xyt
19,out/xyt/FVC2000_DB2_B/106_1.xyt,out/xyt/FVC2004_DB1_B/109_6.xyt
19,out/xyt/FVC2000_DB4_B/110_4.xyt,out/xyt/FVC2004_DB1_B/104_2.xyt
19,out/xyt/FVC2000_DB1_B/108_3.xyt,out/xyt/FVC2002_DB4_B/107_5.xyt
19,out/xyt/FVC2000_DB1_B/105_1.xyt,out/xyt/FVC2002_DB2_B/105_7.xyt
19,out/xyt/FVC2000_DB1_B/108_3.xyt,out/xyt/FVC2000_DB2_B/108_1.xyt
19,out/xyt/FVC2002_DB1_B/106_5.xyt,out/xyt/FVC2002_DB4_B/101_3.xyt
19,out/xyt/FVC2002_DB1_B/104_8.xyt,out/xyt/FVC2004_DB1_B/104_4.xyt
19,out/xyt/FVC2000_DB4_B/109_6.xyt,out/xyt/FVC2000_DB4_B/110_8.xyt
19,out/xyt/FVC2000_DB4_B/102_4.xyt,out/xyt/FVC2004_DB1_B/101_2.xyt
19,out/xyt/FVC2004_DB2_B/109_1.xyt,out/xyt/FVC2004_DB4_B/106_7.xyt
19,out/xyt/FVC2002_DB2_B/103_2.xyt,out/xyt/FVC2004_DB1_B/107_5.xyt
19,out/xyt/FVC2002_DB4_B/102_4.xyt,out/xyt/FVC2002_DB4_B/110_5.xyt
19,out/xyt/FVC2000_DB1_B/109_1.xyt,out/xyt/FVC2004_DB1_B/110_2.xyt
19,out/xyt/FVC2000_DB1_B/102_4.xyt,out/xyt/FVC2000_DB1_B/108_6.xyt
19,out/xyt/FVC2004_DB1_B/110_1.xyt,out/xyt/FVC2004_DB3_B/102_4.xyt
19,out/xyt/FVC2000_DB4_B/109_4.xyt,out/xyt/FVC2004_DB1_B/104_5.xyt
19,out/xyt/FVC2002_DB4_B/103_1.xyt,out/xyt/FVC2004_DB4_B/106_7.xyt
19,out/xyt/FVC2004_DB2_B/107_2.xyt,out/xyt/FVC2004_DB3_B/102_7.xyt
19,out/xyt/FVC2000_DB2_B/109_5.xyt,out/xyt/FVC2004_DB4_B/106_7.xyt
19,out/xyt/FVC2000_DB1_B/102_5.xyt,out/xyt/FVC2000_DB1_B/105_7.xyt
19,out/xyt/FVC2000_DB4_B/109_6.xyt,out/xyt/FVC2002_DB4_B/103_2.xyt
19,out/xyt/FVC2000_DB4_B/102_1.xyt,out/xyt/FVC2002_DB4_B/102_2.xyt
19,out/xyt/FVC2002_DB4_B/101_1.xyt,out/xyt/FVC2002_DB4_B/110_1.xyt
19,out/xyt/FVC2002_DB2_B/110_6.xyt,out/xyt/FVC2004_DB3_B/101_4.xyt
19,out/xyt/FVC2000_DB4_B/108_6.xyt,out/xyt/FVC2002_DB1_B/106_6.xyt
19,out/xyt/FVC2002_DB4_B/107_4.xyt,out/xyt/FVC2002_DB4_B/109_3.xyt
19,out/xyt/FVC2000_DB4_B/101_4.xyt,out/xyt/FVC2000_DB4_B/109_5.xyt
19,out/xyt/FVC2002_DB3_B/109_8.xyt,out/xyt/FVC2002_DB4_B/110_3.xyt
19,out/xyt/FVC2004_DB4_B/108_4.xyt,out/xyt/FVC2004_DB4_B/110_6.xyt
19,out/xyt/FVC2000_DB3_B/108_4.xyt,out/xyt/FVC2004_DB2_B/107_2.xyt
19,out/xyt/FVC2002_DB3_B/103_6.xyt,out/xyt/FVC2004_DB1_B/108_6.xyt
19,out/xyt/FVC2000_DB1_B/102_5.xyt,out/xyt/FVC2000_DB1_B/106_8.xyt
19,out/xyt/FVC2002_DB3_B/109_1.xyt,out/xyt/FVC2004_DB1_B/107_5.xyt
19,out/xyt/FVC2002_DB2_B/103_8.xyt,out/xyt/FVC2004_DB4_B/110_6.xyt
19,out/xyt/FVC2002_DB2_B/103_5.xyt,out/xyt/FVC2002_DB2_B/109_1.xyt
19,out/xyt/FVC2000_DB2_B/107_8.xyt,out/xyt/FVC2002_DB1_B/110_6.xyt
19,out/xyt/FVC2000_DB1_B/105_6.xyt,out/xyt/FVC2002_DB2_B/105_7.xyt
19,out/xyt/FVC2002_DB1_B/105_2.xyt,out/xyt/FVC2002_DB4_B/103_5.xyt
19,out/xyt/FVC2000_DB1_B/106_3.xyt,out/xyt/FVC2002_DB4_B/108_5.xyt
19,out/xyt/FVC2000_DB4_B/105_7.xyt,out/xyt/FVC2002_DB4_B/105_8.xyt
19,out/xyt/FVC2000_DB4_B/109_6.xyt,out/xyt/FVC2002_DB1_B/106_5.xyt
19,out/xyt/FVC2000_DB4_B/110_3.xyt,out/xyt/FVC2004_DB1_B/103_6.xyt
19,out/xyt/FVC2000_DB1_B/109_2.xyt,out/xyt/FVC2002_DB2_B/108_3.xyt
19,out/xyt/FVC2000_DB1_B/109_7.xyt,out/xyt/FVC2004_DB1_B/103_8.xyt
19,out/xyt/FVC2000_DB2_B/104_5.xyt,out/xyt/FVC2002_DB2_B/106_8.xyt
19,out/xyt/FVC2004_DB2_B/106_3.xyt,out/xyt/FVC2004_DB2_B/108_1.xyt
19,out/xyt/FVC2002_DB1_B/102_7.xyt,out/xyt/FVC2004_DB3_B/106_2.xyt
19,out/xyt/FVC2000_DB4_B/102_7.xyt,out/xyt/FVC2002_DB4_B/103_3.xyt
19,out/xyt/FVC2000_DB4_B/103_2.xyt,out/xyt/FVC2002_DB4_B/102_4.xyt
19,out/xyt/FVC2000_DB4_B/103_4.xyt,out/xyt/FVC2002_DB4_B/110_3.xyt
19,out/xyt/FVC2002_DB2_B/103_8.xyt,out/xyt/FVC2004_DB1_B/108_6.xyt
19,out/xyt/FVC2002_DB2_B/108_8.xyt,out/xyt/FVC2002_DB4_B/103_1.xyt
19,out/xyt/FVC2002_DB2_B/106_2.xyt,out/xyt/FVC2004_DB3_B/105_2.xyt
19,out/xyt/FVC2002_DB3_B/109_4.xyt,out/xyt/FVC2004_DB1_B/107_1.xyt
19,out/xyt/FVC2002_DB1_B/102_7.xyt,out/xyt/FVC2002_DB4_B/107_4.xyt
19,out/xyt/FVC2000_DB2_B/104_5.xyt,out/xyt/FVC2000_DB2_B/107_5.xyt
19,out/xyt/FVC2002_DB2_B/101_5.xyt,out/xyt/FVC2004_DB2_B/103_1.xyt
19,out/xyt/FVC2000_DB4_B/103_8.xyt,out/xyt/FVC2000_DB4_B/105_4.xyt
19,out/xyt/FVC2000_DB4_B/109_5.xyt,out/xyt/FVC2004_DB1_B/107_1.xyt
19,out/xyt/FVC2000_DB1_B/102_5.xyt,out/xyt/FVC2000_DB1_B/108_1.xyt
19,out/xyt/FVC2002_DB4_B/110_4.xyt,out/xyt/FVC2004_DB1_B/104_1.xyt
19,out/xyt/FVC2000_DB1_B/107_5.xyt,out/xyt/FVC2002_DB4_B/105_1.xyt
19,out/xyt/FVC2000_DB1_B/102_7.xyt,out/xyt/FVC2002_DB4_B/109_6.xyt
19,out/xyt/FVC2002_DB2_B/109_2.xyt,out/xyt/FVC2004_DB4_B/106_7.xyt
19,out/xyt/FVC2000_DB1_B/109_3.xyt,out/xyt/FVC2002_DB2_B/106_3.xyt
19,out/xyt/FVC2002_DB1_B/102_7.xyt,out/xyt/FVC2004_DB1_B/108_4.xyt
19,out/xyt/FVC2002_DB2_B/110_8.xyt,out/xyt/FVC2004_DB1_B/109_6.xyt
19,out/xyt/FVC2000_DB4_B/109_6.xyt,out/xyt/FVC2004_DB2_B/108_4.xyt
19,out/xyt/FVC2002_DB1_B/106_5.xyt,out/xyt/FVC2002_DB4_B/103_5.xyt
19,out/xyt/FVC2000_DB2_B/107_7.xyt,out/xyt/FVC2002_DB1_B/110_3.xyt
19,out/xyt/FVC2002_DB2_B/103_2.xyt,out/xyt/FVC2004_DB2_B/109_3.xyt
19,out/xyt/FVC2002_DB3_B/103_4.xyt,out/xyt/FVC2004_DB1_B/108_6.xyt
19,out/xyt/FVC2000_DB2_B/109_5.xyt,out/xyt/FVC2002_DB2_B/105_6.xyt
19,out/xyt/FVC2002_DB1_B/107_8.xyt,out/xyt/FVC2002_DB2_B/106_1.xyt
19,out/xyt/FVC2000_DB1_B/105_3.xyt,out/xyt/FVC2002_DB1_B/110_1.xyt
19,out/xyt/FVC2000_DB2_B/107_8.xyt,out/xyt/FVC2002_DB1_B/109_5.xyt
19,out/xyt/FVC2004_DB4_B/101_7.xyt,out/xyt/FVC2004_DB4_B/102_7.xyt
19,out/xyt/FVC2004_DB2_B/101_5.xyt,out/xyt/FVC2004_DB2_B/107_2.xyt
19,out/xyt/FVC2002_DB1_B/106_3.xyt,out/xyt/FVC2002_DB4_B/103_3.xyt
19,out/xyt/FVC2002_DB1_B/106_7.xyt,out/xyt/FVC2004_DB3_B/105_3.xyt
19,out/xyt/FVC2002_DB4_B/109_8.xyt,out/xyt/FVC2004_DB1_B/103_1.xyt
19,out/xyt/FVC2002_DB1_B/101_7.xyt,out/xyt/FVC2002_DB1_B/106_6.xyt
19,out/xyt/FVC2000_DB2_B/107_5.xyt,out/xyt/FVC2004_DB1_B/102_2.xyt
19,out/xyt/FVC2002_DB4_B/102_7.xyt,out/xyt/FVC2002_DB4_B/107_5.xyt
19,out/xyt/FVC2000_DB1_B/105_3.xyt,out/xyt/FVC2002_DB4_B/103_5.xyt
19,out/xyt/FVC2000_DB1_B/104_3.xyt,out/xyt/FVC2002_DB4_B/108_2.xyt
19,out/xyt/FVC2000_DB4_B/106_1.xyt,out/xyt/FVC2002_DB2_B/108_5.xyt
19,out/xyt/FVC2004_DB1_B/110_7.xyt,out/xyt/FVC2004_DB3_B/102_4.xyt
19,out/xyt/FVC2002_DB3_B/109_2.xyt,out/xyt/FVC2004_DB1_B/109_4.xyt
19,out/xyt/FVC2000_DB4_B/108_1.xyt,out/xyt/FVC2002_DB4_B/110_1.xyt
19,out/xyt/FVC2000_DB1_B/109_7.xyt,out/xyt/FVC2002_DB1_B/106_8.xyt
19,out/xyt/FVC2000_DB1_B/109_1.xyt,out/xyt/FVC2002_DB4_B/109_5.xyt
19,out/xyt/FVC2000_DB4_B/101_4.xyt,out/xyt/FVC2004_DB2_B/105_4.xyt
19,out/xyt/FVC2000_DB1_B/105_6.xyt,out/xyt/FVC2004_DB2_B/102_3.xyt
19,out/xyt/FVC2002_DB1_B/106_3.xyt,out/xyt/FVC2002_DB1_B/107_8.xyt
19,out/xyt/FVC2002_DB1_B/105_2.xyt,out/xyt/FVC2002_DB4_B/103_4.xyt
19,out/xyt/FVC2000_DB1_B/109_3.xyt,out/xyt/FVC2004_DB3_B/105_5.xyt
19,out/xyt/FVC2002_DB1_B/110_4.xyt,out/xyt/FVC2002_DB2_B/108_1.xyt
19,out/xyt/FVC2002_DB3_B/104_1.xyt,out/xyt/FVC2002_DB3_B/109_2.xyt
19,out/xyt/FVC2000_DB4_B/109_2.xyt,out/xyt/FVC2002_DB1_B/106_6.xyt
19,out/xyt/FVC2004_DB1_B/107_1.xyt,out/xyt/FVC2004_DB4_B/109_3.xyt
19,out/xyt/FVC2002_DB1_B/107_5.xyt,out/xyt/FVC2004_DB1_B/102_8.xyt
19,out/xyt/FVC2000_DB2_B/104_5.xyt,out/xyt/FVC2000_DB2_B/107_3.xyt
19,out/xyt/FVC2000_DB2_B/107_6.xyt,out/xyt/FVC2004_DB4_B/104_1.xyt
19,out/xyt/FVC2000_DB2_B/105_3.xyt,out/xyt/FVC2004_DB1_B/101_1.xyt
19,out/xyt/FVC2000_DB1_B/108_5.xyt,out/xyt/FVC2000_DB2_B/103_8.xyt
19,out/xyt/FVC2000_DB1_B/108_6.xyt,out/xyt/FVC2000_DB2_B/108_1.xyt
19,out/xyt/FVC2002_DB2_B/108_7.xyt,out/xyt/FVC2002_DB4_B/105_4.xyt
19,out/xyt/FVC2002_DB2_B/103_1.xyt,out/xyt/FVC2004_DB2_B/108_4.xyt
19,out/xyt/FVC2002_DB1_B/106_3.xyt,out/xyt/FVC2002_DB2_B/108_3.xyt
19,out/xyt/FVC2000_DB4_B/102_8.xyt,out/xyt/FVC2002_DB1_B/102_4.xyt
19,out/xyt/FVC2002_DB3_B/104_3.xyt,out/xyt/FVC2004_DB2_B/104_7.xyt
19,out/xyt/FVC2002_DB2_B/101_7.xyt,out/xyt/FVC2002_DB4_B/109_2.xyt
19,out/xyt/FVC2000_DB4_B/109_8.xyt,out/xyt/FVC2002_DB1_B/106_3.xyt
19,out/xyt/FVC2002_DB1_B/106_7.xyt,out/xyt/FVC2004_DB3_B/106_2.xyt
19,out/xyt/FVC2002_DB3_B/103_4.xyt,out/xyt/FVC2004_DB1_B/108_4.xyt
19,out/xyt/FVC2000_DB1_B/107_6.xyt,out/xyt/FVC2004_DB4_B/104_1.xyt
19,out/xyt/FVC2002_DB1_B/110_1.xyt,out/xyt/FVC2004_DB4_B/110_6.xyt
19,out/xyt/FVC2000_DB4_B/103_5.xyt,out/xyt/FVC2002_DB4_B/103_4.xyt
19,out/xyt/FVC2004_DB3_B/105_2.xyt,out/xyt/FVC2004_DB3_B/106_2.xyt
19,out/xyt/FVC2002_DB1_B/106_6.xyt,out/xyt/FVC2002_DB2_B/105_7.xyt
19,out/xyt/FVC2000_DB4_B/110_8.xyt,out/xyt/FVC2002_DB1_B/106_8.xyt
19,out/xyt/FVC2000_DB1_B/108_5.xyt,out/xyt/FVC2000_DB2_B/108_5.xyt
19,out/xyt/FVC2000_DB1_B/106_8.xyt,out/xyt/FVC2004_DB1_B/102_8.xyt
19,out/xyt/FVC2004_DB1_B/103_5.xyt,out/xyt/FVC2004_DB1_B/107_6.xyt
19,out/xyt/FVC2000_DB1_B/109_8.xyt,out/xyt/FVC2000_DB2_B/105_3.xyt
19,out/xyt/FVC2002_DB3_B/105_2.xyt,out/xyt/FVC2004_DB2_B/108_3.xyt
19,out/xyt/FVC2000_DB4_B/109_2.xyt,out/xyt/FVC2004_DB4_B/103_5.xyt
19,out/xyt/FVC2000_DB2_B/109_5.xyt,out/xyt/FVC2002_DB1_B/102_7.xyt
19,out/xyt/FVC2004_DB1_B/104_5.xyt,out/xyt/FVC2004_DB2_B/104_5.xyt
19,out/xyt/FVC2000_DB2_B/105_7.xyt,out/xyt/FVC2004_DB1_B/108_4.xyt
19,out/xyt/FVC2000_DB3_B/104_3.xyt,out/xyt/FVC2004_DB4_B/102_3.xyt
19,out/xyt/FVC2000_DB1_B/105_3.xyt,out/xyt/FVC2004_DB3_B/105_2.xyt
19,out/xyt/FVC2002_DB2_B/106_1.xyt,out/xyt/FVC2004_DB2_B/102_3.xyt
19,out/xyt/FVC2002_DB1_B/102_4.xyt,out/xyt/FVC2002_DB4_B/107_5.xyt
19,out/xyt/FVC2000_DB4_B/109_3.xyt,out/xyt/FVC2004_DB4_B/106_7.xyt
19,out/xyt/FVC2002_DB3_B/109_2.xyt,out/xyt/FVC2002_DB4_B/105_2.xyt
19,out/xyt/FVC2002_DB1_B/102_1.xyt,out/xyt/FVC2004_DB1_B/107_3.xyt
19,out/xyt/FVC2002_DB1_B/102_2.xyt,out/xyt/FVC2002_DB4_B/108_2.xyt
19,out/xyt/FVC2000_DB4_B/103_5.xyt,out/xyt/FVC2002_DB1_B/105_1.xyt
19,out/xyt/FVC2000_DB4_B/109_3.xyt,out/xyt/FVC2002_DB1_B/105_8.xyt
19,out/xyt/FVC2002_DB4_B/107_5.xyt,out/xyt/FVC2004_DB1_B/103_8.xyt
19,out/xyt/FVC2002_DB1_B/107_4.xyt,out/xyt/FVC2002_DB2_B/106_3.xyt
19,out/xyt/FVC2004_DB1_B/110_6.xyt,out/xyt/FVC2004_DB4_B/102_2.xyt
19,out/xyt/FVC2000_DB4_B/105_4.xyt,out/xyt/FVC2004_DB2_B/108_4.xyt
19,out/xyt/FVC2002_DB4_B/108_2.xyt,out/xyt/FVC2004_DB1_B/104_5.xyt
19,out/xyt/FVC2000_DB1_B/108_7.xyt,out/xyt/FVC2002_DB1_B/109_1.xyt
19,out/xyt/FVC2002_DB4_B/106_1.xyt,out/xyt/FVC2004_DB4_B/106_5.xyt
19,out/xyt/FVC2002_DB1_B/107_6.xyt,out/xyt/FVC2002_DB3_B/101_4.xyt
19,out/xyt/FVC2000_DB2_B/106_8.xyt,out/xyt/FVC2002_DB3_B/107_2.xyt
19,out/xyt/FVC2000_DB4_B/109_2.xyt,out/xyt/FVC2002_DB1_B/106_2.xyt
19,out/xyt/FVC2000_DB1_B/108_5.xyt,out/xyt/FVC2002_DB4_B/105_5.xyt
19,out/xyt/FVC2002_DB4_B/109_3.xyt,out/xyt/FVC2004_DB4_B/103_4.xyt
19,out/xyt/FVC2000_DB4_B/101_7.xyt,out/xyt/FVC2002_DB4_B/103_8.xyt
19,out/xyt/FVC2000_DB2_B/108_6.xyt,out/xyt/FVC2004_DB3_B/102_5.xyt
19,out/xyt/FVC2002_DB1_B/105_3.xyt,out/xyt/FVC2002_DB1_B/110_2.xyt
19,out/xyt/FVC2000_DB1_B/105_1.xyt,out/xyt/FVC2002_DB2_B/102_8.xyt
19,out/xyt/FVC2000_DB4_B/109_1.xyt,out/xyt/FVC2002_DB4_B/109_1.xyt
19,out/xyt/FVC2000_DB1_B/101_2.xyt,out/xyt/FVC2000_DB2_B/101_1.xyt
19,out/xyt/FVC2002_DB4_B/110_7.xyt,out/xyt/FVC2004_DB4_B/103_1.xyt
19,out/xyt/FVC2000_DB2_B/104_1.xyt,out/xyt/FVC2002_DB4_B/108_2.xyt
19,out/xyt/FVC2002_DB1_B/106_1.xyt,out/xyt/FVC2004_DB3_B/106_1.xyt
19,out/xyt/FVC2002_DB4_B/109_4.xyt,out/xyt/FVC2004_DB3_B/102_2.xyt
19,out/xyt/FVC2000_DB1_B/105_1.xyt,out/xyt/FVC2004_DB4_B/106_4.xyt
19,out/xyt/FVC2000_DB4_B/103_1.xyt,out/xyt/FVC2002_DB4_B/103_8.xyt
19,out/xyt/FVC2002_DB2_B/106_1.xyt,out/xyt/FVC2004_DB2_B/108_2.xyt
19,out/xyt/FVC2002_DB1_B/102_4.xyt,out/xyt/FVC2004_DB2_B/108_1.xyt
19,out/xyt/FVC2000_DB3_B/104_3.xyt,out/xyt/FVC2004_DB4_B/105_1.xyt
19,out/xyt/FVC2002_DB2_B/106_5.xyt,out/xyt/FVC2004_DB2_B/109_5.xyt
19,out/xyt/FVC2002_DB4_B/108_2.xyt,out/xyt/FVC2004_DB3_B/105_2.xyt
19,out/xyt/FVC2002_DB1_B/106_8.xyt,out/xyt/FVC2002_DB4_B/107_5.xyt
19,out/xyt/FVC2000_DB3_B/110_7.xyt,out/xyt/FVC2004_DB4_B/106_4.xyt
19,out/xyt/FVC2002_DB4_B/101_7.xyt,out/xyt/FVC2004_DB4_B/105_5.xyt
19,out/xyt/FVC2000_DB4_B/108_5.xyt,out/xyt/FVC2002_DB4_B/108_2.xyt
19,out/xyt/FVC2002_DB1_B/109_5.xyt,out/xyt/FVC2004_DB2_B/105_2.xyt
19,out/xyt/FVC2000_DB1_B/109_4.xyt,out/xyt/FVC2000_DB4_B/102_8.xyt
19,out/xyt/FVC2000_DB4_B/109_1.xyt,out/xyt/FVC2002_DB4_B/103_5.xyt
19,out/xyt/FVC2000_DB2_B/102_4.xyt,out/xyt/FVC2004_DB2_B/108_7.xyt
19,out/xyt/FVC2004_DB2_B/107_1.xyt,out/xyt/FVC2004_DB4_B/101_4.xyt
19,out/xyt/FVC2000_DB2_B/102_8.xyt,out/xyt/FVC2002_DB4_B/103_8.xyt
19,out/xyt/FVC2002_DB4_B/103_3.xyt,out/xyt/FVC2004_DB4_B/106_7.xyt
19,out/xyt/FVC2000_DB1_B/102_8.xyt,out/xyt/FVC2002_DB4_B/101_6.xyt
19,out/xyt/FVC2002_DB4_B/101_8.xyt,out/xyt/FVC2002_DB4_B/110_5.xyt
19,out/xyt/FVC2000_DB4_B/110_3.xyt,out/xyt/FVC2002_DB1_B/106_2.xyt
19,out/xyt/FVC2000_DB1_B/102_4.xyt,out/xyt/FVC2002_DB1_B/102_1.xyt
19,out/xyt/FVC2000_DB1_B/109_4.xyt,out/xyt/FVC2002_DB4_B/101_4.xyt
19,out/xyt/FVC2000_DB4_B/103_8.xyt,out/xyt/FVC2004_DB4_B/110_1.xyt
19,out/xyt/FVC2000_DB2_B/102_4.xyt,out/xyt/FVC2002_DB1_B/102_4.xyt
19,out/xyt/FVC2004_DB1_B/104_7.xyt,out/xyt/FVC2004_DB2_B/108_2.xyt
19,out/xyt/FVC2000_DB1_B/109_3.xyt,out/xyt/FVC2004_DB4_B/106_5.xyt
19,out/xyt/FVC2002_DB4_B/105_7.xyt,out/xyt/FVC2002_DB4_B/110_2.xyt
19,out/xyt/FVC2002_DB1_B/107_4.xyt,out/xyt/FVC2002_DB2_B/106_5.xyt
19,out/xyt/FVC2000_DB2_B/108_7.xyt,out/xyt/FVC2004_DB3_B/102_7.xyt
19,out/xyt/FVC2000_DB1_B/109_5.xyt,out/xyt/FVC2002_DB1_B/107_1.xyt
19,out/xyt/FVC2002_DB1_B/107_4.xyt,out/xyt/FVC2002_DB4_B/103_3.xyt
19,out/xyt/FVC2000_DB1_B/109_3.xyt,out/xyt/FVC2002_DB2_B/108_3.xyt
19,out/xyt/FVC2002_DB4_B/109_8.xyt,out/xyt/FVC2004_DB1_B/103_8.xyt
19,out/xyt/FVC2002_DB4_B/101_3.xyt,out/xyt/FVC2002_DB4_B/102_5.xyt
19,out/xyt/FVC2000_DB4_B/103_7.xyt,out/xyt/FVC2004_DB4_B/106_8.xyt
19,out/xyt/FVC2002_DB4_B/103_8.xyt,out/xyt/FVC2004_DB1_B/103_5.xyt
19,out/xyt/FVC2002_DB2_B/106_7.xyt,out/xyt/FVC2004_DB2_B/109_3.xyt
19,out/xyt/FVC2000_DB1_B/109_7.xyt,out/xyt/FVC2004_DB4_B/106_8.xyt
19,out/xyt/FVC2000_DB4_B/103_4.xyt,out/xyt/FVC2004_DB4_B/106_7.xyt
19,out/xyt/FVC2000_DB2_B/107_7.xyt,out/xyt/FVC2002_DB4_B/110_1.xyt
19,out/xyt/FVC2002_DB1_B/105_3.xyt,out/xyt/FVC2002_DB2_B/107_6.xyt
19,out/xyt/FVC2000_DB4_B/109_1.xyt,out/xyt/FVC2004_DB2_B/110_6.xyt
19,out/xyt/FVC2002_DB1_B/104_4.xyt,out/xyt/FVC2002_DB1_B/109_4.xyt
19,out/xyt/FVC2002_DB1_B/102_4.xyt,out/xyt/FVC2004_DB1_B/103_1.xyt
19,out/xyt/FVC2000_DB2_B/104_5.xyt,out/xyt/FVC2002_DB1_B/107_2.xyt
19,out/xyt/FVC2002_DB1_B/102_7.xyt,out/xyt/FVC2002_DB1_B/106_8.xyt
19,out/xyt/FVC2000_DB1_B/108_5.xyt,out/xyt/FVC2004_DB1_B/103_6.xyt
19,out/xyt/FVC2000_DB1_B/105_7.xyt,out/xyt/FVC2000_DB2_B/105_5.xyt
19,out/xyt/FVC2002_DB1_B/102_4.xyt,out/xyt/FVC2004_DB4_B/108_5.xyt
19,out/xyt/FVC2000_DB4_B/101_7.xyt,out/xyt/FVC2002_DB4_B/109_4.xyt
19,out/xyt/FVC2000_DB4_B/102_4.xyt,out/xyt/FVC2002_DB4_B/105_1.xyt
19,out/xyt/FVC2000_DB1_B/107_6.xyt,out/xyt/FVC2002_DB4_B/105_8.xyt
19,out/xyt/FVC2002_DB1_B/104_1.xyt,out/xyt/FVC2004_DB2_B/108_1.xyt
19,out/xyt/FVC2002_DB1_B/107_2.xyt,out/xyt/FVC2004_DB1_B/101_5.xyt
19,out/xyt/FVC2000_DB2_B/109_5.xyt,out/xyt/FVC2002_DB2_B/106_1.xyt
19,out/xyt/FVC2002_DB1_B/107_4.xyt,out/xyt/FVC2002_DB4_B/108_2.xyt
19,out/xyt/FVC2000_DB4_B/102_5.xyt,out/xyt/FVC2004_DB1_B/103_7.xyt
19,out/xyt/FVC2000_DB2_B/104_6.xyt,out/xyt/FVC2000_DB2_B/107_6.xyt
19,out/xyt/FVC2000_DB1_B/109_3.xyt,out/xyt/FVC2004_DB4_B/110_3.xyt
19,out/xyt/FVC2000_DB1_B/103_1.xyt,out/xyt/FVC2002_DB2_B/109_3.xyt
19,out/xyt/FVC2000_DB2_B/107_1.xyt,out/xyt/FVC2002_DB2_B/108_3.xyt
19,out/xyt/FVC2002_DB2_B/107_1.xyt,out/xyt/FVC2004_DB1_B/104_5.xyt
19,out/xyt/FVC2002_DB4_B/110_1.xyt,out/xyt/FVC2004_DB4_B/110_3.xyt
19,out/xyt/FVC2000_DB4_B/109_2.xyt,out/xyt/FVC2002_DB4_B/108_2.xyt
19,out/xyt/FVC2002_DB1_B/110_7.xyt,out/xyt/FVC2002_DB3_B/102_4.xyt
19,out/xyt/FVC2002_DB3_B/103_3.xyt,out/xyt/FVC2004_DB2_B/104_5.xyt
19,out/xyt/FVC2002_DB3_B/108_8.xyt,out/xyt/FVC2004_DB3_B/102_1.xyt
19,out/xyt/FVC2000_DB4_B/109_3.xyt,out/xyt/FVC2002_DB4_B/105_3.xyt
19,out/xyt/FVC2002_DB4_B/103_8.xyt,out/xyt/FVC2004_DB1_B/104_5.xyt
19,out/xyt/FVC2000_DB2_B/105_7.xyt,out/xyt/FVC2004_DB1_B/102_2.xyt
19,out/xyt/FVC2002_DB1_B/102_1.xyt,out/xyt/FVC2004_DB1_B/104_4.xyt
19,out/xyt/FVC2000_DB1_B/109_5.xyt,out/xyt/FVC2000_DB2_B/107_6.xyt
19,out/xyt/FVC2004_DB1_B/103_6.xyt,out/xyt/FVC2004_DB1_B/107_5.xyt
19,out/xyt/FVC2002_DB3_B/109_4.xyt,out/xyt/FVC2002_DB4_B/110_1.xyt
19,out/xyt/FVC2000_DB4_B/105_6.xyt,out/xyt/FVC2002_DB4_B/102_5.xyt
19,out/xyt/FVC2002_DB1_B/107_8.xyt,out/xyt/FVC2002_DB2_B/106_4.xyt
19,out/xyt/FVC2000_DB3_B/104_3.xyt,out/xyt/FVC2004_DB3_B/106_7.xyt
19,out/xyt/FVC2002_DB1_B/107_2.xyt,out/xyt/FVC2002_DB3_B/105_5.xyt
19,out/xyt/FVC2000_DB2_B/105_8.xyt,out/xyt/FVC2002_DB1_B/110_4.xyt
19,out/xyt/FVC2000_DB1_B/109_1.xyt,out/xyt/FVC2002_DB1_B/107_2.xyt
19,out/xyt/FVC2002_DB1_B/107_4.xyt,out/xyt/FVC2002_DB2_B/108_1.xyt
19,out/xyt/FVC2000_DB2_B/109_8.xyt,out/xyt/FVC2004_DB2_B/107_2.xyt
19,out/xyt/FVC2000_DB2_B/109_1.xyt,out/xyt/FVC2002_DB1_B/106_1.xyt
19,out/xyt/FVC2002_DB1_B/106_8.xyt,out/xyt/FVC2004_DB3_B/106_7.xyt
19,out/xyt/FVC2000_DB4_B/108_6.xyt,out/xyt/FVC2002_DB1_B/102_7.xyt
19,out/xyt/FVC2002_DB4_B/110_1.xyt,out/xyt/FVC2004_DB2_B/108_1.xyt
19,out/xyt/FVC2000_DB2_B/104_1.xyt,out/xyt/FVC2002_DB2_B/106_5.xyt
19,out/xyt/FVC2002_DB2_B/110_6.xyt,out/xyt/FVC2004_DB2_B/101_5.xyt
19,out/xyt/FVC2002_DB4_B/105_3.xyt,out/xyt/FVC2004_DB4_B/105_8.xyt
19,out/xyt/FVC2002_DB4_B/108_2.xyt,out/xyt/FVC2004_DB4_B/108_5.xyt
19,out/xyt/FVC2002_DB3_B/108_1.xyt,out/xyt/FVC2004_DB3_B/102_5.xyt
19,out/xyt/FVC2004_DB3_B/104_4.xyt,out/xyt/FVC2004_DB3_B/110_6.xyt
19,out/xyt/FVC2000_DB1_B/108_8.xyt,out/xyt/FVC2002_DB1_B/102_6.xyt
19,out/xyt/FVC2000_DB1_B/105_3.xyt,out/xyt/FVC2004_DB4_B/110_8.xyt
19,out/xyt/FVC2000_DB2_B/107_3.xyt,out/xyt/FVC2002_DB2_B/102_8.xyt
19,out/xyt/FVC2004_DB1_B/109_5.xyt,out/xyt/FVC2004_DB2_B/105_6.xyt
19,out/xyt/FVC2002_DB1_B/107_1.xyt,out/xyt/FVC2004_DB4_B/106_7.xyt
19,out/xyt/FVC2000_DB1_B/102_6.xyt,out/xyt/FVC2002_DB2_B/109_5.xyt
19,out/xyt/FVC2004_DB2_B/102_3.xyt,out/xyt/FVC2004_DB4_B/108_2.xyt
19,out/xyt/FVC2000_DB4_B/109_5.xyt,out/xyt/FVC2004_DB4_B/106_6.xyt
19,out/xyt/FVC2002_DB3_B/109_8.xyt,out/xyt/FVC2004_DB1_B/103_1.xyt
19,out/xyt/FVC2002_DB1_B/102_1.xyt,out/xyt/FVC2004_DB1_B/106_2.xyt
19,out/xyt/FVC2002_DB1_B/109_4.xyt,out/xyt/FVC2002_DB4_B/107_2.xyt
19,out/xyt/FVC2004_DB2_B/109_7.xyt,out/xyt/FVC2004_DB4_B/103_2.xyt
19,out/xyt/FVC2000_DB4_B/105_7.xyt,out/xyt/FVC2002_DB4_B/103_1.xyt
19,out/xyt/FVC2000_DB2_B/109_5.xyt,out/xyt/FVC2002_DB1_B/107_3.xyt
19,out/xyt/FVC2000_DB2_B/107_4.xyt,out/xyt/FVC2002_DB1_B/110_1.xyt
19,out/xyt/FVC2004_DB1_B/101_1.xyt,out/xyt/FVC2004_DB4_B/108_8.xyt
19,out/xyt/FVC2004_DB2_B/109_5.xyt,out/xyt/FVC2004_DB4_B/110_1.xyt
19,out/xyt/FVC2002_DB2_B/109_1.xyt,out/xyt/FVC2004_DB4_B/110_8.xyt
19,out/xyt/FVC2002_DB2_B/108_8.xyt,out/xyt/FVC2004_DB4_B/105_7.xyt
19,out/xyt/FVC2000_DB4_B/109_6.xyt,out/xyt/FVC2002_DB4_B/107_3.xyt
19,out/xyt/FVC2002_DB1_B/105_7.xyt,out/xyt/FVC2002_DB3_B/103_2.xyt
19,out/xyt/FVC2002_DB1_B/109_4.xyt,out/xyt/FVC2002_DB3_B/108_7.xyt
19,out/xyt/FVC2000_DB1_B/109_4.xyt,out/xyt/FVC2004_DB3_B/105_2.xyt
19,out/xyt/FVC2000_DB2_B/109_1.xyt,out/xyt/FVC2000_DB3_B/110_7.xyt
19,out/xyt/FVC2000_DB3_B/102_3.xyt,out/xyt/FVC2004_DB3_B/102_2.xyt
19,out/xyt/FVC2002_DB1_B/110_8.xyt,out/xyt/FVC2002_DB3_B/108_8.xyt
19,out/xyt/FVC2002_DB4_B/107_2.xyt,out/xyt/FVC2002_DB4_B/110_5.xyt
19,out/xyt/FVC2000_DB2_B/104_2.xyt,out/xyt/FVC2002_DB2_B/105_3.xyt
19,out/xyt/FVC2000_DB1_B/108_6.xyt,out/xyt/FVC2000_DB4_B/102_5.xyt
19,out/xyt/FVC2002_DB4_B/110_1.xyt,out/xyt/FVC2004_DB2_B/109_3.xyt
19,out/xyt/FVC2000_DB2_B/102_4.xyt,out/xyt/FVC2002_DB1_B/104_7.xyt
19,out/xyt/FVC2002_DB1_B/106_2.xyt,out/xyt/FVC2004_DB1_B/107_4.xyt
19,out/xyt/FVC2002_DB2_B/110_6.xyt,out/xyt/FVC2002_DB3_B/108_4.xyt
19,out/xyt/FVC2000_DB1_B/102_5.xyt,out/xyt/FVC2000_DB1_B/106_2.xyt
19,out/xyt/FVC2002_DB1_B/110_5.xyt,out/xyt/FVC2002_DB3_B/102_6.xyt
19,out/xyt/FVC2000_DB3_B/110_7.xyt,out/xyt/FVC2004_DB4_B/101_4.xyt
19,out/xyt/FVC2000_DB2_B/104_3.xyt,out/xyt/FVC2002_DB1_B/106_3.xyt
19,out/xyt/FVC2000_DB2_B/110_1.xyt,out/xyt/FVC2004_DB2_B/108_3.xyt
19,out/xyt/FVC2000_DB1_B/109_8.xyt,out/xyt/FVC2004_DB2_B/109_4.xyt
19,out/xyt/FVC2002_DB2_B/106_3.xyt,out/xyt/FVC2002_DB2_B/108_1.xyt
19,out/xyt/FVC2002_DB2_B/101_6.xyt,out/xyt/FVC2002_DB2_B/104_8.xyt
19,out/xyt/FVC2002_DB2_B/109_2.xyt,out/xyt/FVC2004_DB2_B/109_5.xyt
19,out/xyt/FVC2002_DB4_B/102_6.xyt,out/xyt/FVC2004_DB1_B/104_1.xyt
19,out/xyt/FVC2002_DB4_B/106_8.xyt,out/xyt/FVC2004_DB4_B/106_6.xyt
19,out/xyt/FVC2000_DB4_B/101_7.xyt,out/xyt/FVC2002_DB4_B/107_2.xyt
19,out/xyt/FVC2000_DB4_B/102_4.xyt,out/xyt/FVC2004_DB4_B/110_3.xyt
19,out/xyt/FVC2002_DB2_B/105_7.xyt,out/xyt/FVC2002_DB4_B/102_7.xyt
19,out/xyt/FVC2002_DB2_B/106_1.xyt,out/xyt/FVC2002_DB4_B/110_1.xyt
19,out/xyt/FVC2002_DB1_B/102_7.xyt,out/xyt/FVC2002_DB3_B/108_4.xyt
19,out/xyt/FVC2004_DB4_B/108_8.xyt,out/xyt/FVC2004_DB4_B/110_1.xyt
19,out/xyt/FVC2002_DB1_B/102_4.xyt,out/xyt/FVC2004_DB4_B/108_7.xyt
19,out/xyt/FVC2000_DB1_B/109_7.xyt,out/xyt/FVC2002_DB2_B/108_8.xyt
19,out/xyt/FVC2000_DB4_B/103_7.xyt,out/xyt/FVC2002_DB4_B/110_4.xyt
19,out/xyt/FVC2000_DB3_B/104_3.xyt,out/xyt/FVC2004_DB2_B/104_8.xyt
19,out/xyt/FVC2002_DB3_B/109_1.xyt,out/xyt/FVC2004_DB1_B/107_1.xyt
19,out/xyt/FVC2000_DB4_B/101_4.xyt,out/xyt/FVC2002_DB4_B/101_1.xyt
19,out/xyt/FVC2004_DB4_B/106_7.xyt,out/xyt/FVC2004_DB4_B/110_1.xyt
19,out/xyt/FVC2000_DB1_B/105_3.xyt,out/xyt/FVC2002_DB2_B/106_3.xyt
19,out/xyt/FVC2000_DB3_B/102_3.xyt,out/xyt/FVC2004_DB3_B/102_4.xyt
19,out/xyt/FVC2004_DB1_B/108_7.xyt,out/xyt/FVC2004_DB2_B/104_5.xyt
19,out/xyt/FVC2000_DB3_B/104_8.xyt,out/xyt/FVC2004_DB2_B/107_1.xyt
19,out/xyt/FVC2000_DB3_B/102_3.xyt,out/xyt/FVC2004_DB3_B/104_3.xyt
19,out/xyt/FVC2000_DB1_B/105_7.xyt,out/xyt/FVC2002_DB1_B/107_1.xyt
19,out/xyt/FVC2000_DB2_B/107_8.xyt,out/xyt/FVC2004_DB4_B/110_8.xyt
19,out/xyt/FVC2002_DB4_B/105_5.xyt,out/xyt/FVC2004_DB2_B/101_6.xyt
19,out/xyt/FVC2002_DB4_B/103_8.xyt,out/xyt/FVC2004_DB3_B/105_7.xyt
19,out/xyt/FVC2002_DB1_B/107_3.xyt,out/xyt/FVC2002_DB2_B/105_2.xyt
19,out/xyt/FVC2000_DB4_B/106_5.xyt,out/xyt/FVC2002_DB4_B/110_3.xyt
19,out/xyt/FVC2000_DB4_B/109_4.xyt,out/xyt/FVC2004_DB4_B/108_8.xyt
19,out/xyt/FVC2002_DB1_B/105_8.xyt,out/xyt/FVC2002_DB4_B/108_6.xyt
19,out/xyt/FVC2002_DB2_B/110_6.xyt,out/xyt/FVC2002_DB3_B/108_7.xyt
19,out/xyt/FVC2000_DB1_B/102_8.xyt,out/xyt/FVC2004_DB1_B/104_4.xyt
19,out/xyt/FVC2002_DB2_B/106_3.xyt,out/xyt/FVC2004_DB4_B/110_8.xyt
19,out/xyt/FVC2000_DB4_B/102_1.xyt,out/xyt/FVC2000_DB4_B/105_4.xyt
19,out/xyt/FVC2002_DB1_B/105_7.xyt,out/xyt/FVC2002_DB1_B/109_5.xyt
19,out/xyt/FVC2000_DB1_B/108_6.xyt,out/xyt/FVC2000_DB4_B/109_3.xyt
19,out/xyt/FVC2002_DB1_B/107_8.xyt,out/xyt/FVC2002_DB4_B/103_8.xyt
19,out/xyt/FVC2000_DB2_B/104_1.xyt,out/xyt/FVC2002_DB1_B/106_7.xyt
19,out/xyt/FVC2000_DB1_B/109_7.xyt,out/xyt/FVC2004_DB2_B/101_5.xyt
19,out/xyt/FVC2000_DB4_B/101_7.xyt,out/xyt/FVC2004_DB4_B/109_5.xyt
19,out/xyt/FVC2002_DB4_B/103_4.xyt,out/xyt/FVC2004_DB4_B/106_3.xyt
19,out/xyt/FVC2002_DB1_B/110_1.xyt,out/xyt/FVC2002_DB4_B/108_2.xyt
19,out/xyt/FVC2002_DB4_B/107_5.xyt,out/xyt/FVC2002_DB4_B/109_1.xyt
19,out/xyt/FVC2000_DB1_B/106_8.xyt,out/xyt/FVC2004_DB1_B/104_1.xyt
19,out/xyt/FVC2000_DB1_B/106_6.xyt,out/xyt/FVC2000_DB1_B/108_7.xyt
19,out/xyt/FVC2004_DB2_B/109_6.xyt,out/xyt/FVC2004_DB3_B/101_6.xyt
19,out/xyt/FVC2000_DB1_B/102_5.xyt,out/xyt/FVC2002_DB3_B/106_7.xyt
19,out/xyt/FVC2000_DB1_B/109_8.xyt,out/xyt/FVC2000_DB4_B/102_2.xyt
19,out/xyt/FVC2002_DB4_B/103_7.xyt,out/xyt/FVC2002_DB4_B/107_5.xyt
19,out/xyt/FVC2000_DB2_B/107_8.xyt,out/xyt/FVC2002_DB1_B/110_2.xyt
19,out/xyt/FVC2000_DB1_B/106_6.xyt,out/xyt/FVC2002_DB1_B/109_3.xyt
19,out/xyt/FVC2002_DB1_B/106_7.xyt,out/xyt/FVC2004_DB2_B/104_1.xyt
19,out/xyt/FVC2000_DB1_B/105_3.xyt,out/xyt/FVC2002_DB4_B/107_5.xyt
19,out/xyt/FVC2004_DB2_B/101_5.xyt,out/xyt/FVC2004_DB4_B/104_3.xyt
19,out/xyt/FVC2002_DB1_B/103_2.xyt,out/xyt/FVC2002_DB1_B/107_4.xyt
19,out/xyt/FVC2002_DB4_B/105_5.xyt,out/xyt/FVC2004_DB2_B/101_5.xyt
19,out/xyt/FVC2000_DB1_B/108_7.xyt,out/xyt/FVC2000_DB2_B/106_5.xyt
19,out/xyt/FVC2004_DB2_B/105_8.xyt,out/xyt/FVC2004_DB3_B/102_1.xyt
19,out/xyt/FVC2000_DB1_B/107_8.xyt,out/xyt/FVC2002_DB2_B/108_3.xyt
19,out/xyt/FVC2002_DB4_B/103_5.xyt,out/xyt/FVC2004_DB2_B/109_1.xyt
19,out/xyt/FVC2002_DB3_B/101_8.xyt,out/xyt/FVC2004_DB1_B/107_2.xyt
19,out/xyt/FVC2002_DB4_B/103_4.xyt,out/xyt/FVC2004_DB4_B/106_8.xyt
19,out/xyt/FVC2000_DB2_B/109_8.xyt,out/xyt/FVC2004_DB3_B/102_7.xyt
19,out/xyt/FVC2002_DB4_B/109_8.xyt,out/xyt/FVC2004_DB4_B/108_4.xyt
19,out/xyt/FVC2002_DB1_B/110_5.xyt,out/xyt/FVC2002_DB3_B/109_1.xyt
19,out/xyt/FVC2002_DB2_B/108_2.xyt,out/xyt/FVC2004_DB3_B/105_5.xyt
19,out/xyt/FVC2002_DB1_B/106_3.xyt,out/xyt/FVC2004_DB3_B/106_2.xyt
19,out/xyt/FVC2000_DB4_B/109_8.xyt,out/xyt/FVC2004_DB4_B/110_1.xyt
19,out/xyt/FVC2002_DB3_B/109_1.xyt,out/xyt/FVC2004_DB1_B/107_7.xyt
19,out/xyt/FVC2000_DB1_B/107_1.xyt,out/xyt/FVC2004_DB4_B/108_1.xyt
19,out/xyt/FVC2000_DB1_B/109_8.xyt,out/xyt/FVC2000_DB2_B/107_8.xyt
19,out/xyt/FVC2000_DB4_B/104_3.xyt,out/xyt/FVC2004_DB4_B/108_5.xyt
19,out/xyt/FVC2000_DB4_B/106_8.xyt,out/xyt/FVC2002_DB3_B/104_4.xyt
19,out/xyt/FVC2000_DB2_B/105_1.xyt,out/xyt/FVC2002_DB4_B/103_3.xyt
19,out/xyt/FVC2000_DB1_B/103_1.xyt,out/xyt/FVC2002_DB3_B/104_1.xyt
19,out/xyt/FVC2002_DB2_B/110_6.xyt,out/xyt/FVC2002_DB3_B/108_5.xyt
19,out/xyt/FVC2000_DB3_B/110_8.xyt,out/xyt/FVC2004_DB2_B/107_1.xyt
18,out/xyt/FVC2000_DB1_B/106_7.xyt,out/xyt/FVC2002_DB2_B/101_7.xyt
18,out/xyt/FVC2000_DB1_B/109_3.xyt,out/xyt/FVC2000_DB4_B/105_4.xyt
18,out/xyt/FVC2002_DB4_B/103_8.xyt,out/xyt/FVC2004_DB4_B/110_6.xyt
18,out/xyt/FVC2000_DB2_B/105_7.xyt,out/xyt/FVC2002_DB3_B/108_7.xyt
18,out/xyt/FVC2000_DB1_B/108_6.xyt,out/xyt/FVC2002_DB4_B/109_6.xyt
18,out/xyt/FVC2002_DB2_B/103_5.xyt,out/xyt/FVC2004_DB1_B/104_1.xyt
18,out/xyt/FVC2000_DB4_B/101_4.xyt,out/xyt/FVC2002_DB4_B/105_5.xyt
18,out/xyt/FVC2002_DB2_B/106_4.xyt,out/xyt/FVC2004_DB2_B/109_1.xyt
18,out/xyt/FVC2000_DB4_B/110_3.xyt,out/xyt/FVC2002_DB1_B/110_1.xyt
18,out/xyt/FVC2000_DB1_B/108_8.xyt,out/xyt/FVC2002_DB1_B/109_4.xyt
18,out/xyt/FVC2000_DB2_B/108_6.xyt,out/xyt/FVC2000_DB3_B/104_3.xyt
18,out/xyt/FVC2000_DB2_B/102_6.xyt,out/xyt/FVC2002_DB1_B/102_7.xyt
18,out/xyt/FVC2002_DB4_B/102_6.xyt,out/xyt/FVC2002_DB4_B/105_7.xyt
18,out/xyt/FVC2002_DB3_B/105_2.xyt,out/xyt/FVC2002_DB3_B/109_7.xyt
18,out/xyt/FVC2002_DB4_B/105_3.xyt,out/xyt/FVC2004_DB4_B/108_5.xyt
18,out/xyt/FVC2002_DB4_B/102_7.xyt,out/xyt/FVC2004_DB4_B/110_8.xyt
18,out/xyt/FVC2002_DB1_B/106_2.xyt,out/xyt/FVC2004_DB4_B/108_6.xyt
18,out/xyt/FVC2002_DB4_B/109_6.xyt,out/xyt/FVC2004_DB4_B/103_5.xyt
18,out/xyt/FVC2000_DB1_B/109_3.xyt,out/xyt/FVC2004_DB3_B/105_7.xyt
18,out/xyt/FVC2002_DB1_B/106_8.xyt,out/xyt/FVC2002_DB4_B/110_6.xyt
18,out/xyt/FVC2002_DB2_B/108_3.xyt,out/xyt/FVC2004_DB4_B/105_5.xyt
18,out/xyt/FVC2002_DB2_B/106_8.xyt,out/xyt/FVC2002_DB4_B/102_3.xyt
18,out/xyt/FVC2000_DB1_B/106_8.xyt,out/xyt/FVC2004_DB2_B/105_6.xyt
18,out/xyt/FVC2000_DB1_B/109_5.xyt,out/xyt/FVC2002_DB2_B/103_5.xyt
18,out/xyt/FVC2004_DB3_B/103_3.xyt,out/xyt/FVC2004_DB3_B/104_6.xyt
18,out/xyt/FVC2000_DB3_B/105_4.xyt,out/xyt/FVC2004_DB3_B/103_1.xyt
18,out/xyt/FVC2000_DB4_B/109_3.xyt,out/xyt/FVC2000_DB4_B/110_3.xyt
18,out/xyt/FVC2002_DB1_B/106_5.xyt,out/xyt/FVC2002_DB2_B/105_7.xyt
18,out/xyt/FVC2002_DB2_B/108_1.xyt,out/xyt/FVC2002_DB4_B/101_4.xyt
18,out/xyt/FVC2000_DB2_B/102_1.xyt,out/xyt/FVC2004_DB4_B/102_2.xyt
18,out/xyt/FVC2000_DB2_B/109_2.xyt,out/xyt/FVC2004_DB3_B/103_1.xyt
18,out/xyt/FVC2000_DB2_B/102_6.xyt,out/xyt/FVC2002_DB2_B/107_3.xyt
18,out/xyt/FVC2002_DB3_B/103_4.xyt,out/xyt/FVC2002_DB4_B/105_5.xyt
18,out/xyt/FVC2000_DB1_B/102_3.xyt,out/xyt/FVC2004_DB1_B/104_5.xyt
18,out/xyt/FVC2000_DB4_B/101_3.xyt,out/xyt/FVC2000_DB4_B/102_5.xyt
18,out/xyt/FVC2000_DB3_B/105_4.xyt,out/xyt/FVC2002_DB4_B/109_5.xyt
18,out/xyt/FVC2000_DB4_B/102_6.xyt,out/xyt/FVC2004_DB4_B/105_5.xyt
18,out/xyt/FVC2000_DB2_B/101_1.xyt,out/xyt/FVC2002_DB4_B/103_4.xyt
18,out/xyt/FVC2000_DB2_B/105_2.xyt,out/xyt/FVC2000_DB2_B/109_3.xyt
18,out/xyt/FVC2002_DB1_B/105_6.xyt,out/xyt/FVC2004_DB1_B/104_5.xyt
18,out/xyt/FVC2000_DB2_B/105_8.xyt,out/xyt/FVC2000_DB2_B/109_3.xyt
18,out/xyt/FVC2002_DB4_B/109_1.xyt,out/xyt/FVC2004_DB4_B/108_4.xyt
18,out/xyt/FVC2000_DB4_B/109_5.xyt,out/xyt/FVC2004_DB4_B/106_7.xyt
18,out/xyt/FVC2002_DB2_B/105_6.xyt,out/xyt/FVC2002_DB4_B/102_7.xyt
18,out/xyt/FVC2000_DB4_B/102_8.xyt,out/xyt/FVC2000_DB4_B/103_1.xyt
18,out/xyt/FVC2002_DB2_B/109_5.xyt,out/xyt/FVC2002_DB4_B/101_1.xyt
18,out/xyt/FVC2000_DB4_B/103_4.xyt,out/xyt/FVC2002_DB4_B/103_2.xyt
18,out/xyt/FVC2000_DB1_B/109_4.xyt,out/xyt/FVC2000_DB3_B/110_7.xyt
18,out/xyt/FVC2000_DB2_B/102_7.xyt,out/xyt/FVC2002_DB4_B/102_7.xyt
18,out/xyt/FVC2000_DB1_B/110_6.xyt,out/xyt/FVC2000_DB2_B/110_5.xyt
18,out/xyt/FVC2004_DB1_B/103_7.xyt,out/xyt/FVC2004_DB3_B/101_4.xyt
18,out/xyt/FVC2000_DB1_B/109_4.xyt,out/xyt/FVC2002_DB1_B/107_1.xyt
18,out/xyt/FVC2000_DB1_B/106_3.xyt,out/xyt/FVC2000_DB1_B/108_6.xyt
18,out/xyt/FVC2002_DB1_B/106_2.xyt,out/xyt/FVC2004_DB3_B/106_2.xyt
18,out/xyt/FVC2000_DB2_B/103_2.xyt,out/xyt/FVC2004_DB2_B/104_1.xyt
18,out/xyt/FVC2000_DB2_B/102_6.xyt,out/xyt/FVC2004_DB2_B/108_5.xyt
18,out/xyt/FVC2002_DB1_B/106_1.xyt,out/xyt/FVC2004_DB1_B/104_4.xyt
18,out/xyt/FVC2000_DB1_B/108_3.xyt,out/xyt/FVC2004_DB1_B/102_2.xyt
18,out/xyt/FVC2000_DB4_B/109_6.xyt,out/xyt/FVC2002_DB2_B/108_8.xyt
18,out/xyt/FVC2000_DB2_B/105_1.xyt,out/xyt/FVC2004_DB1_B/104_7.xyt
18,out/xyt/FVC2000_DB1_B/106_8.xyt,out/xyt/FVC2000_DB4_B/105_2.xyt
18,out/xyt/FVC2000_DB2_B/102_1.xyt,out/xyt/FVC2004_DB1_B/104_4.xyt
18,out/xyt/FVC2000_DB2_B/107_7.xyt,out/xyt/FVC2004_DB1_B/102_2.xyt
18,out/xyt/FVC2000_DB1_B/107_3.xyt,out/xyt/FVC2002_DB3_B/105_1.xyt
18,out/xyt/FVC2000_DB1_B/105_3.xyt,out/xyt/FVC2002_DB1_B/106_3.xyt
18,out/xyt/FVC2000_DB1_B/109_5.xyt,out/xyt/FVC2000_DB2_B/109_8.xyt
18,out/xyt/FVC2002_DB2_B/102_5.xyt,out/xyt/FVC2004_DB4_B/106_7.xyt
18,out/xyt/FVC2002_DB1_B/107_2.xyt,out/xyt/FVC2002_DB4_B/109_5.xyt
18,out/xyt/FVC2000_DB2_B/107_1.xyt,out/xyt/FVC2002_DB3_B/106_4.xyt
18,out/xyt/FVC2002_DB4_B/105_6.xyt,out/xyt/FVC2002_DB4_B/107_2.xyt
18,out/xyt/FVC2000_DB2_B/105_8.xyt,out/xyt/FVC2004_DB2_B/101_5.xyt
18,out/xyt/FVC2002_DB4_B/110_1.xyt,out/xyt/FVC2004_DB4_B/105_5.xyt
18,out/xyt/FVC2000_DB1_B/102_6.xyt,out/xyt/FVC2004_DB2_B/108_1.xyt
18,out/xyt/FVC2000_DB4_B/109_6.xyt,out/xyt/FVC2002_DB2_B/109_5.xyt
18,out/xyt/FVC2004_DB3_B/105_3.xyt,out/xyt/FVC2004_DB4_B/109_8.xyt
18,out/xyt/FVC2002_DB1_B/105_7.xyt,out/xyt/FVC2004_DB1_B/103_6.xyt
18,out/xyt/FVC2002_DB1_B/104_3.xyt,out/xyt/FVC2004_DB4_B/102_6.xyt
18,out/xyt/FVC2002_DB1_B/110_6.xyt,out/xyt/FVC2002_DB2_B/102_8.xyt
18,out/xyt/FVC2002_DB1_B/109_7.xyt,out/xyt/FVC2002_DB2_B/108_2.xyt
18,out/xyt/FVC2002_DB1_B/102_6.xyt,out/xyt/FVC2004_DB1_B/104_5.xyt
18,out/xyt/FVC2002_DB4_B/102_6.xyt,out/xyt/FVC2002_DB4_B/110_7.xyt
18,out/xyt/FVC2004_DB1_B/103_3.xyt,out/xyt/FVC2004_DB4_B/106_4.xyt
18,out/xyt/FVC2000_DB3_B/105_3.xyt,out/xyt/FVC2004_DB4_B/101_4.xyt
18,out/xyt/FVC2000_DB1_B/103_1.xyt,out/xyt/FVC2004_DB1_B/103_6.xyt
18,out/xyt/FVC2000_DB2_B/104_5.xyt,out/xyt/FVC2002_DB4_B/108_8.xyt
18,out/xyt/FVC2000_DB2_B/108_5.xyt,out/xyt/FVC2002_DB1_B/106_8.xyt
18,out/xyt/FVC2000_DB1_B/109_7.xyt,out/xyt/FVC2004_DB4_B/110_1.xyt
18,out/xyt/FVC2000_DB1_B/105_3.xyt,out/xyt/FVC2002_DB1_B/106_8.xyt
18,out/xyt/FVC2002_DB2_B/108_4.xyt,out/xyt/FVC2002_DB4_B/105_8.xyt
18,out/xyt/FVC2002_DB1_B/105_8.xyt,out/xyt/FVC2004_DB2_B/108_4.xyt
18,out/xyt/FVC2000_DB1_B/106_5.xyt,out/xyt/FVC2004_DB4_B/110_7.xyt
18,out/xyt/FVC2002_DB1_B/101_7.xyt,out/xyt/FVC2004_DB2_B/110_3.xyt
18,out/xyt/FVC2002_DB4_B/103_3.xyt,out/xyt/FVC2004_DB2_B/109_1.xyt
18,out/xyt/FVC2000_DB4_B/110_3.xyt,out/xyt/FVC2002_DB1_B/110_6.xyt
18,out/xyt/FVC2000_DB1_B/105_7.xyt,out/xyt/FVC2004_DB2_B/102_3.xyt
18,out/xyt/FVC2000_DB2_B/103_2.xyt,out/xyt/FVC2002_DB3_B/103_1.xyt
18,out/xyt/FVC2000_DB1_B/102_8.xyt,out/xyt/FVC2002_DB3_B/109_1.xyt
18,out/xyt/FVC2004_DB1_B/109_6.xyt,out/xyt/FVC2004_DB2_B/105_6.xyt
18,out/xyt/FVC2002_DB1_B/107_8.xyt,out/xyt/FVC2002_DB4_B/108_8.xyt
18,out/xyt/FVC2004_DB2_B/104_1.xyt,out/xyt/FVC2004_DB4_B/109_1.xyt
18,out/xyt/FVC2000_DB2_B/109_3.xyt,out/xyt/FVC2002_DB3_B/105_4.xyt
18,out/xyt/FVC2002_DB3_B/109_7.xyt,out/xyt/FVC2002_DB4_B/103_4.xyt
18,out/xyt/FVC2000_DB1_B/104_3.xyt,out/xyt/FVC2000_DB4_B/109_8.xyt
18,out/xyt/FVC2000_DB4_B/109_2.xyt,out/xyt/FVC2002_DB3_B/109_6.xyt
18,out/xyt/FVC2000_DB4_B/103_3.xyt,out/xyt/FVC2002_DB4_B/103_7.xyt
18,out/xyt/FVC2000_DB1_B/105_3.xyt,out/xyt/FVC2000_DB2_B/104_1.xyt
18,out/xyt/FVC2002_DB1_B/106_3.xyt,out/xyt/FVC2002_DB4_B/108_6.xyt
18,out/xyt/FVC2000_DB3_B/104_8.xyt,out/xyt/FVC2004_DB4_B/102_2.xyt
18,out/xyt/FVC2000_DB2_B/106_1.xyt,out/xyt/FVC2004_DB1_B/107_1.xyt
18,out/xyt/FVC2000_DB3_B/103_5.xyt,out/xyt/FVC2000_DB3_B/108_7.xyt
18,out/xyt/FVC2002_DB2_B/109_5.xyt,out/xyt/FVC2002_DB4_B/103_8.xyt
18,out/xyt/FVC2002_DB3_B/101_8.xyt,out/xyt/FVC2002_DB3_B/108_8.xyt
18,out/xyt/FVC2000_DB2_B/103_5.xyt,out/xyt/FVC2002_DB3_B/105_3.xyt
18,out/xyt/FVC2000_DB2_B/107_6.xyt,out/xyt/FVC2002_DB4_B/108_2.xyt
18,out/xyt/FVC2000_DB4_B/109_7.xyt,out/xyt/FVC2004_DB4_B/106_3.xyt
18,out/xyt/FVC2000_DB4_B/103_5.xyt,out/xyt/FVC2002_DB4_B/102_1.xyt
18,out/xyt/FVC2000_DB2_B/105_2.xyt,out/xyt/FVC2004_DB1_B/104_6.xyt
18,out/xyt/FVC2000_DB4_B/103_3.xyt,out/xyt/FVC2002_DB4_B/110_2.xyt
18,out/xyt/FVC2002_DB2_B/108_3.xyt,out/xyt/FVC2002_DB4_B/105_4.xyt
18,out/xyt/FVC2000_DB1_B/109_5.xyt,out/xyt/FVC2002_DB4_B/110_6.xyt
18,out/xyt/FVC2000_DB2_B/105_7.xyt,out/xyt/FVC2004_DB4_B/104_1.xyt
18,out/xyt/FVC2000_DB1_B/106_6.xyt,out/xyt/FVC2002_DB1_B/102_6.xyt
18,out/xyt/FVC2002_DB2_B/108_4.xyt,out/xyt/FVC2002_DB4_B/103_1.xyt
18,out/xyt/FVC2000_DB4_B/107_6.xyt,out/xyt/FVC2002_DB3_B/102_4.xyt
18,out/xyt/FVC2000_DB1_B/103_1.xyt,out/xyt/FVC2002_DB2_B/101_7.xyt
18,out/xyt/FVC2002_DB1_B/110_3.xyt,out/xyt/FVC2004_DB2_B/106_3.xyt
18,out/xyt/FVC2000_DB1_B/104_3.xyt,out/xyt/FVC2002_DB1_B/107_2.xyt
18,out/xyt/FVC2002_DB3_B/107_2.xyt,out/xyt/FVC2002_DB3_B/108_8.xyt
18,out/xyt/FVC2000_DB3_B/104_6.xyt,out/xyt/FVC2004_DB2_B/107_1.xyt
18,out/xyt/FVC2000_DB4_B/109_7.xyt,out/xyt/FVC2004_DB4_B/110_4.xyt
18,out/xyt/FVC2000_DB1_B/105_3.xyt,out/xyt/FVC2002_DB4_B/102_5.xyt
18,out/xyt/FVC2000_DB2_B/104_1.xyt,out/xyt/FVC2002_DB4_B/107_2.xyt
18,out/xyt/FVC2000_DB1_B/104_5.xyt,out/xyt/FVC2002_DB1_B/104_4.xyt
18,out/xyt/FVC2002_DB1_B/109_1.xyt,out/xyt/FVC2002_DB4_B/107_5.xyt
18,out/xyt/FVC2002_DB4_B/110_2.xyt,out/xyt/FVC2004_DB4_B/105_4.xyt
18,out/xyt/FVC2002_DB4_B/101_1.xyt,out/xyt/FVC2002_DB4_B/102_5.xyt
18,out/xyt/FVC2004_DB2_B/103_3.xyt,out/xyt/FVC2004_DB2_B/108_3.xyt
18,out/xyt/FVC2002_DB4_B/105_1.xyt,out/xyt/FVC2004_DB2_B/110_2.xyt
18,out/xyt/FVC2004_DB3_B/103_3.xyt,out/xyt/FVC2004_DB3_B/104_4.xyt
18,out/xyt/FVC2002_DB3_B/109_2.xyt,out/xyt/FVC2004_DB1_B/101_4.xyt
18,out/xyt/FVC2000_DB4_B/102_2.xyt,out/xyt/FVC2000_DB4_B/105_7.xyt
18,out/xyt/FVC2002_DB1_B/102_7.xyt,out/xyt/FVC2004_DB4_B/106_3.xyt
18,out/xyt/FVC2000_DB2_B/103_3.xyt,out/xyt/FVC2002_DB2_B/101_7.xyt
18,out/xyt/FVC2000_DB2_B/107_3.xyt,out/xyt/FVC2002_DB1_B/109_1.xyt
18,out/xyt/FVC2000_DB4_B/103_2.xyt,out/xyt/FVC2002_DB4_B/110_7.xyt
18,out/xyt/FVC2000_DB2_B/105_2.xyt,out/xyt/FVC2002_DB2_B/108_3.xyt
18,out/xyt/FVC2002_DB1_B/110_4.xyt,out/xyt/FVC2004_DB1_B/110_4.xyt
18,out/xyt/FVC2002_DB2_B/106_5.xyt,out/xyt/FVC2002_DB4_B/108_8.xyt
18,out/xyt/FVC2000_DB4_B/110_6.xyt,out/xyt/FVC2002_DB4_B/110_3.xyt
18,out/xyt/FVC2000_DB2_B/109_3.xyt,out/xyt/FVC2004_DB1_B/105_6.xyt
18,out/xyt/FVC2002_DB2_B/108_3.xyt,out/xyt/FVC2002_DB3_B/110_2.xyt
18,out/xyt/FVC2002_DB1_B/106_8.xyt,out/xyt/FVC2004_DB2_B/109_3.xyt
18,out/xyt/FVC2000_DB1_B/105_3.xyt,out/xyt/FVC2002_DB1_B/110_2.xyt
18,out/xyt/FVC2000_DB4_B/109_5.xyt,out/xyt/FVC2002_DB2_B/108_1.xyt
18,out/xyt/FVC2002_DB1_B/102_6.xyt,out/xyt/FVC2004_DB3_B/105_6.xyt
18,out/xyt/FVC2000_DB4_B/105_7.xyt,out/xyt/FVC2002_DB2_B/108_3.xyt
18,out/xyt/FVC2000_DB1_B/108_8.xyt,out/xyt/FVC2004_DB1_B/102_3.xyt
18,out/xyt/FVC2002_DB1_B/102_7.xyt,out/xyt/FVC2002_DB4_B/109_1.xyt
18,out/xyt/FVC2002_DB3_B/108_5.xyt,out/xyt/FVC2002_DB3_B/109_1.xyt
18,out/xyt/FVC2004_DB4_B/106_5.xyt,out/xyt/FVC2004_DB4_B/108_7.xyt
18,out/xyt/FVC2002_DB1_B/102_7.xyt,out/xyt/FVC2002_DB4_B/109_5.xyt
18,out/xyt/FVC2004_DB1_B/102_8.xyt,out/xyt/FVC2004_DB2_B/108_3.xyt
18,out/xyt/FVC2002_DB4_B/108_8.xyt,out/xyt/FVC2004_DB4_B/106_3.xyt
18,out/xyt/FVC2002_DB1_B/104_4.xyt,out/xyt/FVC2004_DB4_B/104_3.xyt
18,out/xyt/FVC2000_DB2_B/107_7.xyt,out/xyt/FVC2000_DB2_B/109_5.xyt
18,out/xyt/FVC2000_DB1_B/109_4.xyt,out/xyt/FVC2004_DB4_B/106_3.xyt
18,out/xyt/FVC2000_DB4_B/110_4.xyt,out/xyt/FVC2002_DB4_B/107_4.xyt
18,out/xyt/FVC2002_DB2_B/105_1.xyt,out/xyt/FVC2002_DB2_B/106_5.xyt
18,out/xyt/FVC2002_DB1_B/106_8.xyt,out/xyt/FVC2004_DB4_B/102_1.xyt
18,out/xyt/FVC2000_DB1_B/109_3.xyt,out/xyt/FVC2004_DB3_B/105_4.xyt
18,out/xyt/FVC2000_DB1_B/109_6.xyt,out/xyt/FVC2004_DB4_B/102_6.xyt
18,out/xyt/FVC2002_DB1_B/102_2.xyt,out/xyt/FVC2004_DB4_B/109_6.xyt
18,out/xyt/FVC2002_DB3_B/103_6.xyt,out/xyt/FVC2004_DB2_B/104_3.xyt
18,out/xyt/FVC2000_DB4_B/105_6.xyt,out/xyt/FVC2004_DB2_B/109_1.xyt
18,out/xyt/FVC2000_DB1_B/102_5.xyt,out/xyt/FVC2002_DB4_B/102_7.xyt
18,out/xyt/FVC2000_DB1_B/109_4.xyt,out/xyt/FVC2004_DB2_B/101_5.xyt
18,out/xyt/FVC2002_DB4_B/110_5.xyt,out/xyt/FVC2004_DB2_B/109_4.xyt
18,out/xyt/FVC2002_DB1_B/102_6.xyt,out/xyt/FVC2002_DB4_B/109_8.xyt
18,out/xyt/FVC2002_DB4_B/102_5.xyt,out/xyt/FVC2004_DB4_B/105_2.xyt
18,out/xyt/FVC2000_DB1_B/109_7.xyt,out/xyt/FVC2000_DB2_B/107_4.xyt
18,out/xyt/FVC2000_DB4_B/102_5.xyt,out/xyt/FVC2000_DB4_B/105_6.xyt
18,out/xyt/FVC2000_DB4_B/102_4.xyt,out/xyt/FVC2004_DB2_B/105_7.xyt
18,out/xyt/FVC2000_DB2_B/110_6.xyt,out/xyt/FVC2002_DB2_B/103_7.xyt
18,out/xyt/FVC2002_DB1_B/104_1.xyt,out/xyt/FVC2002_DB2_B/109_3.xyt
18,out/xyt/FVC2002_DB2_B/105_1.xyt,out/xyt/FVC2002_DB4_B/102_5.xyt
18,out/xyt/FVC2002_DB2_B/109_2.xyt,out/xyt/FVC2004_DB1_B/109_6.xyt
18,out/xyt/FVC2002_DB1_B/106_7.xyt,out/xyt/FVC2004_DB1_B/101_7.xyt
18,out/xyt/FVC2002_DB3_B/109_2.xyt,out/xyt/FVC2002_DB4_B/109_3.xyt
18,out/xyt/FVC2004_DB3_B/105_1.xyt,out/xyt/FVC2004_DB4_B/110_7.xyt
18,out/xyt/FVC2000_DB3_B/105_4.xyt,out/xyt/FVC2004_DB1_B/107_8.xyt
18,out/xyt/FVC2002_DB1_B/107_3.xyt,out/xyt/FVC2002_DB2_B/108_3.xyt
18,out/xyt/FVC2002_DB4_B/110_3.xyt,out/xyt/FVC2004_DB4_B/106_8.xyt
18,out/xyt/FVC2002_DB1_B/102_4.xyt,out/xyt/FVC2002_DB1_B/106_3.xyt
18,out/xyt/FVC2000_DB4_B/110_6.xyt,out/xyt/FVC2002_DB4_B/108_6.xyt
18,out/xyt/FVC2000_DB3_B/104_3.xyt,out/xyt/FVC2002_DB2_B/110_3.xyt
18,out/xyt/FVC2000_DB1_B/108_2.xyt,out/xyt/FVC2000_DB2_B/108_6.xyt
18,out/xyt/FVC2002_DB2_B/109_1.xyt,out/xyt/FVC2004_DB2_B/110_4.xyt
18,out/xyt/FVC2002_DB2_B/102_6.xyt,out/xyt/FVC2002_DB4_B/107_3.xyt
18,out/xyt/FVC2000_DB1_B/109_8.xyt,out/xyt/FVC2002_DB4_B/105_8.xyt
18,out/xyt/FVC2000_DB1_B/102_8.xyt,out/xyt/FVC2002_DB4_B/108_2.xyt
18,out/xyt/FVC2000_DB2_B/105_3.xyt,out/xyt/FVC2002_DB4_B/105_3.xyt
18,out/xyt/FVC2002_DB1_B/106_8.xyt,out/xyt/FVC2002_DB2_B/106_5.xyt
18,out/xyt/FVC2004_DB4_B/102_1.xyt,out/xyt/FVC2004_DB4_B/109_1.xyt
18,out/xyt/FVC2000_DB2_B/105_1.xyt,out/xyt/FVC2002_DB2_B/103_2.xyt
18,out/xyt/FVC2000_DB4_B/105_6.xyt,out/xyt/FVC2002_DB4_B/102_7.xyt
18,out/xyt/FVC2002_DB4_B/109_7.xyt,out/xyt/FVC2004_DB3_B/110_7.xyt
18,out/xyt/FVC2002_DB3_B/109_8.xyt,out/xyt/FVC2004_DB1_B/107_4.xyt
18,out/xyt/FVC2000_DB2_B/107_6.xyt,out/xyt/FVC2000_DB4_B/109_6.xyt
18,out/xyt/FVC2002_DB1_B/106_3.xyt,out/xyt/FVC2004_DB1_B/107_1.xyt
18,out/xyt/FVC2002_DB4_B/107_2.xyt,out/xyt/FVC2004_DB4_B/108_1.xyt
18,out/xyt/FVC2000_DB4_B/105_7.xyt,out/xyt/FVC2002_DB1_B/107_3.xyt
18,out/xyt/FVC2000_DB1_B/102_1.xyt,out/xyt/FVC2004_DB1_B/107_8.xyt
18,out/xyt/FVC2002_DB2_B/101_7.xyt,out/xyt/FVC2002_DB2_B/104_7.xyt
18,out/xyt/FVC2002_DB1_B/110_2.xyt,out/xyt/FVC2002_DB4_B/110_6.xyt
18,out/xyt/FVC2002_DB4_B/109_1.xyt,out/xyt/FVC2004_DB1_B/107_2.xyt
18,out/xyt/FVC2000_DB2_B/102_7.xyt,out/xyt/FVC2002_DB1_B/104_2.xyt
18,out/xyt/FVC2002_DB3_B/109_4.xyt,out/xyt/FVC2002_DB4_B/109_8.xyt
18,out/xyt/FVC2000_DB4_B/103_4.xyt,out/xyt/FVC2002_DB4_B/102_4.xyt
18,out/xyt/FVC2000_DB4_B/110_5.xyt,out/xyt/FVC2004_DB4_B/103_5.xyt
18,out/xyt/FVC2000_DB1_B/106_7.xyt,out/xyt/FVC2002_DB3_B/105_4.xyt
18,out/xyt/FVC2002_DB2_B/101_8.xyt,out/xyt/FVC2002_DB2_B/110_6.xyt
18,out/xyt/FVC2000_DB1_B/108_5.xyt,out/xyt/FVC2002_DB4_B/109_5.xyt
18,out/xyt/FVC2000_DB1_B/109_3.xyt,out/xyt/FVC2004_DB4_B/106_7.xyt
18,out/xyt/FVC2002_DB1_B/104_4.xyt,out/xyt/FVC2002_DB2_B/109_3.xyt
18,out/xyt/FVC2000_DB1_B/105_8.xyt,out/xyt/FVC2004_DB2_B/102_6.xyt
18,out/xyt/FVC2002_DB4_B/109_5.xyt,out/xyt/FVC2004_DB4_B/105_8.xyt
18,out/xyt/FVC2000_DB1_B/102_8.xyt,out/xyt/FVC2000_DB4_B/102_1.xyt
18,out/xyt/FVC2002_DB1_B/107_7.xyt,out/xyt/FVC2002_DB2_B/108_1.xyt
18,out/xyt/FVC2002_DB3_B/107_5.xyt,out/xyt/FVC2004_DB4_B/108_2.xyt
18,out/xyt/FVC2002_DB2_B/101_4.xyt,out/xyt/FVC2002_DB2_B/110_6.xyt
18,out/xyt/FVC2000_DB1_B/106_1.xyt,out/xyt/FVC2002_DB4_B/109_4.xyt
18,out/xyt/FVC2000_DB4_B/110_5.xyt,out/xyt/FVC2002_DB4_B/102_4.xyt
18,out/xyt/FVC2002_DB3_B/104_4.xyt,out/xyt/FVC2002_DB3_B/109_5.xyt
18,out/xyt/FVC2002_DB2_B/109_1.xyt,out/xyt/FVC2004_DB4_B/108_8.xyt
18,out/xyt/FVC2002_DB2_B/101_2.xyt,out/xyt/FVC2002_DB4_B/102_7.xyt
18,out/xyt/FVC2000_DB2_B/104_8.xyt,out/xyt/FVC2002_DB1_B/107_6.xyt
18,out/xyt/FVC2000_DB2_B/104_1.xyt,out/xyt/FVC2004_DB1_B/104_6.xyt
18,out/xyt/FVC2000_DB2_B/102_4.xyt,out/xyt/FVC2004_DB2_B/108_3.xyt
18,out/xyt/FVC2000_DB4_B/103_7.xyt,out/xyt/FVC2004_DB3_B/105_6.xyt
18,out/xyt/FVC2000_DB4_B/109_6.xyt,out/xyt/FVC2004_DB4_B/110_6.xyt
18,out/xyt/FVC2000_DB1_B/107_6.xyt,out/xyt/FVC2002_DB4_B/102_5.xyt
18,out/xyt/FVC2002_DB4_B/108_2.xyt,out/xyt/FVC2004_DB1_B/101_1.xyt
18,out/xyt/FVC2002_DB3_B/103_3.xyt,out/xyt/FVC2004_DB1_B/108_6.xyt
18,out/xyt/FVC2002_DB1_B/106_3.xyt,out/xyt/FVC2004_DB1_B/104_6.xyt
18,out/xyt/FVC2000_DB1_B/109_1.xyt,out/xyt/FVC2002_DB1_B/106_1.xyt
18,out/xyt/FVC2000_DB1_B/109_5.xyt,out/xyt/FVC2000_DB2_B/109_1.xyt
18,out/xyt/FVC2000_DB4_B/109_3.xyt,out/xyt/FVC2004_DB2_B/108_7.xyt
18,out/xyt/FVC2002_DB2_B/108_3.xyt,out/xyt/FVC2004_DB1_B/108_5.xyt
18,out/xyt/FVC2002_DB1_B/102_2.xyt,out/xyt/FVC2002_DB1_B/105_8.xyt
18,out/xyt/FVC2000_DB1_B/109_5.xyt,out/xyt/FVC2004_DB1_B/106_2.xyt
18,out/xyt/FVC2000_DB1_B/109_6.xyt,out/xyt/FVC2002_DB1_B/106_7.xyt
18,out/xyt/FVC2000_DB4_B/103_1.xyt,out/xyt/FVC2002_DB4_B/110_7.xyt
18,out/xyt/FVC2004_DB2_B/109_6.xyt,out/xyt/FVC2004_DB2_B/110_6.xyt
18,out/xyt/FVC2000_DB4_B/101_4.xyt,out/xyt/FVC2002_DB1_B/106_8.xyt
18,out/xyt/FVC2002_DB4_B/102_4.xyt,out/xyt/FVC2004_DB4_B/105_3.xyt
18,out/xyt/FVC2002_DB1_B/107_3.xyt,out/xyt/FVC2002_DB2_B/106_2.xyt
18,out/xyt/FVC2002_DB2_B/103_7.xyt,out/xyt/FVC2004_DB4_B/106_8.xyt
18,out/xyt/FVC2002_DB1_B/102_7.xyt,out/xyt/FVC2002_DB3_B/109_1.xyt
18,out/xyt/FVC2002_DB1_B/106_5.xyt,out/xyt/FVC2002_DB2_B/108_2.xyt
18,out/xyt/FVC2002_DB1_B/106_8.xyt,out/xyt/FVC2004_DB1_B/101_7.xyt
18,out/xyt/FVC2002_DB1_B/110_5.xyt,out/xyt/FVC2004_DB1_B/108_3.xyt
18,out/xyt/FVC2002_DB4_B/105_5.xyt,out/xyt/FVC2004_DB4_B/103_4.xyt
18,out/xyt/FVC2000_DB2_B/109_1.xyt,out/xyt/FVC2004_DB2_B/107_7.xyt
18,out/xyt/FVC2002_DB1_B/106_5.xyt,out/xyt/FVC2004_DB4_B/106_8.xyt
18,out/xyt/FVC2000_DB1_B/104_8.xyt,out/xyt/FVC2004_DB4_B/110_1.xyt
18,out/xyt/FVC2000_DB4_B/110_8.xyt,out/xyt/FVC2004_DB4_B/108_1.xyt
18,out/xyt/FVC2000_DB4_B/109_6.xyt,out/xyt/FVC2002_DB4_B/101_3.xyt
18,out/xyt/FVC2000_DB1_B/107_4.xyt,out/xyt/FVC2002_DB3_B/109_7.xyt
18,out/xyt/FVC2000_DB1_B/108_5.xyt,out/xyt/FVC2004_DB2_B/103_7.xyt
18,out/xyt/FVC2000_DB2_B/102_1.xyt,out/xyt/FVC2004_DB1_B/104_5.xyt
18,out/xyt/FVC2000_DB1_B/103_1.xyt,out/xyt/FVC2002_DB3_B/105_4.xyt
18,out/xyt/FVC2000_DB1_B/109_4.xyt,out/xyt/FVC2000_DB2_B/105_2.xyt
18,out/xyt/FVC2000_DB1_B/103_7.xyt,out/xyt/FVC2000_DB1_B/105_3.xyt
18,out/xyt/FVC2002_DB1_B/107_1.xyt,out/xyt/FVC2002_DB4_B/103_3.xyt
18,out/xyt/FVC2002_DB1_B/102_7.xyt,out/xyt/FVC2004_DB4_B/108_4.xyt
18,out/xyt/FVC2002_DB1_B/102_1.xyt,out/xyt/FVC2002_DB4_B/109_8.xyt
18,out/xyt/FVC2002_DB1_B/101_7.xyt,out/xyt/FVC2004_DB2_B/102_6.xyt
18,out/xyt/FVC2002_DB1_B/102_1.xyt,out/xyt/FVC2002_DB2_B/109_5.xyt
18,out/xyt/FVC2002_DB2_B/102_2.xyt,out/xyt/FVC2002_DB2_B/106_5.xyt
18,out/xyt/FVC2000_DB2_B/109_5.xyt,out/xyt/FVC2000_DB4_B/109_1.xyt
18,out/xyt/FVC2000_DB1_B/101_1.xyt,out/xyt/FVC2000_DB2_B/101_1.xyt
18,out/xyt/FVC2000_DB4_B/110_1.xyt,out/xyt/FVC2002_DB4_B/102_2.xyt
18,out/xyt/FVC2000_DB2_B/109_1.xyt,out/xyt/FVC2002_DB1_B/106_3.xyt
18,out/xyt/FVC2000_DB3_B/102_3.xyt,out/xyt/FVC2004_DB3_B/102_3.xyt
18,out/xyt/FVC2000_DB4_B/109_6.xyt,out/xyt/FVC2004_DB2_B/108_1.xyt
18,out/xyt/FVC2004_DB1_B/103_1.xyt,out/xyt/FVC2004_DB1_B/107_6.xyt
18,out/xyt/FVC2002_DB2_B/105_3.xyt,out/xyt/FVC2002_DB4_B/102_5.xyt
18,out/xyt/FVC2000_DB3_B/104_3.xyt,out/xyt/FVC2002_DB3_B/108_4.xyt
18,out/xyt/FVC2000_DB1_B/105_7.xyt,out/xyt/FVC2002_DB1_B/106_5.xyt
18,out/xyt/FVC2002_DB2_B/108_1.xyt,out/xyt/FVC2004_DB4_B/106_6.xyt
18,out/xyt/FVC2000_DB1_B/106_2.xyt,out/xyt/FVC2002_DB4_B/110_4.xyt
18,out/xyt/FVC2000_DB1_B/105_8.xyt,out/xyt/FVC2000_DB2_B/105_1.xyt
18,out/xyt/FVC2000_DB4_B/110_4.xyt,out/xyt/FVC2002_DB4_B/105_1.xyt
18,out/xyt/FVC2002_DB1_B/106_8.xyt,out/xyt/FVC2002_DB4_B/102_5.xyt
18,out/xyt/FVC2002_DB1_B/105_6.xyt,out/xyt/FVC2004_DB4_B/108_5.xyt
18,out/xyt/FVC2000_DB4_B/106_7.xyt,out/xyt/FVC2004_DB2_B/104_2.xyt
18,out/xyt/FVC2000_DB4_B/103_7.xyt,out/xyt/FVC2002_DB4_B/102_8.xyt
18,out/xyt/FVC2000_DB1_B/108_6.xyt,out/xyt/FVC2002_DB4_B/105_3.xyt
18,out/xyt/FVC2000_DB4_B/102_2.xyt,out/xyt/FVC2004_DB1_B/104_6.xyt
18,out/xyt/FVC2002_DB2_B/106_3.xyt,out/xyt/FVC2004_DB2_B/108_4.xyt
18,out/xyt/FVC2000_DB1_B/106_1.xyt,out/xyt/FVC2004_DB2_B/102_1.xyt
18,out/xyt/FVC2000_DB2_B/105_3.xyt,out/xyt/FVC2004_DB1_B/102_5.xyt
18,out/xyt/FVC2002_DB1_B/109_7.xyt,out/xyt/FVC2002_DB3_B/109_4.xyt
18,out/xyt/FVC2002_DB2_B/108_1.xyt,out/xyt/FVC2004_DB4_B/108_5.xyt
18,out/xyt/FVC2000_DB4_B/110_8.xyt,out/xyt/FVC2002_DB4_B/102_7.xyt
18,out/xyt/FVC2002_DB2_B/108_1.xyt,out/xyt/FVC2004_DB1_B/102_8.xyt
18,out/xyt/FVC2002_DB3_B/109_1.xyt,out/xyt/FVC2004_DB4_B/104_7.xyt
18,out/xyt/FVC2000_DB1_B/108_6.xyt,out/xyt/FVC2000_DB2_B/102_5.xyt
18,out/xyt/FVC2000_DB1_B/108_6.xyt,out/xyt/FVC2000_DB2_B/102_4.xyt
18,out/xyt/FVC2000_DB2_B/105_4.xyt,out/xyt/FVC2002_DB2_B/105_4.xyt
18,out/xyt/FVC2002_DB3_B/108_8.xyt,out/xyt/FVC2002_DB3_B/109_7.xyt
18,out/xyt/FVC2000_DB1_B/108_6.xyt,out/xyt/FVC2002_DB4_B/105_8.xyt
18,out/xyt/FVC2002_DB4_B/102_8.xyt,out/xyt/FVC2002_DB4_B/110_5.xyt
18,out/xyt/FVC2002_DB2_B/105_6.xyt,out/xyt/FVC2002_DB4_B/110_4.xyt
18,out/xyt/FVC2000_DB4_B/109_6.xyt,out/xyt/FVC2002_DB3_B/110_2.xyt
18,out/xyt/FVC2004_DB1_B/103_4.xyt,out/xyt/FVC2004_DB4_B/105_8.xyt
18,out/xyt/FVC2002_DB4_B/110_5.xyt,out/xyt/FVC2004_DB4_B/105_8.xyt
18,out/xyt/FVC2000_DB1_B/104_6.xyt,out/xyt/FVC2004_DB2_B/102_6.xyt
18,out/xyt/FVC2000_DB2_B/105_1.xyt,out/xyt/FVC2002_DB4_B/101_4.xyt
18,out/xyt/FVC2000_DB1_B/109_7.xyt,out/xyt/FVC2004_DB2_B/110_2.xyt
18,out/xyt/FVC2000_DB4_B/103_6.xyt,out/xyt/FVC2002_DB4_B/102_3.xyt
18,out/xyt/FVC2004_DB2_B/104_1.xyt,out/xyt/FVC2004_DB3_B/108_7.xyt
18,out/xyt/FVC2002_DB4_B/103_5.xyt,out/xyt/FVC2004_DB3_B/105_5.xyt
18,out/xyt/FVC2002_DB1_B/105_1.xyt,out/xyt/FVC2002_DB4_B/101_5.xyt
18,out/xyt/FVC2000_DB2_B/104_4.xyt,out/xyt/FVC2004_DB4_B/110_1.xyt
18,out/xyt/FVC2002_DB1_B/102_7.xyt,out/xyt/FVC2002_DB2_B/103_8.xyt
18,out/xyt/FVC2004_DB2_B/109_2.xyt,out/xyt/FVC2004_DB2_B/110_5.xyt
18,out/xyt/FVC2004_DB3_B/104_8.xyt,out/xyt/FVC2004_DB4_B/101_2.xyt
18,out/xyt/FVC2002_DB2_B/106_3.xyt,out/xyt/FVC2002_DB4_B/110_5.xyt
18,out/xyt/FVC2002_DB1_B/106_1.xyt,out/xyt/FVC2004_DB4_B/102_1.xyt
18,out/xyt/FVC2002_DB2_B/102_5.xyt,out/xyt/FVC2002_DB2_B/106_5.xyt
18,out/xyt/FVC2002_DB4_B/110_6.xyt,out/xyt/FVC2004_DB4_B/103_6.xyt
18,out/xyt/FVC2002_DB4_B/108_2.xyt,out/xyt/FVC2004_DB3_B/101_6.xyt
18,out/xyt/FVC2002_DB1_B/107_2.xyt,out/xyt/FVC2002_DB2_B/105_8.xyt
18,out/xyt/FVC2000_DB1_B/107_5.xyt,out/xyt/FVC2002_DB2_B/105_7.xyt
18,out/xyt/FVC2000_DB2_B/105_4.xyt,out/xyt/FVC2002_DB2_B/105_8.xyt
18,out/xyt/FVC2002_DB4_B/102_5.xyt,out/xyt/FVC2004_DB4_B/110_8.xyt
18,out/xyt/FVC2002_DB4_B/107_5.xyt,out/xyt/FVC2004_DB4_B/109_3.xyt
18,out/xyt/FVC2000_DB1_B/109_3.xyt,out/xyt/FVC2002_DB1_B/106_7.xyt
18,out/xyt/FVC2002_DB4_B/108_2.xyt,out/xyt/FVC2004_DB4_B/106_3.xyt
18,out/xyt/FVC2000_DB3_B/108_7.xyt,out/xyt/FVC2004_DB2_B/107_2.xyt
18,out/xyt/FVC2000_DB4_B/109_6.xyt,out/xyt/FVC2002_DB1_B/102_4.xyt
18,out/xyt/FVC2004_DB1_B/101_6.xyt,out/xyt/FVC2004_DB2_B/103_6.xyt
18,out/xyt/FVC2000_DB4_B/109_5.xyt,out/xyt/FVC2002_DB4_B/103_8.xyt
18,out/xyt/FVC2002_DB1_B/107_3.xyt,out/xyt/FVC2004_DB4_B/110_1.xyt
18,out/xyt/FVC2000_DB2_B/106_1.xyt,out/xyt/FVC2002_DB1_B/109_5.xyt
18,out/xyt/FVC2002_DB4_B/102_2.xyt,out/xyt/FVC2004_DB4_B/105_8.xyt
18,out/xyt/FVC2004_DB1_B/103_3.xyt,out/xyt/FVC2004_DB1_B/104_4.xyt
18,out/xyt/FVC2000_DB1_B/109_5.xyt,out/xyt/FVC2004_DB3_B/106_2.xyt
18,out/xyt/FVC2004_DB2_B/102_1.xyt,out/xyt/FVC2004_DB4_B/108_2.xyt
18,out/xyt/FVC2002_DB2_B/103_2.xyt,out/xyt/FVC2002_DB4_B/107_2.xyt
18,out/xyt/FVC2002_DB1_B/110_5.xyt,out/xyt/FVC2002_DB3_B/108_8.xyt
18,out/xyt/FVC2002_DB4_B/101_5.xyt,out/xyt/FVC2002_DB4_B/106_6.xyt
18,out/xyt/FVC2000_DB4_B/102_1.xyt,out/xyt/FVC2004_DB2_B/108_4.xyt
18,out/xyt/FVC2000_DB2_B/104_6.xyt,out/xyt/FVC2002_DB4_B/108_6.xyt
18,out/xyt/FVC2000_DB2_B/102_7.xyt,out/xyt/FVC2002_DB1_B/102_4.xyt
18,out/xyt/FVC2000_DB1_B/106_7.xyt,out/xyt/FVC2004_DB2_B/105_6.xyt
18,out/xyt/FVC2000_DB3_B/107_4.xyt,out/xyt/FVC2004_DB3_B/102_7.xyt
18,out/xyt/FVC2002_DB2_B/108_4.xyt,out/xyt/FVC2002_DB4_B/103_4.xyt
18,out/xyt/FVC2002_DB4_B/105_4.xyt,out/xyt/FVC2004_DB1_B/102_5.xyt
18,out/xyt/FVC2000_DB4_B/106_2.xyt,out/xyt/FVC2004_DB2_B/104_1.xyt
18,out/xyt/FVC2002_DB4_B/102_4.xyt,out/xyt/FVC2004_DB4_B/105_8.xyt
18,out/xyt/FVC2004_DB1_B/101_7.xyt,out/xyt/FVC2004_DB4_B/106_7.xyt
18,out/xyt/FVC2000_DB4_B/103_5.xyt,out/xyt/FVC2002_DB4_B/102_6.xyt
18,out/xyt/FVC2000_DB2_B/102_8.xyt,out/xyt/FVC2000_DB4_B/102_2.xyt
18,out/xyt/FVC2004_DB2_B/101_3.xyt,out/xyt/FVC2004_DB2_B/110_4.xyt
18,out/xyt/FVC2002_DB4_B/107_5.xyt,out/xyt/FVC2004_DB4_B/106_3.xyt
18,out/xyt/FVC2002_DB2_B/105_7.xyt,out/xyt/FVC2002_DB4_B/108_1.xyt
18,out/xyt/FVC2002_DB2_B/108_8.xyt,out/xyt/FVC2002_DB4_B/103_2.xyt
18,out/xyt/FVC2000_DB4_B/109_4.xyt,out/xyt/FVC2002_DB4_B/109_3.xyt
18,out/xyt/FVC2002_DB1_B/102_2.xyt,out/xyt/FVC2002_DB1_B/105_4.xyt
18,out/xyt/FVC2002_DB2_B/108_8.xyt,out/xyt/FVC2004_DB4_B/105_5.xyt
18,out/xyt/FVC2000_DB4_B/108_7.xyt,out/xyt/FVC2002_DB2_B/105_7.xyt
18,out/xyt/FVC2004_DB4_B/101_5.xyt,out/xyt/FVC2004_DB4_B/102_7.xyt
18,out/xyt/FVC2002_DB4_B/101_8.xyt,out/xyt/FVC2004_DB3_B/105_5.xyt
18,out/xyt/FVC2000_DB2_B/109_2.xyt,out/xyt/FVC2004_DB3_B/102_7.xyt
18,out/xyt/FVC2000_DB2_B/104_2.xyt,out/xyt/FVC2004_DB2_B/104_1.xyt
18,out/xyt/FVC2000_DB1_B/104_2.xyt,out/xyt/FVC2002_DB1_B/107_3.xyt
18,out/xyt/FVC2000_DB1_B/109_5.xyt,out/xyt/FVC2002_DB4_B/110_5.xyt
18,out/xyt/FVC2000_DB4_B/108_5.xyt,out/xyt/FVC2004_DB1_B/103_4.xyt
18,out/xyt/FVC2000_DB4_B/103_7.xyt,out/xyt/FVC2002_DB4_B/105_4.xyt
18,out/xyt/FVC2002_DB1_B/104_4.xyt,out/xyt/FVC2004_DB1_B/108_3.xyt
18,out/xyt/FVC2000_DB4_B/109_7.xyt,out/xyt/FVC2002_DB2_B/106_7.xyt
18,out/xyt/FVC2000_DB1_B/106_2.xyt,out/xyt/FVC2000_DB1_B/109_4.xyt
18,out/xyt/FVC2002_DB4_B/105_3.xyt,out/xyt/FVC2004_DB4_B/103_4.xyt
18,out/xyt/FVC2002_DB1_B/105_6.xyt,out/xyt/FVC2002_DB2_B/103_7.xyt
18,out/xyt/FVC2000_DB2_B/107_7.xyt,out/xyt/FVC2002_DB3_B/109_7.xyt
18,out/xyt/FVC2000_DB4_B/109_2.xyt,out/xyt/FVC2004_DB2_B/104_1.xyt
18,out/xyt/FVC2000_DB4_B/109_6.xyt,out/xyt/FVC2002_DB4_B/102_5.xyt
18,out/xyt/FVC2002_DB4_B/102_2.xyt,out/xyt/FVC2002_DB4_B/110_1.xyt
18,out/xyt/FVC2002_DB2_B/106_3.xyt,out/xyt/FVC2004_DB4_B/110_6.xyt
18,out/xyt/FVC2002_DB1_B/107_5.xyt,out/xyt/FVC2002_DB2_B/108_1.xyt
18,out/xyt/FVC2000_DB2_B/104_3.xyt,out/xyt/FVC2002_DB1_B/107_1.xyt
18,out/xyt/FVC2002_DB1_B/102_4.xyt,out/xyt/FVC2002_DB4_B/109_8.xyt
18,out/xyt/FVC2002_DB2_B/110_6.xyt,out/xyt/FVC2002_DB4_B/102_5.xyt
18,out/xyt/FVC2002_DB2_B/109_5.xyt,out/xyt/FVC2002_DB4_B/107_2.xyt
18,out/xyt/FVC2000_DB4_B/107_6.xyt,out/xyt/FVC2002_DB1_B/110_4.xyt
18,out/xyt/FVC2000_DB2_B/104_7.xyt,out/xyt/FVC2002_DB1_B/101_6.xyt
18,out/xyt/FVC2004_DB1_B/108_7.xyt,out/xyt/FVC2004_DB2_B/104_7.xyt
18,out/xyt/FVC2000_DB2_B/102_2.xyt,out/xyt/FVC2004_DB2_B/104_1.xyt
18,out/xyt/FVC2000_DB1_B/104_1.xyt,out/xyt/FVC2002_DB1_B/106_5.xyt
18,out/xyt/FVC2000_DB4_B/102_5.xyt,out/xyt/FVC2002_DB2_B/103_1.xyt
18,out/xyt/FVC2000_DB1_B/106_8.xyt,out/xyt/FVC2002_DB1_B/105_7.xyt
18,out/xyt/FVC2000_DB1_B/109_5.xyt,out/xyt/FVC2002_DB2_B/106_3.xyt
18,out/xyt/FVC2002_DB3_B/104_1.xyt,out/xyt/FVC2004_DB1_B/109_4.xyt
18,out/xyt/FVC2000_DB1_B/105_6.xyt,out/xyt/FVC2002_DB1_B/107_1.xyt
18,out/xyt/FVC2000_DB4_B/103_5.xyt,out/xyt/FVC2002_DB4_B/103_3.xyt
18,out/xyt/FVC2004_DB3_B/108_7.xyt,out/xyt/FVC2004_DB3_B/110_1.xyt
18,out/xyt/FVC2002_DB2_B/103_8.xyt,out/xyt/FVC2004_DB1_B/104_1.xyt
18,out/xyt/FVC2000_DB1_B/109_3.xyt,out/xyt/FVC2004_DB3_B/105_3.xyt
18,out/xyt/FVC2000_DB1_B/108_5.xyt,out/xyt/FVC2002_DB2_B/101_7.xyt
18,out/xyt/FVC2002_DB1_B/102_1.xyt,out/xyt/FVC2004_DB2_B/104_1.xyt
18,out/xyt/FVC2000_DB2_B/105_8.xyt,out/xyt/FVC2002_DB1_B/110_8.xyt
18,out/xyt/FVC2000_DB1_B/109_7.xyt,out/xyt/FVC2004_DB2_B/106_8.xyt
18,out/xyt/FVC2002_DB1_B/102_4.xyt,out/xyt/FVC2002_DB1_B/106_7.xyt
18,out/xyt/FVC2004_DB1_B/102_8.xyt,out/xyt/FVC2004_DB2_B/102_6.xyt
18,out/xyt/FVC2002_DB1_B/104_2.xyt,out/xyt/FVC2002_DB1_B/105_7.xyt
18,out/xyt/FVC2000_DB4_B/109_5.xyt,out/xyt/FVC2002_DB2_B/109_1.xyt
18,out/xyt/FVC2002_DB4_B/106_8.xyt,out/xyt/FVC2004_DB4_B/105_8.xyt
18,out/xyt/FVC2002_DB4_B/110_8.xyt,out/xyt/FVC2004_DB1_B/109_1.xyt
18,out/xyt/FVC2002_DB2_B/102_5.xyt,out/xyt/FVC2002_DB2_B/106_7.xyt
18,out/xyt/FVC2002_DB3_B/105_1.xyt,out/xyt/FVC2004_DB1_B/102_5.xyt
18,out/xyt/FVC2000_DB1_B/102_5.xyt,out/xyt/FVC2002_DB1_B/102_7.xyt
18,out/xyt/FVC2002_DB4_B/107_5.xyt,out/xyt/FVC2004_DB4_B/108_4.xyt
18,out/xyt/FVC2000_DB4_B/102_7.xyt,out/xyt/FVC2002_DB4_B/110_5.xyt
18,out/xyt/FVC2002_DB4_B/101_4.xyt,out/xyt/FVC2002_DB4_B/110_4.xyt
18,out/xyt/FVC2002_DB2_B/108_7.xyt,out/xyt/FVC2004_DB2_B/109_1.xyt
18,out/xyt/FVC2000_DB4_B/109_4.xyt,out/xyt/FVC2004_DB4_B/106_7.xyt
18,out/xyt/FVC2004_DB2_B/104_1.xyt,out/xyt/FVC2004_DB3_B/108_6.xyt
18,out/xyt/FVC2002_DB1_B/105_5.xyt,out/xyt/FVC2002_DB3_B/107_2.xyt
18,out/xyt/FVC2000_DB2_B/106_5.xyt,out/xyt/FVC2002_DB1_B/109_7.xyt
18,out/xyt/FVC2000_DB4_B/103_7.xyt,out/xyt/FVC2002_DB4_B/101_7.xyt
18,out/xyt/FVC2004_DB1_B/108_4.xyt,out/xyt/FVC2004_DB2_B/104_1.xyt
18,out/xyt/FVC2000_DB4_B/109_7.xyt,out/xyt/FVC2004_DB4_B/109_3.xyt
18,out/xyt/FVC2000_DB4_B/103_6.xyt,out/xyt/FVC2004_DB1_B/103_6.xyt
18,out/xyt/FVC2004_DB4_B/106_7.xyt,out/xyt/FVC2004_DB4_B/110_6.xyt
18,out/xyt/FVC2002_DB2_B/105_6.xyt,out/xyt/FVC2002_DB4_B/108_2.xyt
18,out/xyt/FVC2002_DB4_B/101_4.xyt,out/xyt/FVC2004_DB4_B/105_5.xyt
18,out/xyt/FVC2000_DB2_B/105_3.xyt,out/xyt/FVC2004_DB2_B/109_6.xyt
18,out/xyt/FVC2002_DB1_B/102_1.xyt,out/xyt/FVC2002_DB4_B/108_2.xyt
18,out/xyt/FVC2002_DB4_B/101_1.xyt,out/xyt/FVC2002_DB4_B/110_8.xyt
18,out/xyt/FVC2000_DB1_B/108_6.xyt,out/xyt/FVC2002_DB3_B/104_1.xyt
18,out/xyt/FVC2002_DB4_B/107_4.xyt,out/xyt/FVC2004_DB4_B/108_8.xyt
18,out/xyt/FVC2002_DB4_B/102_2.xyt,out/xyt/FVC2002_DB4_B/110_4.xyt
18,out/xyt/FVC2002_DB1_B/105_2.xyt,out/xyt/FVC2002_DB3_B/103_6.xyt
18,out/xyt/FVC2000_DB1_B/109_4.xyt,out/xyt/FVC2004_DB1_B/101_7.xyt
18,out/xyt/FVC2002_DB1_B/107_6.xyt,out/xyt/FVC2004_DB4_B/110_3.xyt
18,out/xyt/FVC2002_DB2_B/107_3.xyt,out/xyt/FVC2002_DB3_B/109_2.xyt
18,out/xyt/FVC2000_DB4_B/103_7.xyt,out/xyt/FVC2002_DB4_B/110_7.xyt
18,out/xyt/FVC2000_DB1_B/106_3.xyt,out/xyt/FVC2000_DB1_B/108_5.xyt
18,out/xyt/FVC2000_DB2_B/104_5.xyt,out/xyt/FVC2002_DB4_B/108_6.xyt
18,out/xyt/FVC2002_DB2_B/102_5.xyt,out/xyt/FVC2002_DB2_B/108_2.xyt
18,out/xyt/FVC2000_DB1_B/102_8.xyt,out/xyt/FVC2000_DB2_B/107_8.xyt
18,out/xyt/FVC2004_DB4_B/106_2.xyt,out/xyt/FVC2004_DB4_B/108_8.xyt
18,out/xyt/FVC2002_DB1_B/102_1.xyt,out/xyt/FVC2002_DB2_B/105_2.xyt
18,out/xyt/FVC2002_DB1_B/102_3.xyt,out/xyt/FVC2004_DB1_B/104_1.xyt
18,out/xyt/FVC2000_DB2_B/102_4.xyt,out/xyt/FVC2002_DB1_B/106_8.xyt
18,out/xyt/FVC2000_DB3_B/101_3.xyt,out/xyt/FVC2004_DB3_B/102_7.xyt
18,out/xyt/FVC2000_DB1_B/109_1.xyt,out/xyt/FVC2004_DB1_B/110_6.xyt
18,out/xyt/FVC2002_DB2_B/103_5.xyt,out/xyt/FVC2004_DB2_B/109_5.xyt
18,out/xyt/FVC2000_DB2_B/103_2.xyt,out/xyt/FVC2004_DB3_B/105_2.xyt
18,out/xyt/FVC2000_DB4_B/110_5.xyt,out/xyt/FVC2002_DB2_B/108_8.xyt
18,out/xyt/FVC2002_DB3_B/110_1.xyt,out/xyt/FVC2004_DB4_B/110_1.xyt
18,out/xyt/FVC2000_DB1_B/106_3.xyt,out/xyt/FVC2000_DB1_B/109_4.xyt
18,out/xyt/FVC2002_DB4_B/110_1.xyt,out/xyt/FVC2004_DB4_B/106_7.xyt
18,out/xyt/FVC2002_DB3_B/104_1.xyt,out/xyt/FVC2004_DB1_B/107_4.xyt
18,out/xyt/FVC2000_DB3_B/104_8.xyt,out/xyt/FVC2004_DB3_B/102_4.xyt
18,out/xyt/FVC2000_DB2_B/109_4.xyt,out/xyt/FVC2002_DB3_B/108_5.xyt
18,out/xyt/FVC2002_DB3_B/109_2.xyt,out/xyt/FVC2004_DB1_B/103_1.xyt
18,out/xyt/FVC2000_DB2_B/104_4.xyt,out/xyt/FVC2002_DB4_B/110_5.xyt
18,out/xyt/FVC2002_DB4_B/103_5.xyt,out/xyt/FVC2004_DB2_B/104_2.xyt
18,out/xyt/FVC2004_DB1_B/104_1.xyt,out/xyt/FVC2004_DB1_B/108_4.xyt
18,out/xyt/FVC2002_DB1_B/106_3.xyt,out/xyt/FVC2004_DB4_B/102_6.xyt
18,out/xyt/FVC2004_DB1_B/104_1.xyt,out/xyt/FVC2004_DB4_B/105_5.xyt
18,out/xyt/FVC2004_DB1_B/103_3.xyt,out/xyt/FVC2004_DB1_B/104_7.xyt
18,out/xyt/FVC2000_DB2_B/107_3.xyt,out/xyt/FVC2002_DB1_B/110_3.xyt
18,out/xyt/FVC2000_DB2_B/109_8.xyt,out/xyt/FVC2004_DB1_B/110_6.xyt
18,out/xyt/FVC2000_DB1_B/107_6.xyt,out/xyt/FVC2002_DB4_B/105_7.xyt
18,out/xyt/FVC2002_DB4_B/110_2.xyt,out/xyt/FVC2004_DB1_B/104_3.xyt
18,out/xyt/FVC2002_DB2_B/106_5.xyt,out/xyt/FVC2004_DB2_B/108_8.xyt
18,out/xyt/FVC2002_DB1_B/102_1.xyt,out/xyt/FVC2002_DB2_B/109_1.xyt
18,out/xyt/FVC2002_DB1_B/105_1.xyt,out/xyt/FVC2002_DB4_B/103_4.xyt
18,out/xyt/FVC2002_DB2_B/108_3.xyt,out/xyt/FVC2004_DB4_B/105_7.xyt
18,out/xyt/FVC2000_DB1_B/107_6.xyt,out/xyt/FVC2000_DB1_B/109_7.xyt
18,out/xyt/FVC2002_DB1_B/109_7.xyt,out/xyt/FVC2002_DB2_B/108_7.xyt
18,out/xyt/FVC2000_DB1_B/106_7.xyt,out/xyt/FVC2000_DB3_B/110_6.xyt
18,out/xyt/FVC2002_DB4_B/102_3.xyt,out/xyt/FVC2004_DB1_B/104_1.xyt
18,out/xyt/FVC2002_DB1_B/104_4.xyt,out/xyt/FVC2004_DB2_B/104_6.xyt
18,out/xyt/FVC2000_DB1_B/109_7.xyt,out/xyt/FVC2002_DB3_B/109_4.xyt
18,out/xyt/FVC2002_DB3_B/103_6.xyt,out/xyt/FVC2004_DB2_B/108_3.xyt
18,out/xyt/FVC2002_DB3_B/109_1.xyt,out/xyt/FVC2002_DB4_B/110_3.xyt
18,out/xyt/FVC2000_DB1_B/109_3.xyt,out/xyt/FVC2002_DB4_B/103_7.xyt
18,out/xyt/FVC2002_DB4_B/109_5.xyt,out/xyt/FVC2004_DB1_B/101_2.xyt
18,out/xyt/FVC2002_DB1_B/102_2.xyt,out/xyt/FVC2004_DB4_B/104_7.xyt
18,out/xyt/FVC2002_DB1_B/102_6.xyt,out/xyt/FVC2004_DB4_B/104_4.xyt
18,out/xyt/FVC2000_DB4_B/102_1.xyt,out/xyt/FVC2004_DB1_B/103_4.xyt
18,out/xyt/FVC2002_DB1_B/102_7.xyt,out/xyt/FVC2004_DB1_B/104_7.xyt
18,out/xyt/FVC2000_DB3_B/105_4.xyt,out/xyt/FVC2004_DB2_B/109_8.xyt
18,out/xyt/FVC2002_DB2_B/108_8.xyt,out/xyt/FVC2004_DB1_B/108_6.xyt
18,out/xyt/FVC2000_DB2_B/104_3.xyt,out/xyt/FVC2002_DB2_B/105_7.xyt
18,out/xyt/FVC2002_DB2_B/105_5.xyt,out/xyt/FVC2004_DB2_B/108_4.xyt
18,out/xyt/FVC2000_DB1_B/104_3.xyt,out/xyt/FVC2002_DB1_B/110_4.xyt
18,out/xyt/FVC2000_DB4_B/110_6.xyt,out/xyt/FVC2002_DB3_B/109_8.xyt
18,out/xyt/FVC2002_DB4_B/108_6.xyt,out/xyt/FVC2004_DB1_B/106_2.xyt
18,out/xyt/FVC2000_DB1_B/102_3.xyt,out/xyt/FVC2002_DB2_B/109_6.xyt
18,out/xyt/FVC2002_DB2_B/108_1.xyt,out/xyt/FVC2002_DB4_B/103_1.xyt
18,out/xyt/FVC2000_DB1_B/102_8.xyt,out/xyt/FVC2004_DB1_B/101_7.xyt
18,out/xyt/FVC2000_DB1_B/105_3.xyt,out/xyt/FVC2002_DB1_B/106_2.xyt
18,out/xyt/FVC2002_DB1_B/105_8.xyt,out/xyt/FVC2002_DB1_B/109_5.xyt
18,out/xyt/FVC2000_DB1_B/105_1.xyt,out/xyt/FVC2000_DB2_B/107_8.xyt
18,out/xyt/FVC2000_DB4_B/103_7.xyt,out/xyt/FVC2002_DB4_B/105_3.xyt
18,out/xyt/FVC2002_DB2_B/103_5.xyt,out/xyt/FVC2002_DB2_B/108_8.xyt
18,out/xyt/FVC2002_DB1_B/109_3.xyt,out/xyt/FVC2002_DB2_B/101_7.xyt
18,out/xyt/FVC2000_DB1_B/109_4.xyt,out/xyt/FVC2004_DB3_B/105_5.xyt
18,out/xyt/FVC2002_DB2_B/108_1.xyt,out/xyt/FVC2004_DB4_B/105_8.xyt
18,out/xyt/FVC2002_DB3_B/104_7.xyt,out/xyt/FVC2002_DB3_B/109_1.xyt
18,out/xyt/FVC2000_DB1_B/102_6.xyt,out/xyt/FVC2000_DB3_B/103_5.xyt
18,out/xyt/FVC2002_DB4_B/103_7.xyt,out/xyt/FVC2002_DB4_B/110_4.xyt
18,out/xyt/FVC2002_DB3_B/109_4.xyt,out/xyt/FVC2002_DB4_B/109_1.xyt
18,out/xyt/FVC2002_DB4_B/107_5.xyt,out/xyt/FVC2004_DB4_B/108_7.xyt
18,out/xyt/FVC2002_DB1_B/106_6.xyt,out/xyt/FVC2002_DB1_B/109_1.xyt
18,out/xyt/FVC2002_DB1_B/107_2.xyt,out/xyt/FVC2002_DB4_B/103_3.xyt
18,out/xyt/FVC2002_DB2_B/104_2.xyt,out/xyt/FVC2004_DB4_B/104_3.xyt
18,out/xyt/FVC2000_DB1_B/106_6.xyt,out/xyt/FVC2000_DB1_B/109_3.xyt
18,out/xyt/FVC2002_DB4_B/105_7.xyt,out/xyt/FVC2002_DB4_B/110_3.xyt
18,out/xyt/FVC2002_DB4_B/107_3.xyt,out/xyt/FVC2004_DB4_B/108_2.xyt
18,out/xyt/FVC2004_DB4_B/103_4.xyt,out/xyt/FVC2004_DB4_B/109_6.xyt
18,out/xyt/FVC2000_DB4_B/102_5.xyt,out/xyt/FVC2002_DB1_B/102_1.xyt
18,out/xyt/FVC2004_DB2_B/107_1.xyt,out/xyt/FVC2004_DB3_B/109_2.xyt
18,out/xyt/FVC2002_DB2_B/108_3.xyt,out/xyt/FVC2002_DB4_B/101_1.xyt
18,out/xyt/FVC2002_DB1_B/110_2.xyt,out/xyt/FVC2004_DB4_B/106_5.xyt
18,out/xyt/FVC2002_DB1_B/105_6.xyt,out/xyt/FVC2002_DB4_B/101_8.xyt
18,out/xyt/FVC2000_DB2_B/109_3.xyt,out/xyt/FVC2004_DB3_B/103_7.xyt
18,out/xyt/FVC2002_DB3_B/109_6.xyt,out/xyt/FVC2002_DB4_B/109_3.xyt
18,out/xyt/FVC2002_DB2_B/110_6.xyt,out/xyt/FVC2004_DB2_B/103_7.xyt
18,out/xyt/FVC2004_DB1_B/107_1.xyt,out/xyt/FVC2004_DB4_B/106_7.xyt
18,out/xyt/FVC2000_DB1_B/107_5.xyt,out/xyt/FVC2000_DB2_B/109_5.xyt
18,out/xyt/FVC2002_DB2_B/103_1.xyt,out/xyt/FVC2002_DB4_B/107_2.xyt
18,out/xyt/FVC2000_DB4_B/103_4.xyt,out/xyt/FVC2004_DB4_B/106_6.xyt
18,out/xyt/FVC2000_DB1_B/102_8.xyt,out/xyt/FVC2004_DB1_B/107_5.xyt
18,out/xyt/FVC2000_DB2_B/106_1.xyt,out/xyt/FVC2004_DB1_B/104_3.xyt
18,out/xyt/FVC2002_DB2_B/110_6.xyt,out/xyt/FVC2002_DB3_B/110_1.xyt
18,out/xyt/FVC2002_DB1_B/101_6.xyt,out/xyt/FVC2002_DB2_B/104_2.xyt
18,out/xyt/FVC2000_DB2_B/107_5.xyt,out/xyt/FVC2004_DB4_B/106_4.xyt
18,out/xyt/FVC2002_DB4_B/102_7.xyt,out/xyt/FVC2004_DB1_B/104_1.xyt
18,out/xyt/FVC2002_DB1_B/110_5.xyt,out/xyt/FVC2002_DB3_B/102_1.xyt
18,out/xyt/FVC2002_DB1_B/107_1.xyt,out/xyt/FVC2002_DB2_B/106_5.xyt
18,out/xyt/FVC2000_DB1_B/105_3.xyt,out/xyt/FVC2002_DB4_B/103_8.xyt
18,out/xyt/FVC2002_DB4_B/103_8.xyt,out/xyt/FVC2004_DB1_B/103_8.xyt
18,out/xyt/FVC2002_DB4_B/102_2.xyt,out/xyt/FVC2004_DB1_B/104_1.xyt
18,out/xyt/FVC2002_DB1_B/110_6.xyt,out/xyt/FVC2004_DB4_B/110_1.xyt
18,out/xyt/FVC2000_DB4_B/102_3.xyt,out/xyt/FVC2002_DB4_B/102_4.xyt
18,out/xyt/FVC2002_DB1_B/106_7.xyt,out/xyt/FVC2004_DB2_B/108_7.xyt
18,out/xyt/FVC2002_DB3_B/105_4.xyt,out/xyt/FVC2004_DB1_B/103_1.xyt
18,out/xyt/FVC2002_DB4_B/107_6.xyt,out/xyt/FVC2004_DB4_B/109_7.xyt
18,out/xyt/FVC2000_DB1_B/103_1.xyt,out/xyt/FVC2004_DB4_B/104_7.xyt
18,out/xyt/FVC2000_DB2_B/102_1.xyt,out/xyt/FVC2004_DB3_B/104_1.xyt
18,out/xyt/FVC2000_DB4_B/107_7.xyt,out/xyt/FVC2002_DB4_B/104_4.xyt
18,out/xyt/FVC2002_DB2_B/101_5.xyt,out/xyt/FVC2004_DB4_B/102_6.xyt
18,out/xyt/FVC2002_DB4_B/106_5.xyt,out/xyt/FVC2004_DB4_B/105_7.xyt
18,out/xyt/FVC2000_DB2_B/103_3.xyt,out/xyt/FVC2004_DB2_B/104_5.xyt
18,out/xyt/FVC2002_DB2_B/106_1.xyt,out/xyt/FVC2004_DB4_B/110_3.xyt
18,out/xyt/FVC2000_DB3_B/110_6.xyt,out/xyt/FVC2000_DB4_B/110_3.xyt
18,out/xyt/FVC2000_DB4_B/110_8.xyt,out/xyt/FVC2004_DB4_B/110_1.xyt
18,out/xyt/FVC2004_DB1_B/102_1.xyt,out/xyt/FVC2004_DB2_B/110_2.xyt
18,out/xyt/FVC2000_DB1_B/106_1.xyt,out/xyt/FVC2000_DB1_B/108_5.xyt
18,out/xyt/FVC2002_DB1_B/102_7.xyt,out/xyt/FVC2002_DB3_B/108_8.xyt
18,out/xyt/FVC2000_DB1_B/105_1.xyt,out/xyt/FVC2000_DB2_B/104_2.xyt
18,out/xyt/FVC2002_DB1_B/107_2.xyt,out/xyt/FVC2002_DB4_B/103_8.xyt
18,out/xyt/FVC2002_DB2_B/108_8.xyt,out/xyt/FVC2004_DB4_B/105_8.xyt
18,out/xyt/FVC2000_DB4_B/105_7.xyt,out/xyt/FVC2004_DB2_B/108_4.xyt
18,out/xyt/FVC2000_DB3_B/110_8.xyt,out/xyt/FVC2004_DB1_B/107_8.xyt
18,out/xyt/FVC2000_DB2_B/108_6.xyt,out/xyt/FVC2004_DB3_B/102_4.xyt
18,out/xyt/FVC2002_DB4_B/101_7.xyt,out/xyt/FVC2004_DB2_B/108_1.xyt
18,out/xyt/FVC2000_DB1_B/109_4.xyt,out/xyt/FVC2000_DB4_B/110_8.xyt
18,out/xyt/FVC2000_DB2_B/109_2.xyt,out/xyt/FVC2004_DB3_B/102_4.xyt
18,out/xyt/FVC2000_DB2_B/109_5.xyt,out/xyt/FVC2000_DB4_B/109_4.xyt
18,out/xyt/FVC2002_DB2_B/108_8.xyt,out/xyt/FVC2002_DB3_B/104_7.xyt
18,out/xyt/FVC2000_DB1_B/102_6.xyt,out/xyt/FVC2000_DB1_B/108_8.xyt
18,out/xyt/FVC2000_DB2_B/109_4.xyt,out/xyt/FVC2002_DB4_B/108_3.xyt
18,out/xyt/FVC2002_DB1_B/106_2.xyt,out/xyt/FVC2004_DB1_B/101_7.xyt
18,out/xyt/FVC2000_DB1_B/107_4.xyt,out/xyt/FVC2002_DB3_B/105_4.xyt
18,out/xyt/FVC2002_DB1_B/106_7.xyt,out/xyt/FVC2004_DB3_B/106_1.xyt
18,out/xyt/FVC2002_DB1_B/110_4.xyt,out/xyt/FVC2002_DB2_B/108_8.xyt
18,out/xyt/FVC2000_DB4_B/101_4.xyt,out/xyt/FVC2000_DB4_B/103_7.xyt
18,out/xyt/FVC2000_DB4_B/103_3.xyt,out/xyt/FVC2002_DB4_B/102_7.xyt
18,out/xyt/FVC2000_DB1_B/109_4.xyt,out/xyt/FVC2002_DB2_B/106_5.xyt
18,out/xyt/FVC2004_DB1_B/105_2.xyt,out/xyt/FVC2004_DB3_B/105_3.xyt
18,out/xyt/FVC2000_DB1_B/107_4.xyt,out/xyt/FVC2002_DB4_B/105_5.xyt
18,out/xyt/FVC2000_DB2_B/106_1.xyt,out/xyt/FVC2002_DB2_B/110_4.xyt
18,out/xyt/FVC2002_DB1_B/105_6.xyt,out/xyt/FVC2002_DB2_B/108_3.xyt
18,out/xyt/FVC2000_DB1_B/108_8.xyt,out/xyt/FVC2002_DB3_B/103_4.xyt
18,out/xyt/FVC2002_DB3_B/110_1.xyt,out/xyt/FVC2004_DB1_B/107_2.xyt
18,out/xyt/FVC2002_DB4_B/102_5.xyt,out/xyt/FVC2002_DB4_B/105_4.xyt
18,out/xyt/FVC2002_DB4_B/106_7.xyt,out/xyt/FVC2004_DB4_B/108_5.xyt
18,out/xyt/FVC2000_DB2_B/107_8.xyt,out/xyt/FVC2002_DB4_B/102_7.xyt
18,out/xyt/FVC2002_DB3_B/108_7.xyt,out/xyt/FVC2002_DB3_B/110_6.xyt
18,out/xyt/FVC2000_DB1_B/105_1.xyt,out/xyt/FVC2002_DB2_B/105_6.xyt
18,out/xyt/FVC2000_DB4_B/109_7.xyt,out/xyt/FVC2002_DB2_B/105_4.xyt
18,out/xyt/FVC2002_DB1_B/102_6.xyt,out/xyt/FVC2002_DB3_B/109_4.xyt
18,out/xyt/FVC2002_DB1_B/102_6.xyt,out/xyt/FVC2002_DB1_B/109_4.xyt
18,out/xyt/FVC2000_DB1_B/106_8.xyt,out/xyt/FVC2002_DB1_B/109_1.xyt
18,out/xyt/FVC2002_DB4_B/101_1.xyt,out/xyt/FVC2004_DB4_B/105_8.xyt
18,out/xyt/FVC2002_DB1_B/107_2.xyt,out/xyt/FVC2002_DB4_B/103_5.xyt
18,out/xyt/FVC2000_DB2_B/104_6.xyt,out/xyt/FVC2002_DB1_B/110_3.xyt
18,out/xyt/FVC2000_DB1_B/104_3.xyt,out/xyt/FVC2000_DB2_B/105_4.xyt
18,out/xyt/FVC2000_DB2_B/107_8.xyt,out/xyt/FVC2002_DB2_B/101_8.xyt
18,out/xyt/FVC2000_DB2_B/104_5.xyt,out/xyt/FVC2004_DB4_B/106_3.xyt
18,out/xyt/FVC2000_DB4_B/110_5.xyt,out/xyt/FVC2002_DB4_B/105_6.xyt
18,out/xyt/FVC2002_DB4_B/110_6.xyt,out/xyt/FVC2004_DB4_B/105_4.xyt
18,out/xyt/FVC2000_DB1_B/106_1.xyt,out/xyt/FVC2000_DB1_B/108_6.xyt
18,out/xyt/FVC2002_DB3_B/105_5.xyt,out/xyt/FVC2004_DB2_B/110_4.xyt
18,out/xyt/FVC2000_DB1_B/109_8.xyt,out/xyt/FVC2004_DB1_B/109_6.xyt
18,out/xyt/FVC2000_DB2_B/107_5.xyt,out/xyt/FVC2002_DB1_B/109_2.xyt
18,out/xyt/FVC2002_DB1_B/101_7.xyt,out/xyt/FVC2002_DB3_B/106_1.xyt
18,out/xyt/FVC2000_DB3_B/104_8.xyt,out/xyt/FVC2004_DB4_B/101_4.xyt
18,out/xyt/FVC2000_DB1_B/106_7.xyt,out/xyt/FVC2000_DB4_B/110_8.xyt
18,out/xyt/FVC2000_DB1_B/101_8.xyt,out/xyt/FVC2000_DB2_B/101_8.xyt
18,out/xyt/FVC2000_DB2_B/105_2.xyt,out/xyt/FVC2004_DB1_B/102_5.xyt
18,out/xyt/FVC2004_DB2_B/108_2.xyt,out/xyt/FVC2004_DB4_B/108_5.xyt
18,out/xyt/FVC2000_DB1_B/109_5.xyt,out/xyt/FVC2004_DB2_B/101_5.xyt
18,out/xyt/FVC2000_DB4_B/109_7.xyt,out/xyt/FVC2002_DB3_B/110_2.xyt
18,out/xyt/FVC2002_DB3_B/104_3.xyt,out/xyt/FVC2004_DB1_B/108_6.xyt
18,out/xyt/FVC2002_DB4_B/102_6.xyt,out/xyt/FVC2004_DB2_B/101_5.xyt
18,out/xyt/FVC2000_DB1_B/109_5.xyt,out/xyt/FVC2004_DB2_B/102_3.xyt
18,out/xyt/FVC2000_DB4_B/110_3.xyt,out/xyt/FVC2004_DB4_B/108_2.xyt
18,out/xyt/FVC2002_DB2_B/104_8.xyt,out/xyt/FVC2004_DB2_B/105_6.xyt
18,out/xyt/FVC2002_DB2_B/106_3.xyt,out/xyt/FVC2004_DB3_B/106_2.xyt
18,out/xyt/FVC2002_DB1_B/102_6.xyt,out/xyt/FVC2002_DB4_B/103_8.xyt
18,out/xyt/FVC2002_DB2_B/102_8.xyt,out/xyt/FVC2002_DB4_B/108_4.xyt
18,out/xyt/FVC2002_DB4_B/108_2.xyt,out/xyt/FVC2004_DB3_B/106_2.xyt
18,out/xyt/FVC2002_DB4_B/102_2.xyt,out/xyt/FVC2002_DB4_B/108_2.xyt
18,out/xyt/FVC2000_DB1_B/108_8.xyt,out/xyt/FVC2002_DB1_B/109_5.xyt
18,out/xyt/FVC2002_DB1_B/109_7.xyt,out/xyt/FVC2002_DB4_B/107_5.xyt
18,out/xyt/FVC2004_DB2_B/102_1.xyt,out/xyt/FVC2004_DB2_B/108_1.xyt
18,out/xyt/FVC2002_DB1_B/110_3.xyt,out/xyt/FVC2002_DB4_B/108_2.xyt
18,out/xyt/FVC2002_DB1_B/104_8.xyt,out/xyt/FVC2004_DB4_B/108_4.xyt
18,out/xyt/FVC2002_DB2_B/103_5.xyt,out/xyt/FVC2004_DB1_B/103_4.xyt
18,out/xyt/FVC2000_DB2_B/108_5.xyt,out/xyt/FVC2004_DB1_B/108_5.xyt
18,out/xyt/FVC2000_DB2_B/104_5.xyt,out/xyt/FVC2002_DB1_B/106_5.xyt
18,out/xyt/FVC2000_DB4_B/106_5.xyt,out/xyt/FVC2002_DB3_B/109_8.xyt
18,out/xyt/FVC2002_DB4_B/102_2.xyt,out/xyt/FVC2002_DB4_B/105_6.xyt
18,out/xyt/FVC2000_DB4_B/109_6.xyt,out/xyt/FVC2002_DB4_B/109_5.xyt
18,out/xyt/FVC2002_DB2_B/108_3.xyt,out/xyt/FVC2004_DB4_B/108_5.xyt
18,out/xyt/FVC2002_DB1_B/101_7.xyt,out/xyt/FVC2002_DB2_B/108_7.xyt
18,out/xyt/FVC2002_DB1_B/107_3.xyt,out/xyt/FVC2004_DB1_B/104_4.xyt
18,out/xyt/FVC2002_DB4_B/101_6.xyt,out/xyt/FVC2002_DB4_B/102_5.xyt
18,out/xyt/FVC2000_DB1_B/106_2.xyt,out/xyt/FVC2002_DB2_B/109_5.xyt
18,out/xyt/FVC2002_DB1_B/102_7.xyt,out/xyt/FVC2004_DB1_B/104_1.xyt
18,out/xyt/FVC2000_DB3_B/106_1.xyt,out/xyt/FVC2004_DB2_B/107_1.xyt
18,out/xyt/FVC2002_DB2_B/106_5.xyt,out/xyt/FVC2004_DB2_B/108_4.xyt
18,out/xyt/FVC2002_DB1_B/106_3.xyt,out/xyt/FVC2002_DB4_B/103_5.xyt
18,out/xyt/FVC2000_DB4_B/101_7.xyt,out/xyt/FVC2004_DB1_B/103_1.xyt
18,out/xyt/FVC2004_DB1_B/110_2.xyt,out/xyt/FVC2004_DB2_B/107_8.xyt
18,out/xyt/FVC2000_DB4_B/109_3.xyt,out/xyt/FVC2004_DB4_B/106_4.xyt
18,out/xyt/FVC2002_DB2_B/103_7.xyt,out/xyt/FVC2004_DB1_B/103_3.xyt
18,out/xyt/FVC2002_DB4_B/110_5.xyt,out/xyt/FVC2004_DB4_B/105_2.xyt
18,out/xyt/FVC2000_DB1_B/106_3.xyt,out/xyt/FVC2002_DB1_B/105_7.xyt
18,out/xyt/FVC2000_DB1_B/102_8.xyt,out/xyt/FVC2000_DB4_B/109_3.xyt
18,out/xyt/FVC2002_DB2_B/101_5.xyt,out/xyt/FVC2002_DB3_B/109_2.xyt
18,out/xyt/FVC2000_DB2_B/106_5.xyt,out/xyt/FVC2002_DB4_B/103_4.xyt
18,out/xyt/FVC2002_DB4_B/107_5.xyt,out/xyt/FVC2002_DB4_B/109_6.xyt
18,out/xyt/FVC2002_DB1_B/110_6.xyt,out/xyt/FVC2002_DB2_B/102_2.xyt
18,out/xyt/FVC2000_DB4_B/110_4.xyt,out/xyt/FVC2002_DB4_B/107_5.xyt
18,out/xyt/FVC2000_DB1_B/107_4.xyt,out/xyt/FVC2002_DB1_B/109_5.xyt
18,out/xyt/FVC2000_DB4_B/109_3.xyt,out/xyt/FVC2004_DB2_B/108_8.xyt
18,out/xyt/FVC2000_DB2_B/104_2.xyt,out/xyt/FVC2000_DB2_B/107_5.xyt
18,out/xyt/FVC2000_DB4_B/105_2.xyt,out/xyt/FVC2002_DB4_B/108_6.xyt
18,out/xyt/FVC2000_DB3_B/105_4.xyt,out/xyt/FVC2000_DB3_B/108_7.xyt
18,out/xyt/FVC2002_DB1_B/107_1.xyt,out/xyt/FVC2002_DB2_B/105_6.xyt
18,out/xyt/FVC2002_DB1_B/106_3.xyt,out/xyt/FVC2004_DB4_B/108_7.xyt
18,out/xyt/FVC2002_DB1_B/105_6.xyt,out/xyt/FVC2004_DB1_B/107_5.xyt
18,out/xyt/FVC2000_DB2_B/101_1.xyt,out/xyt/FVC2002_DB2_B/108_1.xyt
18,out/xyt/FVC2000_DB4_B/109_3.xyt,out/xyt/FVC2004_DB2_B/108_4.xyt
18,out/xyt/FVC2002_DB4_B/108_6.xyt,out/xyt/FVC2004_DB4_B/108_6.xyt
18,out/xyt/FVC2004_DB1_B/108_8.xyt,out/xyt/FVC2004_DB2_B/107_1.xyt
18,out/xyt/FVC2000_DB1_B/106_4.xyt,out/xyt/FVC2004_DB2_B/105_7.xyt
18,out/xyt/FVC2002_DB1_B/106_3.xyt,out/xyt/FVC2002_DB2_B/109_1.xyt
18,out/xyt/FVC2002_DB3_B/109_8.xyt,out/xyt/FVC2004_DB1_B/107_7.xyt
18,out/xyt/FVC2000_DB2_B/104_1.xyt,out/xyt/FVC2002_DB4_B/103_8.xyt
18,out/xyt/FVC2000_DB3_B/110_8.xyt,out/xyt/FVC2004_DB4_B/102_5.xyt
18,out/xyt/FVC2002_DB2_B/106_2.xyt,out/xyt/FVC2002_DB2_B/108_3.xyt
18,out/xyt/FVC2000_DB1_B/109_3.xyt,out/xyt/FVC2002_DB2_B/105_3.xyt
18,out/xyt/FVC2002_DB1_B/102_7.xyt,out/xyt/FVC2002_DB3_B/108_7.xyt
18,out/xyt/FVC2004_DB1_B/102_8.xyt,out/xyt/FVC2004_DB1_B/106_2.xyt
18,out/xyt/FVC2000_DB4_B/110_6.xyt,out/xyt/FVC2004_DB2_B/104_1.xyt
18,out/xyt/FVC2004_DB3_B/106_2.xyt,out/xyt/FVC2004_DB4_B/108_5.xyt
18,out/xyt/FVC2000_DB4_B/101_4.xyt,out/xyt/FVC2004_DB4_B/102_6.xyt
18,out/xyt/FVC2004_DB4_B/105_6.xyt,out/xyt/FVC2004_DB4_B/106_5.xyt
18,out/xyt/FVC2002_DB1_B/102_6.xyt,out/xyt/FVC2002_DB1_B/109_2.xyt
18,out/xyt/FVC2002_DB1_B/102_7.xyt,out/xyt/FVC2002_DB1_B/105_7.xyt
18,out/xyt/FVC2004_DB1_B/107_1.xyt,out/xyt/FVC2004_DB2_B/108_1.xyt
18,out/xyt/FVC2000_DB2_B/107_7.xyt,out/xyt/FVC2004_DB2_B/103_5.xyt
18,out/xyt/FVC2000_DB3_B/107_4.xyt,out/xyt/FVC2000_DB3_B/108_7.xyt
18,out/xyt/FVC2002_DB4_B/105_1.xyt,out/xyt/FVC2004_DB4_B/108_5.xyt
18,out/xyt/FVC2004_DB2_B/104_1.xyt,out/xyt/FVC2004_DB4_B/101_2.xyt
18,out/xyt/FVC2000_DB1_B/102_7.xyt,out/xyt/FVC2004_DB4_B/110_3.xyt
18,out/xyt/FVC2002_DB1_B/110_5.xyt,out/xyt/FVC2004_DB1_B/106_5.xyt
18,out/xyt/FVC2000_DB4_B/109_2.xyt,out/xyt/FVC2004_DB4_B/108_8.xyt
18,out/xyt/FVC2000_DB1_B/105_1.xyt,out/xyt/FVC2002_DB2_B/106_3.xyt
18,out/xyt/FVC2002_DB4_B/107_6.xyt,out/xyt/FVC2004_DB1_B/107_1.xyt
18,out/xyt/FVC2004_DB3_B/101_5.xyt,out/xyt/FVC2004_DB3_B/102_2.xyt
18,out/xyt/FVC2002_DB3_B/104_8.xyt,out/xyt/FVC2004_DB2_B/108_3.xyt
18,out/xyt/FVC2002_DB3_B/104_7.xyt,out/xyt/FVC2004_DB1_B/107_5.xyt
18,out/xyt/FVC2000_DB4_B/102_1.xyt,out/xyt/FVC2002_DB4_B/103_4.xyt
18,out/xyt/FVC2002_DB1_B/106_8.xyt,out/xyt/FVC2002_DB4_B/103_5.xyt
18,out/xyt/FVC2000_DB4_B/108_3.xyt,out/xyt/FVC2000_DB4_B/110_1.xyt
18,out/xyt/FVC2002_DB1_B/106_7.xyt,out/xyt/FVC2002_DB4_B/109_5.xyt
18,out/xyt/FVC2000_DB4_B/101_4.xyt,out/xyt/FVC2004_DB2_B/101_3.xyt
18,out/xyt/FVC2000_DB1_B/102_6.xyt,out/xyt/FVC2002_DB2_B/106_3.xyt
18,out/xyt/FVC2000_DB2_B/104_5.xyt,out/xyt/FVC2002_DB1_B/110_4.xyt
18,out/xyt/FVC2002_DB4_B/101_1.xyt,out/xyt/FVC2002_DB4_B/103_4.xyt
18,out/xyt/FVC2002_DB2_B/103_8.xyt,out/xyt/FVC2004_DB4_B/104_4.xyt
18,out/xyt/FVC2000_DB4_B/110_3.xyt,out/xyt/FVC2004_DB4_B/106_7.xyt
18,out/xyt/FVC2002_DB1_B/101_7.xyt,out/xyt/FVC2002_DB1_B/107_6.xyt
18,out/xyt/FVC2000_DB2_B/107_3.xyt,out/xyt/FVC2002_DB4_B/110_1.xyt
18,out/xyt/FVC2002_DB2_B/105_1.xyt,out/xyt/FVC2004_DB2_B/109_1.xyt
18,out/xyt/FVC2002_DB4_B/103_6.xyt,out/xyt/FVC2004_DB4_B/108_2.xyt
18,out/xyt/FVC2000_DB1_B/102_5.xyt,out/xyt/FVC2000_DB2_B/106_8.xyt
18,out/xyt/FVC2002_DB4_B/110_5.xyt,out/xyt/FVC2004_DB4_B/105_3.xyt
18,out/xyt/FVC2000_DB1_B/109_7.xyt,out/xyt/FVC2002_DB1_B/102_7.xyt
18,out/xyt/FVC2000_DB4_B/103_4.xyt,out/xyt/FVC2002_DB4_B/110_1.xyt
18,out/xyt/FVC2002_DB1_B/102_1.xyt,out/xyt/FVC2002_DB4_B/103_8.xyt
18,out/xyt/FVC2002_DB4_B/102_5.xyt,out/xyt/FVC2004_DB1_B/104_6.xyt
18,out/xyt/FVC2000_DB4_B/102_4.xyt,out/xyt/FVC2002_DB4_B/102_2.xyt
18,out/xyt/FVC2000_DB4_B/101_4.xyt,out/xyt/FVC2002_DB4_B/110_7.xyt
18,out/xyt/FVC2000_DB1_B/102_8.xyt,out/xyt/FVC2002_DB2_B/105_7.xyt
18,out/xyt/FVC2000_DB4_B/110_8.xyt,out/xyt/FVC2004_DB4_B/110_3.xyt
18,out/xyt/FVC2002_DB4_B/103_2.xyt,out/xyt/FVC2002_DB4_B/110_1.xyt
18,out/xyt/FVC2002_DB1_B/107_2.xyt,out/xyt/FVC2004_DB2_B/109_5.xyt
18,out/xyt/FVC2002_DB4_B/102_3.xyt,out/xyt/FVC2004_DB1_B/104_6.xyt
18,out/xyt/FVC2000_DB1_B/109_3.xyt,out/xyt/FVC2000_DB2_B/105_7.xyt
18,out/xyt/FVC2000_DB2_B/105_2.xyt,out/xyt/FVC2002_DB4_B/105_3.xyt
18,out/xyt/FVC2000_DB1_B/104_3.xyt,out/xyt/FVC2002_DB4_B/108_1.xyt
18,out/xyt/FVC2000_DB4_B/103_5.xyt,out/xyt/FVC2002_DB4_B/102_4.xyt
18,out/xyt/FVC2000_DB4_B/110_2.xyt,out/xyt/FVC2004_DB4_B/109_7.xyt
18,out/xyt/FVC2002_DB1_B/110_2.xyt,out/xyt/FVC2004_DB4_B/106_3.xyt
18,out/xyt/FVC2004_DB3_B/102_7.xyt,out/xyt/FVC2004_DB4_B/102_5.xyt
18,out/xyt/FVC2002_DB4_B/108_2.xyt,out/xyt/FVC2004_DB2_B/109_1.xyt
18,out/xyt/FVC2000_DB2_B/106_1.xyt,out/xyt/FVC2002_DB2_B/110_6.xyt
18,out/xyt/FVC2000_DB4_B/102_3.xyt,out/xyt/FVC2004_DB1_B/103_6.xyt
18,out/xyt/FVC2000_DB3_B/103_6.xyt,out/xyt/FVC2004_DB4_B/101_4.xyt
18,out/xyt/FVC2004_DB2_B/104_7.xyt,out/xyt/FVC2004_DB2_B/110_6.xyt
18,out/xyt/FVC2004_DB2_B/105_6.xyt,out/xyt/FVC2004_DB2_B/110_5.xyt
18,out/xyt/FVC2002_DB4_B/105_5.xyt,out/xyt/FVC2004_DB1_B/104_1.xyt
18,out/xyt/FVC2000_DB2_B/107_8.xyt,out/xyt/FVC2002_DB4_B/108_2.xyt
18,out/xyt/FVC2002_DB2_B/105_1.xyt,out/xyt/FVC2002_DB2_B/106_8.xyt
18,out/xyt/FVC2000_DB1_B/102_8.xyt,out/xyt/FVC2002_DB2_B/109_5.xyt
18,out/xyt/FVC2002_DB4_B/102_5.xyt,out/xyt/FVC2002_DB4_B/110_6.xyt
18,out/xyt/FVC2002_DB1_B/102_2.xyt,out/xyt/FVC2004_DB2_B/108_3.xyt
18,out/xyt/FVC2000_DB2_B/106_6.xyt,out/xyt/FVC2004_DB4_B/104_3.xyt
18,out/xyt/FVC2000_DB2_B/103_1.xyt,out/xyt/FVC2002_DB3_B/104_1.xyt
18,out/xyt/FVC2002_DB1_B/109_1.xyt,out/xyt/FVC2002_DB3_B/108_8.xyt
18,out/xyt/FVC2002_DB1_B/105_7.xyt,out/xyt/FVC2004_DB2_B/110_2.xyt
18,out/xyt/FVC2004_DB3_B/102_7.xyt,out/xyt/FVC2004_DB4_B/102_4.xyt
18,out/xyt/FVC2002_DB2_B/106_1.xyt,out/xyt/FVC2002_DB4_B/108_4.xyt
18,out/xyt/FVC2004_DB4_B/104_8.xyt,out/xyt/FVC2004_DB4_B/106_4.xyt
18,out/xyt/FVC2000_DB4_B/109_7.xyt,out/xyt/FVC2000_DB4_B/110_3.xyt
18,out/xyt/FVC2002_DB4_B/105_1.xyt,out/xyt/FVC2004_DB4_B/108_2.xyt
18,out/xyt/FVC2002_DB4_B/107_4.xyt,out/xyt/FVC2004_DB3_B/105_6.xyt
18,out/xyt/FVC2002_DB4_B/106_7.xyt,out/xyt/FVC2004_DB4_B/105_7.xyt
18,out/xyt/FVC2004_DB3_B/106_2.xyt,out/xyt/FVC2004_DB4_B/106_4.xyt
18,out/xyt/FVC2004_DB4_B/106_7.xyt,out/xyt/FVC2004_DB4_B/108_8.xyt
18,out/xyt/FVC2000_DB4_B/109_7.xyt,out/xyt/FVC2002_DB1_B/106_6.xyt
18,out/xyt/FVC2000_DB4_B/109_3.xyt,out/xyt/FVC2004_DB4_B/101_7.xyt
18,out/xyt/FVC2000_DB1_B/109_3.xyt,out/xyt/FVC2002_DB4_B/102_3.xyt
18,out/xyt/FVC2000_DB2_B/104_2.xyt,out/xyt/FVC2002_DB4_B/108_2.xyt
18,out/xyt/FVC2000_DB4_B/109_3.xyt,out/xyt/FVC2004_DB1_B/104_1.xyt
18,out/xyt/FVC2000_DB1_B/108_6.xyt,out/xyt/FVC2002_DB4_B/109_5.xyt
18,out/xyt/FVC2004_DB1_B/104_7.xyt,out/xyt/FVC2004_DB1_B/108_4.xyt
18,out/xyt/FVC2000_DB1_B/106_6.xyt,out/xyt/FVC2000_DB1_B/109_4.xyt
18,out/xyt/FVC2002_DB3_B/104_2.xyt,out/xyt/FVC2004_DB2_B/104_2.xyt
18,out/xyt/FVC2004_DB3_B/104_1.xyt,out/xyt/FVC2004_DB3_B/108_7.xyt
18,out/xyt/FVC2000_DB1_B/102_1.xyt,out/xyt/FVC2000_DB1_B/108_6.xyt
18,out/xyt/FVC2002_DB2_B/102_7.xyt,out/xyt/FVC2004_DB4_B/110_6.xyt
18,out/xyt/FVC2000_DB2_B/110_8.xyt,out/xyt/FVC2002_DB2_B/103_2.xyt
18,out/xyt/FVC2002_DB2_B/106_1.xyt,out/xyt/FVC2004_DB3_B/106_2.xyt
18,out/xyt/FVC2000_DB1_B/108_7.xyt,out/xyt/FVC2004_DB2_B/108_1.xyt
18,out/xyt/FVC2002_DB2_B/105_6.xyt,out/xyt/FVC2002_DB2_B/106_5.xyt
18,out/xyt/FVC2004_DB1_B/104_1.xyt,out/xyt/FVC2004_DB2_B/104_5.xyt
18,out/xyt/FVC2000_DB2_B/104_1.xyt,out/xyt/FVC2002_DB1_B/110_2.xyt
18,out/xyt/FVC2000_DB4_B/102_8.xyt,out/xyt/FVC2004_DB4_B/102_6.xyt
18,out/xyt/FVC2000_DB4_B/105_7.xyt,out/xyt/FVC2002_DB2_B/108_2.xyt
18,out/xyt/FVC2000_DB4_B/105_7.xyt,out/xyt/FVC2002_DB4_B/103_5.xyt
18,out/xyt/FVC2002_DB1_B/106_8.xyt,out/xyt/FVC2002_DB4_B/103_7.xyt
18,out/xyt/FVC2000_DB4_B/102_4.xyt,out/xyt/FVC2002_DB2_B/110_6.xyt
18,out/xyt/FVC2002_DB3_B/108_4.xyt,out/xyt/FVC2004_DB1_B/109_6.xyt
18,out/xyt/FVC2002_DB2_B/103_2.xyt,out/xyt/FVC2004_DB2_B/109_1.xyt
18,out/xyt/FVC2000_DB1_B/105_3.xyt,out/xyt/FVC2000_DB2_B/105_8.xyt
18,out/xyt/FVC2002_DB4_B/103_2.xyt,out/xyt/FVC2004_DB4_B/103_4.xyt
18,out/xyt/FVC2000_DB2_B/105_3.xyt,out/xyt/FVC2004_DB2_B/110_2.xyt
18,out/xyt/FVC2000_DB4_B/102_1.xyt,out/xyt/FVC2000_DB4_B/109_2.xyt
18,out/xyt/FVC2000_DB1_B/106_3.xyt,out/xyt/FVC2004_DB2_B/103_7.xyt
18,out/xyt/FVC2000_DB2_B/104_3.xyt,out/xyt/FVC2004_DB2_B/101_5.xyt
18,out/xyt/FVC2000_DB2_B/107_7.xyt,out/xyt/FVC2002_DB3_B/109_4.xyt
18,out/xyt/FVC2002_DB2_B/109_2.xyt,out/xyt/FVC2004_DB1_B/103_4.xyt
18,out/xyt/FVC2004_DB3_B/103_6.xyt,out/xyt/FVC2004_DB3_B/104_8.xyt
18,out/xyt/FVC2000_DB1_B/109_8.xyt,out/xyt/FVC2002_DB1_B/106_5.xyt
18,out/xyt/FVC2000_DB4_B/102_5.xyt,out/xyt/FVC2002_DB1_B/106_3.xyt
18,out/xyt/FVC2002_DB4_B/101_1.xyt,out/xyt/FVC2002_DB4_B/106_7.xyt
18,out/xyt/FVC2002_DB2_B/103_2.xyt,out/xyt/FVC2004_DB1_B/104_7.xyt
18,out/xyt/FVC2000_DB1_B/108_7.xyt,out/xyt/FVC2002_DB1_B/109_4.xyt
18,out/xyt/FVC2004_DB1_B/110_1.xyt,out/xyt/FVC2004_DB3_B/102_6.xyt
18,out/xyt/FVC2002_DB3_B/109_2.xyt,out/xyt/FVC2004_DB2_B/103_7.xyt
18,out/xyt/FVC2000_DB4_B/109_1.xyt,out/xyt/FVC2004_DB4_B/103_4.xyt
18,out/xyt/FVC2002_DB1_B/105_3.xyt,out/xyt/FVC2002_DB3_B/103_6.xyt
18,out/xyt/FVC2000_DB1_B/102_1.xyt,out/xyt/FVC2000_DB4_B/102_7.xyt
18,out/xyt/FVC2002_DB1_B/102_7.xyt,out/xyt/FVC2002_DB2_B/109_7.xyt
18,out/xyt/FVC2002_DB1_B/105_7.xyt,out/xyt/FVC2004_DB2_B/102_3.xyt
18,out/xyt/FVC2002_DB2_B/109_4.xyt,out/xyt/FVC2004_DB2_B/108_3.xyt
18,out/xyt/FVC2000_DB1_B/106_7.xyt,out/xyt/FVC2002_DB1_B/102_7.xyt
18,out/xyt/FVC2002_DB2_B/108_8.xyt,out/xyt/FVC2004_DB4_B/108_5.xyt
18,out/xyt/FVC2000_DB4_B/109_6.xyt,out/xyt/FVC2002_DB1_B/101_6.xyt
18,out/xyt/FVC2000_DB3_B/101_8.xyt,out/xyt/FVC2000_DB3_B/110_8.xyt
18,out/xyt/FVC2002_DB2_B/106_2.xyt,out/xyt/FVC2002_DB2_B/108_1.xyt
18,out/xyt/FVC2002_DB2_B/102_1.xyt,out/xyt/FVC2004_DB4_B/110_6.xyt
18,out/xyt/FVC2000_DB2_B/109_5.xyt,out/xyt/FVC2000_DB4_B/109_5.xyt
18,out/xyt/FVC2000_DB4_B/103_3.xyt,out/xyt/FVC2002_DB4_B/103_4.xyt
18,out/xyt/FVC2000_DB2_B/103_2.xyt,out/xyt/FVC2004_DB2_B/104_7.xyt
18,out/xyt/FVC2000_DB2_B/107_5.xyt,out/xyt/FVC2002_DB1_B/110_4.xyt
18,out/xyt/FVC2000_DB1_B/106_5.xyt,out/xyt/FVC2000_DB2_B/103_1.xyt
18,out/xyt/FVC2002_DB3_B/109_6.xyt,out/xyt/FVC2002_DB4_B/109_2.xyt
18,out/xyt/FVC2000_DB4_B/103_3.xyt,out/xyt/FVC2002_DB3_B/109_1.xyt
18,out/xyt/FVC2000_DB1_B/107_3.xyt,out/xyt/FVC2002_DB4_B/105_4.xyt
18,out/xyt/FVC2000_DB1_B/106_2.xyt,out/xyt/FVC2002_DB4_B/102_5.xyt
18,out/xyt/FVC2002_DB2_B/109_5.xyt,out/xyt/FVC2002_DB4_B/110_5.xyt
18,out/xyt/FVC2000_DB4_B/108_7.xyt,out/xyt/FVC2002_DB2_B/105_8.xyt
18,out/xyt/FVC2002_DB2_B/105_3.xyt,out/xyt/FVC2002_DB4_B/108_6.xyt
18,out/xyt/FVC2004_DB4_B/101_2.xyt,out/xyt/FVC2004_DB4_B/102_2.xyt
18,out/xyt/FVC2000_DB4_B/103_1.xyt,out/xyt/FVC2004_DB4_B/108_5.xyt
18,out/xyt/FVC2002_DB4_B/101_4.xyt,out/xyt/FVC2004_DB1_B/103_6.xyt
18,out/xyt/FVC2002_DB4_B/102_8.xyt,out/xyt/FVC2002_DB4_B/108_6.xyt
18,out/xyt/FVC2002_DB1_B/106_3.xyt,out/xyt/FVC2002_DB4_B/101_6.xyt
18,out/xyt/FVC2002_DB2_B/102_5.xyt,out/xyt/FVC2002_DB4_B/110_1.xyt
18,out/xyt/FVC2002_DB1_B/110_1.xyt,out/xyt/FVC2004_DB4_B/106_4.xyt
18,out/xyt/FVC2002_DB2_B/102_5.xyt,out/xyt/FVC2004_DB1_B/108_5.xyt
18,out/xyt/FVC2000_DB2_B/102_8.xyt,out/xyt/FVC2002_DB2_B/103_7.xyt
18,out/xyt/FVC2000_DB1_B/105_1.xyt,out/xyt/FVC2002_DB1_B/105_1.xyt
18,out/xyt/FVC2002_DB4_B/103_3.xyt,out/xyt/FVC2004_DB2_B/108_4.xyt
18,out/xyt/FVC2002_DB3_B/109_1.xyt,out/xyt/FVC2004_DB1_B/103_1.xyt
18,out/xyt/FVC2000_DB1_B/102_8.xyt,out/xyt/FVC2004_DB4_B/105_5.xyt
18,out/xyt/FVC2000_DB2_B/107_3.xyt,out/xyt/FVC2004_DB2_B/102_1.xyt
18,out/xyt/FVC2002_DB2_B/104_2.xyt,out/xyt/FVC2002_DB4_B/106_7.xyt
18,out/xyt/FVC2000_DB4_B/110_3.xyt,out/xyt/FVC2002_DB3_B/106_1.xyt
18,out/xyt/FVC2004_DB3_B/103_5.xyt,out/xyt/FVC2004_DB4_B/102_1.xyt
18,out/xyt/FVC2000_DB3_B/101_4.xyt,out/xyt/FVC2004_DB3_B/108_7.xyt
18,out/xyt/FVC2002_DB1_B/106_5.xyt,out/xyt/FVC2002_DB1_B/107_4.xyt
18,out/xyt/FVC2002_DB2_B/105_7.xyt,out/xyt/FVC2002_DB2_B/108_8.xyt
18,out/xyt/FVC2000_DB4_B/102_5.xyt,out/xyt/FVC2004_DB1_B/103_3.xyt
18,out/xyt/FVC2004_DB2_B/109_1.xyt,out/xyt/FVC2004_DB3_B/105_4.xyt
18,out/xyt/FVC2000_DB1_B/109_3.xyt,out/xyt/FVC2000_DB4_B/109_8.xyt
18,out/xyt/FVC2000_DB3_B/108_5.xyt,out/xyt/FVC2004_DB2_B/107_2.xyt
18,out/xyt/FVC2000_DB1_B/103_5.xyt,out/xyt/FVC2000_DB1_B/106_7.xyt
18,out/xyt/FVC2002_DB1_B/102_4.xyt,out/xyt/FVC2004_DB4_B/105_8.xyt
18,out/xyt/FVC2002_DB1_B/102_4.xyt,out/xyt/FVC2004_DB2_B/108_4.xyt
18,out/xyt/FVC2002_DB1_B/108_4.xyt,out/xyt/FVC2002_DB3_B/109_1.xyt
18,out/xyt/FVC2004_DB4_B/104_8.xyt,out/xyt/FVC2004_DB4_B/110_3.xyt
18,out/xyt/FVC2000_DB1_B/109_6.xyt,out/xyt/FVC2004_DB3_B/106_1.xyt
18,out/xyt/FVC2000_DB4_B/110_3.xyt,out/xyt/FVC2004_DB4_B/109_8.xyt
18,out/xyt/FVC2002_DB4_B/109_5.xyt,out/xyt/FVC2004_DB4_B/106_7.xyt
18,out/xyt/FVC2002_DB3_B/103_2.xyt,out/xyt/FVC2004_DB1_B/108_6.xyt
18,out/xyt/FVC2000_DB4_B/109_1.xyt,out/xyt/FVC2002_DB1_B/106_7.xyt
18,out/xyt/FVC2000_DB1_B/107_4.xyt,out/xyt/FVC2002_DB2_B/101_7.xyt
18,out/xyt/FVC2000_DB4_B/109_2.xyt,out/xyt/FVC2002_DB4_B/109_8.xyt
18,out/xyt/FVC2000_DB1_B/105_1.xyt,out/xyt/FVC2004_DB2_B/109_1.xyt
18,out/xyt/FVC2002_DB1_B/110_1.xyt,out/xyt/FVC2002_DB4_B/105_6.xyt
18,out/xyt/FVC2002_DB1_B/106_6.xyt,out/xyt/FVC2002_DB2_B/108_3.xyt
18,out/xyt/FVC2002_DB2_B/109_6.xyt,out/xyt/FVC2002_DB4_B/108_2.xyt
18,out/xyt/FVC2000_DB2_B/107_8.xyt,out/xyt/FVC2002_DB4_B/109_5.xyt
18,out/xyt/FVC2002_DB1_B/110_1.xyt,out/xyt/FVC2002_DB2_B/102_7.xyt
18,out/xyt/FVC2002_DB1_B/106_3.xyt,out/xyt/FVC2004_DB1_B/104_5.xyt
18,out/xyt/FVC2002_DB3_B/104_7.xyt,out/xyt/FVC2004_DB1_B/108_4.xyt
18,out/xyt/FVC2000_DB3_B/104_3.xyt,out/xyt/FVC2000_DB4_B/110_3.xyt
18,out/xyt/FVC2000_DB1_B/102_5.xyt,out/xyt/FVC2002_DB2_B/105_7.xyt
18,out/xyt/FVC2000_DB1_B/108_6.xyt,out/xyt/FVC2004_DB1_B/104_1.xyt
18,out/xyt/FVC2002_DB3_B/109_7.xyt,out/xyt/FVC2004_DB2_B/109_4.xyt
18,out/xyt/FVC2004_DB4_B/105_5.xyt,out/xyt/FVC2004_DB4_B/106_8.xyt
18,out/xyt/FVC2002_DB4_B/108_2.xyt,out/xyt/FVC2004_DB4_B/106_4.xyt
18,out/xyt/FVC2000_DB1_B/105_7.xyt,out/xyt/FVC2000_DB1_B/109_2.xyt
18,out/xyt/FVC2002_DB2_B/106_7.xyt,out/xyt/FVC2002_DB2_B/108_8.xyt
18,out/xyt/FVC2002_DB2_B/105_3.xyt,out/xyt/FVC2002_DB2_B/106_8.xyt
18,out/xyt/FVC2002_DB4_B/109_3.xyt,out/xyt/FVC2004_DB2_B/108_8.xyt
18,out/xyt/FVC2000_DB2_B/104_5.xyt,out/xyt/FVC2004_DB2_B/106_3.xyt
18,out/xyt/FVC2004_DB1_B/106_2.xyt,out/xyt/FVC2004_DB4_B/106_3.xyt
18,out/xyt/FVC2004_DB3_B/102_2.xyt,out/xyt/FVC2004_DB3_B/103_6.xyt
18,out/xyt/FVC2002_DB1_B/105_7.xyt,out/xyt/FVC2002_DB3_B/104_3.xyt
18,out/xyt/FVC2000_DB4_B/102_6.xyt,out/xyt/FVC2002_DB2_B/101_7.xyt
18,out/xyt/FVC2000_DB1_B/108_5.xyt,out/xyt/FVC2002_DB4_B/109_2.xyt
18,out/xyt/FVC2000_DB2_B/107_8.xyt,out/xyt/FVC2002_DB4_B/101_8.xyt
18,out/xyt/FVC2000_DB4_B/109_7.xyt,out/xyt/FVC2002_DB4_B/105_1.xyt
18,out/xyt/FVC2002_DB2_B/109_3.xyt,out/xyt/FVC2004_DB4_B/104_3.xyt
18,out/xyt/FVC2000_DB1_B/105_3.xyt,out/xyt/FVC2002_DB2_B/106_5.xyt
18,out/xyt/FVC2002_DB2_B/110_6.xyt,out/xyt/FVC2004_DB2_B/105_6.xyt
18,out/xyt/FVC2002_DB4_B/103_3.xyt,out/xyt/FVC2004_DB4_B/102_6.xyt
18,out/xyt/FVC2000_DB4_B/109_6.xyt,out/xyt/FVC2002_DB2_B/108_3.xyt
18,out/xyt/FVC2002_DB4_B/102_3.xyt,out/xyt/FVC2002_DB4_B/103_8.xyt
18,out/xyt/FVC2000_DB1_B/102_3.xyt,out/xyt/FVC2004_DB1_B/104_4.xyt
18,out/xyt/FVC2000_DB3_B/103_4.xyt,out/xyt/FVC2000_DB3_B/104_3.xyt
18,out/xyt/FVC2000_DB2_B/104_6.xyt,out/xyt/FVC2000_DB2_B/107_7.xyt
18,out/xyt/FVC2002_DB2_B/107_3.xyt,out/xyt/FVC2004_DB1_B/104_1.xyt
18,out/xyt/FVC2002_DB1_B/104_7.xyt,out/xyt/FVC2004_DB1_B/108_3.xyt
18,out/xyt/FVC2002_DB1_B/102_1.xyt,out/xyt/FVC2004_DB1_B/103_8.xyt
18,out/xyt/FVC2002_DB4_B/107_2.xyt,out/xyt/FVC2004_DB4_B/110_6.xyt
18,out/xyt/FVC2000_DB2_B/104_1.xyt,out/xyt/FVC2000_DB4_B/103_3.xyt
18,out/xyt/FVC2002_DB2_B/108_3.xyt,out/xyt/FVC2002_DB4_B/110_6.xyt
18,out/xyt/FVC2000_DB4_B/109_8.xyt,out/xyt/FVC2002_DB2_B/109_5.xyt
18,out/xyt/FVC2000_DB4_B/104_6.xyt,out/xyt/FVC2002_DB4_B/105_4.xyt
18,out/xyt/FVC2002_DB4_B/107_4.xyt,out/xyt/FVC2004_DB4_B/110_6.xyt
18,out/xyt/FVC2002_DB1_B/102_4.xyt,out/xyt/FVC2004_DB4_B/106_8.xyt
18,out/xyt/FVC2000_DB1_B/109_7.xyt,out/xyt/FVC2002_DB4_B/102_4.xyt
18,out/xyt/FVC2002_DB1_B/105_7.xyt,out/xyt/FVC2002_DB3_B/104_1.xyt
18,out/xyt/FVC2002_DB3_B/104_3.xyt,out/xyt/FVC2004_DB2_B/104_2.xyt
18,out/xyt/FVC2000_DB2_B/105_1.xyt,out/xyt/FVC2002_DB2_B/103_5.xyt
18,out/xyt/FVC2004_DB1_B/107_1.xyt,out/xyt/FVC2004_DB4_B/106_8.xyt
18,out/xyt/FVC2002_DB2_B/103_2.xyt,out/xyt/FVC2002_DB2_B/108_2.xyt
18,out/xyt/FVC2000_DB4_B/109_5.xyt,out/xyt/FVC2002_DB1_B/102_6.xyt
18,out/xyt/FVC2000_DB2_B/109_2.xyt,out/xyt/FVC2004_DB3_B/102_1.xyt
18,out/xyt/FVC2000_DB4_B/110_7.xyt,out/xyt/FVC2004_DB3_B/105_1.xyt
18,out/xyt/FVC2002_DB2_B/109_2.xyt,out/xyt/FVC2004_DB2_B/109_6.xyt
18,out/xyt/FVC2000_DB2_B/104_8.xyt,out/xyt/FVC2002_DB3_B/107_3.xyt
18,out/xyt/FVC2002_DB1_B/108_7.xyt,out/xyt/FVC2002_DB3_B/109_7.xyt
18,out/xyt/FVC2004_DB1_B/104_5.xyt,out/xyt/FVC2004_DB4_B/110_3.xyt
18,out/xyt/FVC2002_DB4_B/101_1.xyt,out/xyt/FVC2002_DB4_B/106_8.xyt
18,out/xyt/FVC2004_DB2_B/108_2.xyt,out/xyt/FVC2004_DB2_B/109_1.xyt
18,out/xyt/FVC2002_DB4_B/108_1.xyt,out/xyt/FVC2004_DB1_B/102_2.xyt
18,out/xyt/FVC2002_DB1_B/104_3.xyt,out/xyt/FVC2004_DB1_B/104_7.xyt
18,out/xyt/FVC2000_DB4_B/109_2.xyt,out/xyt/FVC2002_DB2_B/106_7.xyt
18,out/xyt/FVC2000_DB2_B/105_3.xyt,out/xyt/FVC2004_DB2_B/104_1.xyt
18,out/xyt/FVC2002_DB3_B/105_2.xyt,out/xyt/FVC2002_DB4_B/105_7.xyt
18,out/xyt/FVC2000_DB3_B/102_3.xyt,out/xyt/FVC2000_DB3_B/108_7.xyt
18,out/xyt/FVC2002_DB1_B/102_2.xyt,out/xyt/FVC2002_DB4_B/109_5.xyt
18,out/xyt/FVC2000_DB2_B/107_6.xyt,out/xyt/FVC2002_DB3_B/109_4.xyt
18,out/xyt/FVC2000_DB1_B/102_4.xyt,out/xyt/FVC2002_DB2_B/109_1.xyt
18,out/xyt/FVC2002_DB2_B/109_6.xyt,out/xyt/FVC2004_DB1_B/103_8.xyt
18,out/xyt/FVC2000_DB1_B/103_7.xyt,out/xyt/FVC2000_DB1_B/108_7.xyt
18,out/xyt/FVC2002_DB2_B/108_6.xyt,out/xyt/FVC2004_DB4_B/105_3.xyt
18,out/xyt/FVC2002_DB1_B/110_5.xyt,out/xyt/FVC2002_DB3_B/102_4.xyt
18,out/xyt/FVC2000_DB2_B/107_7.xyt,out/xyt/FVC2004_DB4_B/106_7.xyt
18,out/xyt/FVC2002_DB2_B/103_2.xyt,out/xyt/FVC2002_DB4_B/108_2.xyt
18,out/xyt/FVC2000_DB4_B/105_7.xyt,out/xyt/FVC2002_DB4_B/103_2.xyt
18,out/xyt/FVC2002_DB1_B/107_8.xyt,out/xyt/FVC2004_DB4_B/110_6.xyt
18,out/xyt/FVC2002_DB1_B/103_2.xyt,out/xyt/FVC2004_DB4_B/106_5.xyt
18,out/xyt/FVC2000_DB1_B/102_5.xyt,out/xyt/FVC2002_DB2_B/109_2.xyt
18,out/xyt/FVC2002_DB4_B/110_5.xyt,out/xyt/FVC2004_DB2_B/109_1.xyt
18,out/xyt/FVC2002_DB4_B/104_2.xyt,out/xyt/FVC2004_DB3_B/105_8.xyt
18,out/xyt/FVC2000_DB4_B/103_6.xyt,out/xyt/FVC2002_DB1_B/105_1.xyt
18,out/xyt/FVC2002_DB2_B/105_3.xyt,out/xyt/FVC2002_DB2_B/106_2.xyt
18,out/xyt/FVC2002_DB3_B/105_4.xyt,out/xyt/FVC2004_DB4_B/104_4.xyt
18,out/xyt/FVC2000_DB2_B/105_8.xyt,out/xyt/FVC2002_DB3_B/108_8.xyt
18,out/xyt/FVC2002_DB2_B/109_2.xyt,out/xyt/FVC2004_DB1_B/104_3.xyt
18,out/xyt/FVC2002_DB3_B/108_6.xyt,out/xyt/FVC2004_DB3_B/102_1.xyt
18,out/xyt/FVC2002_DB1_B/105_7.xyt,out/xyt/FVC2004_DB1_B/104_1.xyt
18,out/xyt/FVC2000_DB4_B/108_4.xyt,out/xyt/FVC2004_DB4_B/110_1.xyt
18,out/xyt/FVC2002_DB4_B/105_6.xyt,out/xyt/FVC2002_DB4_B/110_2.xyt
18,out/xyt/FVC2002_DB2_B/102_5.xyt,out/xyt/FVC2002_DB2_B/108_1.xyt
18,out/xyt/FVC2000_DB4_B/109_6.xyt,out/xyt/FVC2004_DB1_B/104_1.xyt
18,out/xyt/FVC2002_DB4_B/108_1.xyt,out/xyt/FVC2004_DB2_B/108_1.xyt
18,out/xyt/FVC2002_DB4_B/107_5.xyt,out/xyt/FVC2004_DB4_B/103_4.xyt
18,out/xyt/FVC2000_DB4_B/108_7.xyt,out/xyt/FVC2002_DB4_B/102_7.xyt
18,out/xyt/FVC2000_DB1_B/105_1.xyt,out/xyt/FVC2002_DB1_B/106_8.xyt
18,out/xyt/FVC2002_DB4_B/108_6.xyt,out/xyt/FVC2004_DB4_B/106_4.xyt
18,out/xyt/FVC2002_DB1_B/103_8.xyt,out/xyt/FVC2002_DB3_B/105_3.xyt
18,out/xyt/FVC2000_DB4_B/101_4.xyt,out/xyt/FVC2002_DB4_B/102_5.xyt
18,out/xyt/FVC2002_DB1_B/110_1.xyt,out/xyt/FVC2002_DB2_B/105_6.xyt
18,out/xyt/FVC2000_DB4_B/103_7.xyt,out/xyt/FVC2002_DB4_B/105_5.xyt
18,out/xyt/FVC2000_DB2_B/109_3.xyt,out/xyt/FVC2004_DB3_B/102_7.xyt
18,out/xyt/FVC2004_DB3_B/101_7.xyt,out/xyt/FVC2004_DB3_B/102_2.xyt
18,out/xyt/FVC2002_DB3_B/106_1.xyt,out/xyt/FVC2004_DB2_B/104_5.xyt
18,out/xyt/FVC2002_DB3_B/109_2.xyt,out/xyt/FVC2004_DB1_B/107_6.xyt
18,out/xyt/FVC2002_DB4_B/102_1.xyt,out/xyt/FVC2002_DB4_B/110_4.xyt
18,out/xyt/FVC2002_DB1_B/101_6.xyt,out/xyt/FVC2002_DB1_B/110_5.xyt
18,out/xyt/FVC2004_DB1_B/104_6.xyt,out/xyt/FVC2004_DB2_B/108_4.xyt
18,out/xyt/FVC2000_DB4_B/102_1.xyt,out/xyt/FVC2000_DB4_B/105_2.xyt
18,out/xyt/FVC2004_DB1_B/104_5.xyt,out/xyt/FVC2004_DB1_B/107_1.xyt
18,out/xyt/FVC2000_DB1_B/110_7.xyt,out/xyt/FVC2002_DB2_B/103_7.xyt
18,out/xyt/FVC2000_DB4_B/110_1.xyt,out/xyt/FVC2004_DB4_B/104_3.xyt
18,out/xyt/FVC2002_DB2_B/109_5.xyt,out/xyt/FVC2004_DB1_B/103_6.xyt
18,out/xyt/FVC2002_DB4_B/109_8.xyt,out/xyt/FVC2004_DB3_B/104_1.xyt
18,out/xyt/FVC2000_DB4_B/101_4.xyt,out/xyt/FVC2004_DB4_B/104_8.xyt
18,out/xyt/FVC2000_DB3_B/102_3.xyt,out/xyt/FVC2004_DB1_B/101_8.xyt
18,out/xyt/FVC2004_DB1_B/105_6.xyt,out/xyt/FVC2004_DB2_B/104_1.xyt
18,out/xyt/FVC2000_DB4_B/101_3.xyt,out/xyt/FVC2002_DB2_B/108_4.xyt
18,out/xyt/FVC2000_DB4_B/105_4.xyt,out/xyt/FVC2004_DB4_B/105_4.xyt
18,out/xyt/FVC2000_DB1_B/109_4.xyt,out/xyt/FVC2000_DB2_B/105_7.xyt
18,out/xyt/FVC2002_DB4_B/101_4.xyt,out/xyt/FVC2002_DB4_B/103_8.xyt
18,out/xyt/FVC2000_DB1_B/105_4.xyt,out/xyt/FVC2000_DB1_B/109_5.xyt
18,out/xyt/FVC2002_DB2_B/106_5.xyt,out/xyt/FVC2004_DB3_B/106_2.xyt
18,out/xyt/FVC2000_DB1_B/106_2.xyt,out/xyt/FVC2002_DB4_B/108_8.xyt
18,out/xyt/FVC2002_DB4_B/109_4.xyt,out/xyt/FVC2004_DB4_B/104_4.xyt
18,out/xyt/FVC2000_DB1_B/109_5.xyt,out/xyt/FVC2002_DB3_B/108_5.xyt
18,out/xyt/FVC2000_DB1_B/102_7.xyt,out/xyt/FVC2004_DB1_B/108_4.xyt
18,out/xyt/FVC2000_DB4_B/109_6.xyt,out/xyt/FVC2004_DB1_B/101_2.xyt
18,out/xyt/FVC2000_DB2_B/109_1.xyt,out/xyt/FVC2002_DB4_B/105_3.xyt
18,out/xyt/FVC2000_DB1_B/108_5.xyt,out/xyt/FVC2004_DB2_B/104_1.xyt
18,out/xyt/FVC2002_DB2_B/102_2.xyt,out/xyt/FVC2004_DB4_B/106_7.xyt
18,out/xyt/FVC2000_DB4_B/109_6.xyt,out/xyt/FVC2004_DB1_B/103_8.xyt
18,out/xyt/FVC2002_DB1_B/106_8.xyt,out/xyt/FVC2002_DB2_B/108_2.xyt
18,out/xyt/FVC2000_DB4_B/110_6.xyt,out/xyt/FVC2002_DB1_B/106_1.xyt
18,out/xyt/FVC2000_DB4_B/110_6.xyt,out/xyt/FVC2004_DB1_B/107_1.xyt
18,out/xyt/FVC2002_DB4_B/103_3.xyt,out/xyt/FVC2004_DB2_B/110_4.xyt
18,out/xyt/FVC2002_DB1_B/107_2.xyt,out/xyt/FVC2002_DB2_B/108_1.xyt
18,out/xyt/FVC2002_DB1_B/105_6.xyt,out/xyt/FVC2002_DB4_B/110_1.xyt
18,out/xyt/FVC2000_DB2_B/102_2.xyt,out/xyt/FVC2004_DB4_B/110_1.xyt
18,out/xyt/FVC2000_DB1_B/109_6.xyt,out/xyt/FVC2002_DB1_B/110_4.xyt
18,out/xyt/FVC2000_DB1_B/109_5.xyt,out/xyt/FVC2002_DB4_B/102_4.xyt
18,out/xyt/FVC2004_DB1_B/103_8.xyt,out/xyt/FVC2004_DB1_B/107_2.xyt
18,out/xyt/FVC2002_DB4_B/108_2.xyt,out/xyt/FVC2004_DB4_B/104_6.xyt
18,out/xyt/FVC2000_DB1_B/108_2.xyt,out/xyt/FVC2004_DB2_B/101_5.xyt
18,out/xyt/FVC2000_DB4_B/110_8.xyt,out/xyt/FVC2002_DB2_B/109_5.xyt
18,out/xyt/FVC2002_DB1_B/104_4.xyt,out/xyt/FVC2002_DB3_B/102_8.xyt
18,out/xyt/FVC2000_DB3_B/104_3.xyt,out/xyt/FVC2000_DB3_B/108_3.xyt
18,out/xyt/FVC2000_DB4_B/110_8.xyt,out/xyt/FVC2002_DB2_B/109_7.xyt
18,out/xyt/FVC2000_DB2_B/104_1.xyt,out/xyt/FVC2004_DB2_B/108_4.xyt
18,out/xyt/FVC2000_DB4_B/103_2.xyt,out/xyt/FVC2002_DB4_B/110_2.xyt
18,out/xyt/FVC2002_DB2_B/101_1.xyt,out/xyt/FVC2002_DB2_B/110_6.xyt
18,out/xyt/FVC2002_DB1_B/105_5.xyt,out/xyt/FVC2004_DB1_B/108_6.xyt
18,out/xyt/FVC2000_DB2_B/105_7.xyt,out/xyt/FVC2002_DB4_B/110_1.xyt
18,out/xyt/FVC2004_DB2_B/107_1.xyt,out/xyt/FVC2004_DB4_B/103_7.xyt
18,out/xyt/FVC2002_DB1_B/110_4.xyt,out/xyt/FVC2002_DB3_B/102_8.xyt
18,out/xyt/FVC2002_DB1_B/109_2.xyt,out/xyt/FVC2004_DB2_B/102_1.xyt
18,out/xyt/FVC2002_DB1_B/102_4.xyt,out/xyt/FVC2004_DB4_B/106_3.xyt
18,out/xyt/FVC2002_DB4_B/103_2.xyt,out/xyt/FVC2004_DB4_B/104_3.xyt
18,out/xyt/FVC2000_DB4_B/109_7.xyt,out/xyt/FVC2004_DB4_B/108_5.xyt
18,out/xyt/FVC2000_DB4_B/103_6.xyt,out/xyt/FVC2004_DB3_B/105_3.xyt
18,out/xyt/FVC2002_DB4_B/109_5.xyt,out/xyt/FVC2004_DB4_B/108_7.xyt
18,out/xyt/FVC2000_DB1_B/106_7.xyt,out/xyt/FVC2004_DB1_B/107_1.xyt
18,out/xyt/FVC2000_DB1_B/105_1.xyt,out/xyt/FVC2002_DB4_B/108_8.xyt
18,out/xyt/FVC2002_DB2_B/106_5.xyt,out/xyt/FVC2002_DB4_B/105_4.xyt
18,out/xyt/FVC2000_DB1_B/106_5.xyt,out/xyt/FVC2004_DB2_B/103_1.xyt
18,out/xyt/FVC2000_DB2_B/109_1.xyt,out/xyt/FVC2000_DB3_B/104_3.xyt
18,out/xyt/FVC2000_DB1_B/102_7.xyt,out/xyt/FVC2004_DB2_B/103_3.xyt
18,out/xyt/FVC2000_DB1_B/102_4.xyt,out/xyt/FVC2002_DB1_B/102_4.xyt
18,out/xyt/FVC2000_DB1_B/109_8.xyt,out/xyt/FVC2002_DB1_B/107_3.xyt
18,out/xyt/FVC2000_DB1_B/110_7.xyt,out/xyt/FVC2000_DB2_B/110_5.xyt
18,out/xyt/FVC2002_DB2_B/108_3.xyt,out/xyt/FVC2002_DB4_B/110_1.xyt
18,out/xyt/FVC2000_DB1_B/106_7.xyt,out/xyt/FVC2002_DB1_B/102_2.xyt
18,out/xyt/FVC2000_DB2_B/109_5.xyt,out/xyt/FVC2000_DB4_B/109_6.xyt
18,out/xyt/FVC2002_DB2_B/108_3.xyt,out/xyt/FVC2004_DB1_B/103_3.xyt
18,out/xyt/FVC2000_DB2_B/102_5.xyt,out/xyt/FVC2004_DB3_B/104_3.xyt
18,out/xyt/FVC2002_DB1_B/106_7.xyt,out/xyt/FVC2004_DB1_B/107_5.xyt
18,out/xyt/FVC2000_DB2_B/105_2.xyt,out/xyt/FVC2002_DB1_B/107_4.xyt
18,out/xyt/FVC2000_DB4_B/109_3.xyt,out/xyt/FVC2002_DB4_B/110_1.xyt
18,out/xyt/FVC2000_DB2_B/109_1.xyt,out/xyt/FVC2004_DB3_B/106_4.xyt
18,out/xyt/FVC2000_DB1_B/109_8.xyt,out/xyt/FVC2000_DB4_B/109_5.xyt
18,out/xyt/FVC2000_DB1_B/109_8.xyt,out/xyt/FVC2002_DB4_B/110_5.xyt
18,out/xyt/FVC2000_DB4_B/110_8.xyt,out/xyt/FVC2002_DB4_B/102_3.xyt
18,out/xyt/FVC2002_DB4_B/102_5.xyt,out/xyt/FVC2002_DB4_B/105_6.xyt
18,out/xyt/FVC2000_DB2_B/104_6.xyt,out/xyt/FVC2002_DB4_B/107_4.xyt
18,out/xyt/FVC2000_DB4_B/101_3.xyt,out/xyt/FVC2002_DB2_B/108_1.xyt
18,out/xyt/FVC2000_DB2_B/107_6.xyt,out/xyt/FVC2004_DB1_B/107_1.xyt
18,out/xyt/FVC2004_DB1_B/103_8.xyt,out/xyt/FVC2004_DB1_B/104_4.xyt
18,out/xyt/FVC2002_DB1_B/106_8.xyt,out/xyt/FVC2004_DB1_B/101_5.xyt
18,out/xyt/FVC2000_DB4_B/106_8.xyt,out/xyt/FVC2002_DB1_B/101_7.xyt
18,out/xyt/FVC2000_DB1_B/101_1.xyt,out/xyt/FVC2000_DB2_B/101_2.xyt
18,out/xyt/FVC2002_DB4_B/105_1.xyt,out/xyt/FVC2002_DB4_B/109_8.xyt
18,out/xyt/FVC2002_DB2_B/103_2.xyt,out/xyt/FVC2002_DB2_B/108_1.xyt
18,out/xyt/FVC2002_DB4_B/102_7.xyt,out/xyt/FVC2002_DB4_B/107_2.xyt
18,out/xyt/FVC2002_DB1_B/107_7.xyt,out/xyt/FVC2004_DB2_B/102_1.xyt
18,out/xyt/FVC2000_DB4_B/109_2.xyt,out/xyt/FVC2004_DB2_B/103_7.xyt
18,out/xyt/FVC2004_DB2_B/109_5.xyt,out/xyt/FVC2004_DB2_B/110_6.xyt
18,out/xyt/FVC2000_DB2_B/104_8.xyt,out/xyt/FVC2002_DB1_B/104_4.xyt
18,out/xyt/FVC2002_DB4_B/105_3.xyt,out/xyt/FVC2002_DB4_B/106_5.xyt
18,out/xyt/FVC2002_DB2_B/103_7.xyt,out/xyt/FVC2004_DB2_B/108_4.xyt
18,out/xyt/FVC2000_DB4_B/109_6.xyt,out/xyt/FVC2000_DB4_B/110_3.xyt
18,out/xyt/FVC2002_DB4_B/106_6.xyt,out/xyt/FVC2004_DB4_B/105_8.xyt
18,out/xyt/FVC2002_DB2_B/107_7.xyt,out/xyt/FVC2004_DB2_B/104_5.xyt
18,out/xyt/FVC2002_DB1_B/106_3.xyt,out/xyt/FVC2002_DB4_B/107_4.xyt
18,out/xyt/FVC2000_DB4_B/102_5.xyt,out/xyt/FVC2002_DB2_B/103_2.xyt
18,out/xyt/FVC2002_DB2_B/103_3.xyt,out/xyt/FVC2004_DB1_B/108_3.xyt
18,out/xyt/FVC2002_DB4_B/105_1.xyt,out/xyt/FVC2004_DB4_B/108_7.xyt
18,out/xyt/FVC2002_DB1_B/106_1.xyt,out/xyt/FVC2004_DB4_B/102_7.xyt
18,out/xyt/FVC2000_DB2_B/104_1.xyt,out/xyt/FVC2002_DB1_B/106_3.xyt
18,out/xyt/FVC2002_DB3_B/107_2.xyt,out/xyt/FVC2002_DB3_B/108_7.xyt
18,out/xyt/FVC2004_DB1_B/104_7.xyt,out/xyt/FVC2004_DB4_B/109_5.xyt
18,out/xyt/FVC2000_DB2_B/109_3.xyt,out/xyt/FVC2000_DB4_B/109_3.xyt
18,out/xyt/FVC2002_DB4_B/109_2.xyt,out/xyt/FVC2004_DB4_B/106_4.xyt
18,out/xyt/FVC2002_DB4_B/103_7.xyt,out/xyt/FVC2004_DB4_B/108_5.xyt
18,out/xyt/FVC2002_DB1_B/106_2.xyt,out/xyt/FVC2004_DB4_B/102_5.xyt
18,out/xyt/FVC2002_DB4_B/103_3.xyt,out/xyt/FVC2004_DB4_B/106_8.xyt
18,out/xyt/FVC2000_DB1_B/108_8.xyt,out/xyt/FVC2000_DB4_B/109_3.xyt
18,out/xyt/FVC2002_DB4_B/101_3.xyt,out/xyt/FVC2002_DB4_B/105_3.xyt
18,out/xyt/FVC2002_DB1_B/107_7.xyt,out/xyt/FVC2002_DB3_B/107_2.xyt
18,out/xyt/FVC2000_DB1_B/106_4.xyt,out/xyt/FVC2000_DB1_B/108_5.xyt
18,out/xyt/FVC2004_DB1_B/108_6.xyt,out/xyt/FVC2004_DB2_B/104_5.xyt
18,out/xyt/FVC2002_DB2_B/103_2.xyt,out/xyt/FVC2002_DB2_B/106_5.xyt
18,out/xyt/FVC2002_DB1_B/104_3.xyt,out/xyt/FVC2004_DB1_B/101_8.xyt
18,out/xyt/FVC2002_DB1_B/104_8.xyt,out/xyt/FVC2004_DB4_B/105_7.xyt
18,out/xyt/FVC2000_DB4_B/109_2.xyt,out/xyt/FVC2004_DB1_B/101_7.xyt
18,out/xyt/FVC2002_DB3_B/109_1.xyt,out/xyt/FVC2004_DB2_B/103_7.xyt
18,out/xyt/FVC2002_DB1_B/107_8.xyt,out/xyt/FVC2002_DB2_B/106_5.xyt
18,out/xyt/FVC2000_DB4_B/109_2.xyt,out/xyt/FVC2004_DB1_B/101_2.xyt
18,out/xyt/FVC2000_DB2_B/105_2.xyt,out/xyt/FVC2002_DB4_B/101_4.xyt
18,out/xyt/FVC2002_DB3_B/109_7.xyt,out/xyt/FVC2004_DB1_B/107_5.xyt
18,out/xyt/FVC2002_DB1_B/102_7.xyt,out/xyt/FVC2002_DB4_B/109_3.xyt
18,out/xyt/FVC2002_DB4_B/110_6.xyt,out/xyt/FVC2004_DB1_B/103_3.xyt
18,out/xyt/FVC2002_DB2_B/108_5.xyt,out/xyt/FVC2002_DB4_B/105_4.xyt
18,out/xyt/FVC2000_DB1_B/106_1.xyt,out/xyt/FVC2004_DB1_B/107_1.xyt
18,out/xyt/FVC2000_DB1_B/108_7.xyt,out/xyt/FVC2002_DB1_B/102_4.xyt
18,out/xyt/FVC2002_DB2_B/107_1.xyt,out/xyt/FVC2004_DB1_B/107_1.xyt
18,out/xyt/FVC2002_DB1_B/102_6.xyt,out/xyt/FVC2002_DB4_B/107_1.xyt
18,out/xyt/FVC2000_DB1_B/109_6.xyt,out/xyt/FVC2002_DB3_B/109_7.xyt
18,out/xyt/FVC2000_DB1_B/106_1.xyt,out/xyt/FVC2004_DB1_B/103_7.xyt
18,out/xyt/FVC2000_DB2_B/104_5.xyt,out/xyt/FVC2004_DB4_B/103_4.xyt
18,out/xyt/FVC2002_DB3_B/106_3.xyt,out/xyt/FVC2002_DB3_B/107_6.xyt
18,out/xyt/FVC2004_DB1_B/107_1.xyt,out/xyt/FVC2004_DB4_B/106_3.xyt
18,out/xyt/FVC2000_DB4_B/102_3.xyt,out/xyt/FVC2004_DB2_B/105_7.xyt
18,out/xyt/FVC2000_DB2_B/105_7.xyt,out/xyt/FVC2002_DB2_B/108_3.xyt
18,out/xyt/FVC2000_DB2_B/103_2.xyt,out/xyt/FVC2004_DB2_B/104_3.xyt
18,out/xyt/FVC2000_DB2_B/105_2.xyt,out/xyt/FVC2002_DB4_B/105_4.xyt
18,out/xyt/FVC2004_DB2_B/108_1.xyt,out/xyt/FVC2004_DB4_B/104_8.xyt
18,out/xyt/FVC2000_DB1_B/109_3.xyt,out/xyt/FVC2000_DB4_B/109_3.xyt
18,out/xyt/FVC2000_DB1_B/105_1.xyt,out/xyt/FVC2002_DB1_B/106_3.xyt
18,out/xyt/FVC2002_DB1_B/109_5.xyt,out/xyt/FVC2004_DB2_B/105_6.xyt
18,out/xyt/FVC2002_DB2_B/108_6.xyt,out/xyt/FVC2004_DB2_B/110_4.xyt
18,out/xyt/FVC2000_DB1_B/102_5.xyt,out/xyt/FVC2000_DB1_B/105_1.xyt
18,out/xyt/FVC2002_DB2_B/103_5.xyt,out/xyt/FVC2002_DB4_B/103_8.xyt
18,out/xyt/FVC2002_DB2_B/108_8.xyt,out/xyt/FVC2004_DB1_B/108_7.xyt
18,out/xyt/FVC2000_DB4_B/102_1.xyt,out/xyt/FVC2004_DB2_B/109_5.xyt
18,out/xyt/FVC2002_DB4_B/103_8.xyt,out/xyt/FVC2004_DB1_B/104_6.xyt
18,out/xyt/FVC2002_DB1_B/102_1.xyt,out/xyt/FVC2004_DB1_B/103_5.xyt
18,out/xyt/FVC2000_DB1_B/108_1.xyt,out/xyt/FVC2004_DB1_B/107_2.xyt
18,out/xyt/FVC2002_DB2_B/102_8.xyt,out/xyt/FVC2004_DB1_B/108_5.xyt
18,out/xyt/FVC2002_DB1_B/105_4.xyt,out/xyt/FVC2004_DB1_B/104_6.xyt
18,out/xyt/FVC2002_DB1_B/107_4.xyt,out/xyt/FVC2002_DB4_B/103_5.xyt
18,out/xyt/FVC2004_DB2_B/109_3.xyt,out/xyt/FVC2004_DB4_B/108_8.xyt
18,out/xyt/FVC2000_DB2_B/105_3.xyt,out/xyt/FVC2002_DB1_B/110_1.xyt
18,out/xyt/FVC2000_DB4_B/110_5.xyt,out/xyt/FVC2004_DB1_B/107_1.xyt
18,out/xyt/FVC2000_DB1_B/108_6.xyt,out/xyt/FVC2000_DB2_B/102_3.xyt
18,out/xyt/FVC2002_DB1_B/104_1.xyt,out/xyt/FVC2004_DB2_B/108_2.xyt
18,out/xyt/FVC2000_DB1_B/104_8.xyt,out/xyt/FVC2004_DB4_B/110_7.xyt
18,out/xyt/FVC2000_DB1_B/108_6.xyt,out/xyt/FVC2000_DB2_B/102_6.xyt
18,out/xyt/FVC2002_DB2_B/109_7.xyt,out/xyt/FVC2002_DB3_B/109_1.xyt
18,out/xyt/FVC2002_DB1_B/105_7.xyt,out/xyt/FVC2004_DB2_B/103_5.xyt
18,out/xyt/FVC2000_DB4_B/109_2.xyt,out/xyt/FVC2002_DB1_B/104_8.xyt
18,out/xyt/FVC2002_DB4_B/105_4.xyt,out/xyt/FVC2004_DB3_B/105_2.xyt
18,out/xyt/FVC2000_DB1_B/106_6.xyt,out/xyt/FVC2000_DB2_B/109_5.xyt
18,out/xyt/FVC2002_DB2_B/110_6.xyt,out/xyt/FVC2004_DB1_B/107_2.xyt
18,out/xyt/FVC2002_DB2_B/108_3.xyt,out/xyt/FVC2004_DB1_B/102_1.xyt
18,out/xyt/FVC2000_DB4_B/103_6.xyt,out/xyt/FVC2002_DB1_B/107_3.xyt
18,out/xyt/FVC2000_DB1_B/109_3.xyt,out/xyt/FVC2002_DB4_B/107_4.xyt
18,out/xyt/FVC2002_DB4_B/102_3.xyt,out/xyt/FVC2004_DB1_B/104_5.xyt
18,out/xyt/FVC2002_DB3_B/110_1.xyt,out/xyt/FVC2004_DB2_B/101_5.xyt
18,out/xyt/FVC2000_DB2_B/109_3.xyt,out/xyt/FVC2004_DB2_B/107_1.xyt
18,out/xyt/FVC2000_DB2_B/106_1.xyt,out/xyt/FVC2002_DB3_B/109_2.xyt
18,out/xyt/FVC2002_DB3_B/104_8.xyt,out/xyt/FVC2004_DB2_B/103_7.xyt
18,out/xyt/FVC2002_DB1_B/105_1.xyt,out/xyt/FVC2002_DB2_B/108_8.xyt
18,out/xyt/FVC2004_DB1_B/105_6.xyt,out/xyt/FVC2004_DB3_B/102_2.xyt
18,out/xyt/FVC2000_DB1_B/101_1.xyt,out/xyt/FVC2000_DB2_B/101_6.xyt
18,out/xyt/FVC2004_DB3_B/102_5.xyt,out/xyt/FVC2004_DB3_B/110_7.xyt
18,out/xyt/FVC2000_DB2_B/104_1.xyt,out/xyt/FVC2002_DB2_B/105_2.xyt
18,out/xyt/FVC2002_DB2_B/106_2.xyt,out/xyt/FVC2004_DB3_B/105_8.xyt
18,out/xyt/FVC2002_DB4_B/110_6.xyt,out/xyt/FVC2004_DB4_B/105_5.xyt
17,out/xyt/FVC2000_DB2_B/104_2.xyt,out/xyt/FVC2004_DB1_B/102_8.xyt
17,out/xyt/FVC2000_DB1_B/109_4.xyt,out/xyt/FVC2000_DB4_B/110_5.xyt
17,out/xyt/FVC2000_DB1_B/107_8.xyt,out/xyt/FVC2000_DB4_B/110_3.xyt
17,out/xyt/FVC2000_DB2_B/107_8.xyt,out/xyt/FVC2002_DB1_B/106_2.xyt
17,out/xyt/FVC2000_DB4_B/110_3.xyt,out/xyt/FVC2004_DB4_B/109_4.xyt
17,out/xyt/FVC2000_DB2_B/105_7.xyt,out/xyt/FVC2002_DB2_B/105_7.xyt
17,out/xyt/FVC2000_DB1_B/102_3.xyt,out/xyt/FVC2004_DB2_B/103_1.xyt
17,out/xyt/FVC2000_DB1_B/108_6.xyt,out/xyt/FVC2002_DB4_B/102_5.xyt
17,out/xyt/FVC2000_DB4_B/109_5.xyt,out/xyt/FVC2002_DB4_B/102_2.xyt
17,out/xyt/FVC2000_DB1_B/104_3.xyt,out/xyt/FVC2002_DB1_B/110_2.xyt
17,out/xyt/FVC2000_DB1_B/109_6.xyt,out/xyt/FVC2000_DB2_B/105_3.xyt
17,out/xyt/FVC2000_DB4_B/105_4.xyt,out/xyt/FVC2002_DB4_B/102_6.xyt
17,out/xyt/FVC2000_DB4_B/102_3.xyt,out/xyt/FVC2002_DB4_B/110_5.xyt
17,out/xyt/FVC2000_DB2_B/105_8.xyt,out/xyt/FVC2002_DB3_B/107_4.xyt
17,out/xyt/FVC2000_DB1_B/102_6.xyt,out/xyt/FVC2002_DB1_B/102_2.xyt
17,out/xyt/FVC2000_DB2_B/105_3.xyt,out/xyt/FVC2002_DB3_B/103_6.xyt
17,out/xyt/FVC2000_DB1_B/105_1.xyt,out/xyt/FVC2004_DB3_B/106_2.xyt
17,out/xyt/FVC2000_DB1_B/109_3.xyt,out/xyt/FVC2002_DB4_B/107_2.xyt
17,out/xyt/FVC2000_DB1_B/107_8.xyt,out/xyt/FVC2000_DB1_B/109_7.xyt
17,out/xyt/FVC2000_DB2_B/107_6.xyt,out/xyt/FVC2002_DB2_B/102_5.xyt
17,out/xyt/FVC2000_DB4_B/109_6.xyt,out/xyt/FVC2002_DB1_B/105_2.xyt
17,out/xyt/FVC2002_DB4_B/108_2.xyt,out/xyt/FVC2004_DB3_B/105_6.xyt
17,out/xyt/FVC2000_DB1_B/102_4.xyt,out/xyt/FVC2004_DB2_B/108_4.xyt
17,out/xyt/FVC2000_DB1_B/108_3.xyt,out/xyt/FVC2000_DB2_B/102_6.xyt
17,out/xyt/FVC2000_DB4_B/104_3.xyt,out/xyt/FVC2004_DB1_B/107_1.xyt
17,out/xyt/FVC2000_DB2_B/107_6.xyt,out/xyt/FVC2002_DB2_B/106_5.xyt
17,out/xyt/FVC2000_DB1_B/102_8.xyt,out/xyt/FVC2002_DB2_B/105_3.xyt
17,out/xyt/FVC2002_DB1_B/106_8.xyt,out/xyt/FVC2002_DB4_B/109_2.xyt
17,out/xyt/FVC2000_DB1_B/102_4.xyt,out/xyt/FVC2004_DB2_B/108_1.xyt
17,out/xyt/FVC2000_DB2_B/107_7.xyt,out/xyt/FVC2002_DB2_B/106_5.xyt
17,out/xyt/FVC2000_DB1_B/103_1.xyt,out/xyt/FVC2002_DB3_B/104_7.xyt
17,out/xyt/FVC2000_DB1_B/109_4.xyt,out/xyt/FVC2004_DB1_B/103_1.xyt
17,out/xyt/FVC2000_DB1_B/109_1.xyt,out/xyt/FVC2002_DB4_B/109_3.xyt
17,out/xyt/FVC2000_DB2_B/109_3.xyt,out/xyt/FVC2004_DB4_B/102_8.xyt
17,out/xyt/FVC2000_DB4_B/110_7.xyt,out/xyt/FVC2002_DB4_B/107_4.xyt
17,out/xyt/FVC2002_DB4_B/101_6.xyt,out/xyt/FVC2004_DB4_B/110_3.xyt
17,out/xyt/FVC2000_DB1_B/104_5.xyt,out/xyt/FVC2002_DB2_B/106_3.xyt
17,out/xyt/FVC2000_DB1_B/107_5.xyt,out/xyt/FVC2002_DB4_B/107_5.xyt
17,out/xyt/FVC2000_DB4_B/110_3.xyt,out/xyt/FVC2004_DB4_B/108_8.xyt
17,out/xyt/FVC2000_DB2_B/106_4.xyt,out/xyt/FVC2004_DB3_B/103_1.xyt
17,out/xyt/FVC2002_DB1_B/110_4.xyt,out/xyt/FVC2002_DB3_B/102_4.xyt
17,out/xyt/FVC2000_DB2_B/104_6.xyt,out/xyt/FVC2002_DB2_B/106_4.xyt
17,out/xyt/FVC2000_DB1_B/109_3.xyt,out/xyt/FVC2004_DB4_B/105_6.xyt
17,out/xyt/FVC2000_DB1_B/106_1.xyt,out/xyt/FVC2000_DB2_B/110_3.xyt
17,out/xyt/FVC2002_DB3_B/108_7.xyt,out/xyt/FVC2004_DB2_B/102_3.xyt
17,out/xyt/FVC2000_DB2_B/109_1.xyt,out/xyt/FVC2004_DB1_B/110_1.xyt
17,out/xyt/FVC2002_DB1_B/106_3.xyt,out/xyt/FVC2002_DB2_B/104_5.xyt
17,out/xyt/FVC2000_DB1_B/109_7.xyt,out/xyt/FVC2002_DB1_B/107_3.xyt
17,out/xyt/FVC2000_DB1_B/102_5.xyt,out/xyt/FVC2000_DB4_B/109_5.xyt
17,out/xyt/FVC2000_DB4_B/103_5.xyt,out/xyt/FVC2002_DB4_B/110_3.xyt
17,out/xyt/FVC2002_DB2_B/106_1.xyt,out/xyt/FVC2002_DB4_B/108_6.xyt
17,out/xyt/FVC2000_DB1_B/108_1.xyt,out/xyt/FVC2002_DB4_B/109_1.xyt
17,out/xyt/FVC2000_DB2_B/104_1.xyt,out/xyt/FVC2000_DB4_B/110_8.xyt
17,out/xyt/FVC2002_DB1_B/105_1.xyt,out/xyt/FVC2002_DB4_B/106_1.xyt
17,out/xyt/FVC2004_DB1_B/101_2.xyt,out/xyt/FVC2004_DB4_B/101_5.xyt
17,out/xyt/FVC2000_DB4_B/101_3.xyt,out/xyt/FVC2002_DB1_B/102_7.xyt
17,out/xyt/FVC2000_DB1_B/102_4.xyt,out/xyt/FVC2002_DB2_B/108_3.xyt
17,out/xyt/FVC2002_DB1_B/102_6.xyt,out/xyt/FVC2002_DB1_B/107_7.xyt
17,out/xyt/FVC2000_DB1_B/105_3.xyt,out/xyt/FVC2004_DB4_B/106_7.xyt
17,out/xyt/FVC2002_DB4_B/102_5.xyt,out/xyt/FVC2002_DB4_B/106_1.xyt
17,out/xyt/FVC2000_DB2_B/105_2.xyt,out/xyt/FVC2000_DB4_B/109_6.xyt
17,out/xyt/FVC2002_DB4_B/103_7.xyt,out/xyt/FVC2004_DB1_B/104_5.xyt
17,out/xyt/FVC2002_DB1_B/102_7.xyt,out/xyt/FVC2002_DB4_B/102_4.xyt
17,out/xyt/FVC2000_DB1_B/102_7.xyt,out/xyt/FVC2004_DB4_B/104_6.xyt
17,out/xyt/FVC2000_DB1_B/102_8.xyt,out/xyt/FVC2002_DB1_B/104_1.xyt
17,out/xyt/FVC2002_DB4_B/103_5.xyt,out/xyt/FVC2004_DB4_B/106_3.xyt
17,out/xyt/FVC2000_DB2_B/104_1.xyt,out/xyt/FVC2004_DB2_B/109_1.xyt
17,out/xyt/FVC2000_DB4_B/109_2.xyt,out/xyt/FVC2004_DB4_B/108_7.xyt
17,out/xyt/FVC2002_DB1_B/107_6.xyt,out/xyt/FVC2002_DB3_B/106_1.xyt
17,out/xyt/FVC2002_DB1_B/107_6.xyt,out/xyt/FVC2004_DB2_B/102_6.xyt
17,out/xyt/FVC2000_DB2_B/105_7.xyt,out/xyt/FVC2000_DB2_B/109_1.xyt
17,out/xyt/FVC2002_DB1_B/105_7.xyt,out/xyt/FVC2004_DB2_B/103_1.xyt
17,out/xyt/FVC2000_DB2_B/106_6.xyt,out/xyt/FVC2004_DB1_B/109_6.xyt
17,out/xyt/FVC2000_DB3_B/109_2.xyt,out/xyt/FVC2004_DB4_B/101_5.xyt
17,out/xyt/FVC2000_DB1_B/109_3.xyt,out/xyt/FVC2002_DB1_B/102_6.xyt
17,out/xyt/FVC2004_DB1_B/105_5.xyt,out/xyt/FVC2004_DB4_B/102_7.xyt
17,out/xyt/FVC2000_DB4_B/102_3.xyt,out/xyt/FVC2002_DB2_B/110_6.xyt
17,out/xyt/FVC2002_DB1_B/105_8.xyt,out/xyt/FVC2004_DB1_B/103_8.xyt
17,out/xyt/FVC2000_DB4_B/109_6.xyt,out/xyt/FVC2002_DB4_B/102_4.xyt
17,out/xyt/FVC2000_DB3_B/103_6.xyt,out/xyt/FVC2000_DB3_B/105_4.xyt
17,out/xyt/FVC2000_DB4_B/102_3.xyt,out/xyt/FVC2002_DB1_B/109_5.xyt
17,out/xyt/FVC2000_DB1_B/104_7.xyt,out/xyt/FVC2002_DB1_B/110_5.xyt
17,out/xyt/FVC2002_DB1_B/104_5.xyt,out/xyt/FVC2002_DB3_B/105_2.xyt
17,out/xyt/FVC2000_DB3_B/109_7.xyt,out/xyt/FVC2004_DB2_B/107_1.xyt
17,out/xyt/FVC2000_DB1_B/102_3.xyt,out/xyt/FVC2002_DB2_B/110_6.xyt
17,out/xyt/FVC2002_DB2_B/108_3.xyt,out/xyt/FVC2002_DB4_B/105_5.xyt
17,out/xyt/FVC2002_DB2_B/103_2.xyt,out/xyt/FVC2004_DB4_B/108_5.xyt
17,out/xyt/FVC2002_DB4_B/102_7.xyt,out/xyt/FVC2004_DB4_B/105_8.xyt
17,out/xyt/FVC2000_DB2_B/107_8.xyt,out/xyt/FVC2004_DB4_B/110_3.xyt
17,out/xyt/FVC2004_DB2_B/104_1.xyt,out/xyt/FVC2004_DB3_B/108_1.xyt
17,out/xyt/FVC2002_DB4_B/105_2.xyt,out/xyt/FVC2004_DB4_B/108_2.xyt
17,out/xyt/FVC2002_DB3_B/104_6.xyt,out/xyt/FVC2002_DB3_B/109_5.xyt
17,out/xyt/FVC2004_DB1_B/101_5.xyt,out/xyt/FVC2004_DB2_B/104_1.xyt
17,out/xyt/FVC2002_DB2_B/106_3.xyt,out/xyt/FVC2004_DB2_B/109_1.xyt
17,out/xyt/FVC2000_DB2_B/107_1.xyt,out/xyt/FVC2002_DB1_B/107_3.xyt
17,out/xyt/FVC2004_DB4_B/102_7.xyt,out/xyt/FVC2004_DB4_B/103_3.xyt
17,out/xyt/FVC2000_DB1_B/105_6.xyt,out/xyt/FVC2002_DB2_B/108_3.xyt
17,out/xyt/FVC2002_DB2_B/102_8.xyt,out/xyt/FVC2004_DB4_B/110_1.xyt
17,out/xyt/FVC2000_DB2_B/107_7.xyt,out/xyt/FVC2002_DB1_B/106_5.xyt
17,out/xyt/FVC2000_DB1_B/109_5.xyt,out/xyt/FVC2004_DB1_B/109_6.xyt
17,out/xyt/FVC2002_DB4_B/108_5.xyt,out/xyt/FVC2004_DB1_B/101_3.xyt
17,out/xyt/FVC2002_DB4_B/109_5.xyt,out/xyt/FVC2004_DB3_B/105_6.xyt
17,out/xyt/FVC2000_DB1_B/109_5.xyt,out/xyt/FVC2004_DB2_B/109_5.xyt
17,out/xyt/FVC2000_DB1_B/102_4.xyt,out/xyt/FVC2004_DB1_B/104_4.xyt
17,out/xyt/FVC2000_DB4_B/103_4.xyt,out/xyt/FVC2002_DB4_B/103_4.xyt
17,out/xyt/FVC2002_DB3_B/109_6.xyt,out/xyt/FVC2004_DB3_B/105_5.xyt
17,out/xyt/FVC2000_DB4_B/101_3.xyt,out/xyt/FVC2004_DB4_B/105_2.xyt
17,out/xyt/FVC2002_DB1_B/102_2.xyt,out/xyt/FVC2004_DB1_B/108_7.xyt
17,out/xyt/FVC2002_DB2_B/104_1.xyt,out/xyt/FVC2002_DB3_B/108_4.xyt
17,out/xyt/FVC2002_DB3_B/110_1.xyt,out/xyt/FVC2002_DB4_B/101_1.xyt
17,out/xyt/FVC2000_DB4_B/109_1.xyt,out/xyt/FVC2002_DB1_B/106_3.xyt
17,out/xyt/FVC2002_DB1_B/102_1.xyt,out/xyt/FVC2002_DB2_B/103_7.xyt
17,out/xyt/FVC2000_DB2_B/109_4.xyt,out/xyt/FVC2002_DB3_B/107_6.xyt
17,out/xyt/FVC2004_DB2_B/103_3.xyt,out/xyt/FVC2004_DB4_B/106_3.xyt
17,out/xyt/FVC2000_DB4_B/102_3.xyt,out/xyt/FVC2002_DB4_B/110_1.xyt
17,out/xyt/FVC2002_DB1_B/102_4.xyt,out/xyt/FVC2004_DB4_B/106_7.xyt
17,out/xyt/FVC2002_DB3_B/104_5.xyt,out/xyt/FVC2004_DB4_B/106_4.xyt
17,out/xyt/FVC2002_DB1_B/104_4.xyt,out/xyt/FVC2002_DB4_B/102_7.xyt
17,out/xyt/FVC2000_DB4_B/106_5.xyt,out/xyt/FVC2002_DB3_B/109_1.xyt
17,out/xyt/FVC2004_DB1_B/102_3.xyt,out/xyt/FVC2004_DB4_B/106_3.xyt
17,out/xyt/FVC2000_DB1_B/110_7.xyt,out/xyt/FVC2002_DB2_B/103_2.xyt
17,out/xyt/FVC2002_DB2_B/103_2.xyt,out/xyt/FVC2002_DB4_B/103_3.xyt
17,out/xyt/FVC2002_DB1_B/101_6.xyt,out/xyt/FVC2002_DB2_B/110_6.xyt
17,out/xyt/FVC2000_DB4_B/103_8.xyt,out/xyt/FVC2002_DB4_B/103_4.xyt
17,out/xyt/FVC2002_DB1_B/102_6.xyt,out/xyt/FVC2004_DB3_B/106_2.xyt
17,out/xyt/FVC2000_DB2_B/107_5.xyt,out/xyt/FVC2002_DB2_B/110_6.xyt
17,out/xyt/FVC2000_DB1_B/106_5.xyt,out/xyt/FVC2000_DB1_B/109_3.xyt
17,out/xyt/FVC2002_DB2_B/108_2.xyt,out/xyt/FVC2004_DB4_B/105_3.xyt
17,out/xyt/FVC2002_DB1_B/102_6.xyt,out/xyt/FVC2002_DB2_B/102_1.xyt
17,out/xyt/FVC2004_DB2_B/108_8.xyt,out/xyt/FVC2004_DB4_B/110_1.xyt
17,out/xyt/FVC2002_DB1_B/107_4.xyt,out/xyt/FVC2004_DB1_B/102_8.xyt
17,out/xyt/FVC2002_DB4_B/106_2.xyt,out/xyt/FVC2004_DB4_B/106_7.xyt
17,out/xyt/FVC2002_DB1_B/110_2.xyt,out/xyt/FVC2002_DB2_B/106_2.xyt
17,out/xyt/FVC2000_DB4_B/109_7.xyt,out/xyt/FVC2002_DB2_B/108_3.xyt
17,out/xyt/FVC2000_DB2_B/109_5.xyt,out/xyt/FVC2002_DB4_B/107_3.xyt
17,out/xyt/FVC2000_DB1_B/107_5.xyt,out/xyt/FVC2002_DB4_B/107_4.xyt
17,out/xyt/FVC2000_DB4_B/104_4.xyt,out/xyt/FVC2000_DB4_B/110_8.xyt
17,out/xyt/FVC2002_DB4_B/102_5.xyt,out/xyt/FVC2002_DB4_B/108_2.xyt
17,out/xyt/FVC2000_DB4_B/103_6.xyt,out/xyt/FVC2004_DB3_B/105_5.xyt
17,out/xyt/FVC2000_DB1_B/109_4.xyt,out/xyt/FVC2000_DB4_B/102_5.xyt
17,out/xyt/FVC2000_DB1_B/109_7.xyt,out/xyt/FVC2002_DB4_B/102_3.xyt
17,out/xyt/FVC2000_DB2_B/105_3.xyt,out/xyt/FVC2004_DB2_B/102_3.xyt
17,out/xyt/FVC2000_DB4_B/102_5.xyt,out/xyt/FVC2004_DB4_B/108_8.xyt
17,out/xyt/FVC2002_DB3_B/103_5.xyt,out/xyt/FVC2004_DB2_B/104_2.xyt
17,out/xyt/FVC2000_DB2_B/102_6.xyt,out/xyt/FVC2002_DB1_B/104_8.xyt
17,out/xyt/FVC2000_DB2_B/107_8.xyt,out/xyt/FVC2002_DB1_B/110_3.xyt
17,out/xyt/FVC2002_DB4_B/105_3.xyt,out/xyt/FVC2004_DB4_B/103_5.xyt
17,out/xyt/FVC2000_DB1_B/106_1.xyt,out/xyt/FVC2004_DB2_B/105_6.xyt
17,out/xyt/FVC2000_DB1_B/106_7.xyt,out/xyt/FVC2000_DB2_B/103_5.xyt
17,out/xyt/FVC2004_DB1_B/104_6.xyt,out/xyt/FVC2004_DB4_B/106_7.xyt
17,out/xyt/FVC2004_DB1_B/104_1.xyt,out/xyt/FVC2004_DB4_B/105_7.xyt
17,out/xyt/FVC2000_DB2_B/103_3.xyt,out/xyt/FVC2004_DB2_B/103_5.xyt
17,out/xyt/FVC2002_DB4_B/102_7.xyt,out/xyt/FVC2002_DB4_B/110_7.xyt
17,out/xyt/FVC2000_DB1_B/102_6.xyt,out/xyt/FVC2000_DB2_B/104_2.xyt
17,out/xyt/FVC2000_DB2_B/106_5.xyt,out/xyt/FVC2002_DB1_B/109_4.xyt
17,out/xyt/FVC2000_DB2_B/109_8.xyt,out/xyt/FVC2000_DB3_B/105_1.xyt
17,out/xyt/FVC2002_DB1_B/110_8.xyt,out/xyt/FVC2002_DB3_B/102_6.xyt
17,out/xyt/FVC2000_DB3_B/108_5.xyt,out/xyt/FVC2004_DB2_B/107_1.xyt
17,out/xyt/FVC2000_DB1_B/109_3.xyt,out/xyt/FVC2002_DB4_B/103_4.xyt
17,out/xyt/FVC2000_DB4_B/102_5.xyt,out/xyt/FVC2004_DB4_B/106_8.xyt
17,out/xyt/FVC2002_DB2_B/103_2.xyt,out/xyt/FVC2002_DB2_B/106_3.xyt
17,out/xyt/FVC2000_DB1_B/107_6.xyt,out/xyt/FVC2002_DB3_B/105_2.xyt
17,out/xyt/FVC2000_DB4_B/101_4.xyt,out/xyt/FVC2002_DB2_B/104_2.xyt
17,out/xyt/FVC2000_DB1_B/103_1.xyt,out/xyt/FVC2000_DB4_B/110_7.xyt
17,out/xyt/FVC2000_DB1_B/103_1.xyt,out/xyt/FVC2000_DB4_B/110_8.xyt
17,out/xyt/FVC2000_DB4_B/103_7.xyt,out/xyt/FVC2002_DB4_B/110_3.xyt
17,out/xyt/FVC2000_DB2_B/105_7.xyt,out/xyt/FVC2002_DB4_B/105_4.xyt
17,out/xyt/FVC2000_DB1_B/102_4.xyt,out/xyt/FVC2002_DB4_B/110_5.xyt
17,out/xyt/FVC2002_DB3_B/108_6.xyt,out/xyt/FVC2002_DB3_B/109_2.xyt
17,out/xyt/FVC2002_DB4_B/108_6.xyt,out/xyt/FVC2004_DB4_B/110_8.xyt
17,out/xyt/FVC2000_DB4_B/109_6.xyt,out/xyt/FVC2004_DB1_B/107_2.xyt
17,out/xyt/FVC2002_DB1_B/102_7.xyt,out/xyt/FVC2002_DB2_B/102_1.xyt
17,out/xyt/FVC2000_DB2_B/104_6.xyt,out/xyt/FVC2000_DB3_B/110_7.xyt
17,out/xyt/FVC2000_DB1_B/108_1.xyt,out/xyt/FVC2004_DB2_B/108_3.xyt
17,out/xyt/FVC2000_DB1_B/108_7.xyt,out/xyt/FVC2000_DB2_B/109_5.xyt
17,out/xyt/FVC2000_DB1_B/109_4.xyt,out/xyt/FVC2000_DB4_B/102_1.xyt
17,out/xyt/FVC2002_DB1_B/107_2.xyt,out/xyt/FVC2004_DB1_B/104_5.xyt
17,out/xyt/FVC2002_DB4_B/102_6.xyt,out/xyt/FVC2002_DB4_B/110_1.xyt
17,out/xyt/FVC2000_DB2_B/104_1.xyt,out/xyt/FVC2004_DB4_B/106_7.xyt
17,out/xyt/FVC2002_DB1_B/105_8.xyt,out/xyt/FVC2004_DB4_B/106_7.xyt
17,out/xyt/FVC2002_DB2_B/106_7.xyt,out/xyt/FVC2004_DB2_B/109_1.xyt
17,out/xyt/FVC2000_DB1_B/106_7.xyt,out/xyt/FVC2004_DB1_B/109_1.xyt
17,out/xyt/FVC2000_DB1_B/105_2.xyt,out/xyt/FVC2000_DB1_B/109_4.xyt
17,out/xyt/FVC2002_DB2_B/103_4.xyt,out/xyt/FVC2002_DB2_B/109_5.xyt
17,out/xyt/FVC2000_DB1_B/107_3.xyt,out/xyt/FVC2002_DB2_B/101_4.xyt
17,out/xyt/FVC2000_DB1_B/102_4.xyt,out/xyt/FVC2002_DB2_B/105_3.xyt
17,out/xyt/FVC2004_DB1_B/108_4.xyt,out/xyt/FVC2004_DB2_B/104_2.xyt
17,out/xyt/FVC2002_DB1_B/106_8.xyt,out/xyt/FVC2004_DB1_B/102_2.xyt
17,out/xyt/FVC2000_DB3_B/104_3.xyt,out/xyt/FVC2004_DB2_B/107_4.xyt
17,out/xyt/FVC2000_DB1_B/107_3.xyt,out/xyt/FVC2002_DB1_B/106_3.xyt
17,out/xyt/FVC2004_DB2_B/108_1.xyt,out/xyt/FVC2004_DB2_B/109_1.xyt
17,out/xyt/FVC2000_DB2_B/103_4.xyt,out/xyt/FVC2002_DB3_B/109_7.xyt
17,out/xyt/FVC2000_DB4_B/104_5.xyt,out/xyt/FVC2004_DB4_B/106_7.xyt
17,out/xyt/FVC2000_DB2_B/104_1.xyt,out/xyt/FVC2004_DB4_B/110_7.xyt
17,out/xyt/FVC2002_DB4_B/102_5.xyt,out/xyt/FVC2004_DB4_B/110_3.xyt
17,out/xyt/FVC2002_DB2_B/110_6.xyt,out/xyt/FVC2002_DB4_B/107_2.xyt
17,out/xyt/FVC2000_DB1_B/109_1.xyt,out/xyt/FVC2004_DB3_B/110_5.xyt
17,out/xyt/FVC2000_DB4_B/109_6.xyt,out/xyt/FVC2002_DB1_B/106_6.xyt
17,out/xyt/FVC2002_DB1_B/107_3.xyt,out/xyt/FVC2004_DB4_B/106_7.xyt
17,out/xyt/FVC2004_DB1_B/103_8.xyt,out/xyt/FVC2004_DB1_B/107_6.xyt
17,out/xyt/FVC2000_DB4_B/105_4.xyt,out/xyt/FVC2002_DB1_B/107_1.xyt
17,out/xyt/FVC2002_DB4_B/101_6.xyt,out/xyt/FVC2004_DB4_B/104_1.xyt
17,out/xyt/FVC2000_DB2_B/105_2.xyt,out/xyt/FVC2002_DB4_B/102_7.xyt
17,out/xyt/FVC2004_DB2_B/104_6.xyt,out/xyt/FVC2004_DB4_B/106_3.xyt
17,out/xyt/FVC2000_DB4_B/109_1.xyt,out/xyt/FVC2002_DB2_B/108_3.xyt
17,out/xyt/FVC2004_DB4_B/108_7.xyt,out/xyt/FVC2004_DB4_B/110_1.xyt
17,out/xyt/FVC2002_DB2_B/105_7.xyt,out/xyt/FVC2004_DB1_B/102_2.xyt
17,out/xyt/FVC2000_DB4_B/108_7.xyt,out/xyt/FVC2002_DB4_B/108_5.xyt
17,out/xyt/FVC2000_DB1_B/105_3.xyt,out/xyt/FVC2002_DB4_B/102_7.xyt
17,out/xyt/FVC2000_DB2_B/102_8.xyt,out/xyt/FVC2004_DB2_B/108_2.xyt
17,out/xyt/FVC2004_DB4_B/102_6.xyt,out/xyt/FVC2004_DB4_B/109_5.xyt
17,out/xyt/FVC2000_DB4_B/103_1.xyt,out/xyt/FVC2002_DB2_B/110_6.xyt
17,out/xyt/FVC2000_DB1_B/106_2.xyt,out/xyt/FVC2002_DB1_B/107_8.xyt
17,out/xyt/FVC2002_DB4_B/107_1.xyt,out/xyt/FVC2004_DB4_B/108_1.xyt
17,out/xyt/FVC2000_DB4_B/109_6.xyt,out/xyt/FVC2002_DB2_B/108_1.xyt
17,out/xyt/FVC2000_DB2_B/107_6.xyt,out/xyt/FVC2002_DB2_B/108_3.xyt
17,out/xyt/FVC2002_DB2_B/101_7.xyt,out/xyt/FVC2002_DB2_B/110_6.xyt
17,out/xyt/FVC2000_DB2_B/104_1.xyt,out/xyt/FVC2000_DB4_B/109_3.xyt
17,out/xyt/FVC2000_DB2_B/104_3.xyt,out/xyt/FVC2002_DB2_B/105_3.xyt
17,out/xyt/FVC2000_DB2_B/107_7.xyt,out/xyt/FVC2000_DB4_B/109_5.xyt
17,out/xyt/FVC2000_DB1_B/109_4.xyt,out/xyt/FVC2002_DB1_B/107_7.xyt
17,out/xyt/FVC2000_DB1_B/106_8.xyt,out/xyt/FVC2000_DB4_B/105_4.xyt
17,out/xyt/FVC2002_DB3_B/106_3.xyt,out/xyt/FVC2002_DB3_B/109_1.xyt
17,out/xyt/FVC2002_DB4_B/109_3.xyt,out/xyt/FVC2004_DB1_B/103_6.xyt
17,out/xyt/FVC2004_DB1_B/104_1.xyt,out/xyt/FVC2004_DB1_B/108_5.xyt
17,out/xyt/FVC2000_DB2_B/107_7.xyt,out/xyt/FVC2004_DB1_B/108_6.xyt
17,out/xyt/FVC2002_DB1_B/106_3.xyt,out/xyt/FVC2002_DB2_B/102_5.xyt
17,out/xyt/FVC2000_DB4_B/110_3.xyt,out/xyt/FVC2004_DB2_B/104_5.xyt
17,out/xyt/FVC2000_DB4_B/108_1.xyt,out/xyt/FVC2000_DB4_B/110_5.xyt
17,out/xyt/FVC2000_DB2_B/108_4.xyt,out/xyt/FVC2004_DB1_B/104_2.xyt
17,out/xyt/FVC2000_DB1_B/109_3.xyt,out/xyt/FVC2000_DB4_B/109_6.xyt
17,out/xyt/FVC2002_DB2_B/103_4.xyt,out/xyt/FVC2004_DB2_B/108_4.xyt
17,out/xyt/FVC2002_DB1_B/102_2.xyt,out/xyt/FVC2002_DB2_B/109_7.xyt
17,out/xyt/FVC2000_DB2_B/107_6.xyt,out/xyt/FVC2002_DB4_B/102_5.xyt
17,out/xyt/FVC2002_DB4_B/107_4.xyt,out/xyt/FVC2004_DB1_B/101_6.xyt
17,out/xyt/FVC2002_DB4_B/105_3.xyt,out/xyt/FVC2004_DB1_B/101_7.xyt
17,out/xyt/FVC2002_DB1_B/105_6.xyt,out/xyt/FVC2004_DB2_B/107_2.xyt
17,out/xyt/FVC2002_DB3_B/109_2.xyt,out/xyt/FVC2004_DB1_B/107_7.xyt
17,out/xyt/FVC2002_DB1_B/106_5.xyt,out/xyt/FVC2002_DB3_B/101_4.xyt
17,out/xyt/FVC2000_DB4_B/101_3.xyt,out/xyt/FVC2002_DB3_B/105_4.xyt
17,out/xyt/FVC2000_DB4_B/105_7.xyt,out/xyt/FVC2002_DB1_B/105_1.xyt
17,out/xyt/FVC2002_DB1_B/107_1.xyt,out/xyt/FVC2002_DB4_B/102_7.xyt
17,out/xyt/FVC2002_DB4_B/108_6.xyt,out/xyt/FVC2002_DB4_B/110_4.xyt
17,out/xyt/FVC2000_DB1_B/106_7.xyt,out/xyt/FVC2002_DB2_B/105_7.xyt
17,out/xyt/FVC2002_DB4_B/103_5.xyt,out/xyt/FVC2004_DB2_B/108_7.xyt
17,out/xyt/FVC2002_DB1_B/101_1.xyt,out/xyt/FVC2002_DB1_B/110_4.xyt
17,out/xyt/FVC2000_DB4_B/102_1.xyt,out/xyt/FVC2002_DB4_B/110_1.xyt
17,out/xyt/FVC2000_DB4_B/102_4.xyt,out/xyt/FVC2004_DB1_B/101_4.xyt
17,out/xyt/FVC2002_DB2_B/108_1.xyt,out/xyt/FVC2002_DB4_B/103_8.xyt
17,out/xyt/FVC2000_DB2_B/107_6.xyt,out/xyt/FVC2004_DB4_B/106_2.xyt
17,out/xyt/FVC2000_DB4_B/110_3.xyt,out/xyt/FVC2002_DB4_B/110_2.xyt
17,out/xyt/FVC2000_DB1_B/109_7.xyt,out/xyt/FVC2004_DB4_B/109_6.xyt
17,out/xyt/FVC2002_DB2_B/101_7.xyt,out/xyt/FVC2002_DB3_B/109_1.xyt
17,out/xyt/FVC2000_DB2_B/107_8.xyt,out/xyt/FVC2002_DB4_B/102_6.xyt
17,out/xyt/FVC2000_DB2_B/107_3.xyt,out/xyt/FVC2002_DB3_B/105_2.xyt
17,out/xyt/FVC2002_DB1_B/110_3.xyt,out/xyt/FVC2004_DB1_B/101_4.xyt
17,out/xyt/FVC2000_DB1_B/108_4.xyt,out/xyt/FVC2002_DB4_B/102_7.xyt
17,out/xyt/FVC2000_DB4_B/101_3.xyt,out/xyt/FVC2002_DB3_B/109_4.xyt
17,out/xyt/FVC2000_DB2_B/105_7.xyt,out/xyt/FVC2002_DB1_B/110_8.xyt
17,out/xyt/FVC2000_DB4_B/102_2.xyt,out/xyt/FVC2002_DB4_B/102_4.xyt
17,out/xyt/FVC2000_DB1_B/110_8.xyt,out/xyt/FVC2000_DB4_B/105_4.xyt
17,out/xyt/FVC2002_DB1_B/102_1.xyt,out/xyt/FVC2004_DB1_B/103_1.xyt
17,out/xyt/FVC2000_DB4_B/110_4.xyt,out/xyt/FVC2002_DB4_B/102_7.xyt
17,out/xyt/FVC2002_DB2_B/102_2.xyt,out/xyt/FVC2002_DB4_B/108_2.xyt
17,out/xyt/FVC2000_DB4_B/101_3.xyt,out/xyt/FVC2002_DB1_B/105_7.xyt
17,out/xyt/FVC2000_DB1_B/109_6.xyt,out/xyt/FVC2004_DB4_B/105_1.xyt
17,out/xyt/FVC2002_DB1_B/110_4.xyt,out/xyt/FVC2002_DB3_B/102_1.xyt
17,out/xyt/FVC2002_DB2_B/102_2.xyt,out/xyt/FVC2002_DB3_B/109_5.xyt
17,out/xyt/FVC2000_DB3_B/110_8.xyt,out/xyt/FVC2004_DB4_B/102_4.xyt
17,out/xyt/FVC2002_DB3_B/107_1.xyt,out/xyt/FVC2002_DB4_B/107_2.xyt
17,out/xyt/FVC2000_DB1_B/105_2.xyt,out/xyt/FVC2000_DB1_B/109_5.xyt
17,out/xyt/FVC2002_DB4_B/108_2.xyt,out/xyt/FVC2004_DB4_B/104_1.xyt
17,out/xyt/FVC2002_DB1_B/106_8.xyt,out/xyt/FVC2002_DB2_B/108_1.xyt
17,out/xyt/FVC2002_DB4_B/106_7.xyt,out/xyt/FVC2004_DB4_B/108_8.xyt
17,out/xyt/FVC2000_DB4_B/110_4.xyt,out/xyt/FVC2002_DB4_B/105_7.xyt
17,out/xyt/FVC2004_DB1_B/104_6.xyt,out/xyt/FVC2004_DB1_B/108_4.xyt
17,out/xyt/FVC2000_DB4_B/108_5.xyt,out/xyt/FVC2004_DB4_B/110_1.xyt
17,out/xyt/FVC2000_DB1_B/109_7.xyt,out/xyt/FVC2002_DB4_B/109_8.xyt
17,out/xyt/FVC2000_DB4_B/103_7.xyt,out/xyt/FVC2002_DB4_B/110_1.xyt
17,out/xyt/FVC2000_DB4_B/109_6.xyt,out/xyt/FVC2002_DB4_B/103_7.xyt
17,out/xyt/FVC2000_DB3_B/109_1.xyt,out/xyt/FVC2004_DB1_B/105_8.xyt
17,out/xyt/FVC2002_DB2_B/102_7.xyt,out/xyt/FVC2002_DB4_B/108_8.xyt
17,out/xyt/FVC2000_DB2_B/105_2.xyt,out/xyt/FVC2002_DB2_B/108_4.xyt
17,out/xyt/FVC2002_DB1_B/109_1.xyt,out/xyt/FVC2004_DB2_B/101_1.xyt
17,out/xyt/FVC2002_DB1_B/106_1.xyt,out/xyt/FVC2004_DB1_B/101_2.xyt
17,out/xyt/FVC2002_DB1_B/110_1.xyt,out/xyt/FVC2002_DB2_B/102_8.xyt
17,out/xyt/FVC2002_DB1_B/104_3.xyt,out/xyt/FVC2004_DB2_B/104_5.xyt
17,out/xyt/FVC2000_DB1_B/108_4.xyt,out/xyt/FVC2000_DB2_B/108_1.xyt
17,out/xyt/FVC2002_DB4_B/101_5.xyt,out/xyt/FVC2002_DB4_B/110_4.xyt
17,out/xyt/FVC2000_DB1_B/109_4.xyt,out/xyt/FVC2004_DB1_B/105_2.xyt
17,out/xyt/FVC2000_DB1_B/109_3.xyt,out/xyt/FVC2000_DB2_B/107_5.xyt
17,out/xyt/FVC2000_DB4_B/110_5.xyt,out/xyt/FVC2004_DB4_B/105_8.xyt
17,out/xyt/FVC2002_DB2_B/107_4.xyt,out/xyt/FVC2004_DB2_B/108_3.xyt
17,out/xyt/FVC2000_DB4_B/110_3.xyt,out/xyt/FVC2004_DB4_B/109_5.xyt
17,out/xyt/FVC2000_DB1_B/102_4.xyt,out/xyt/FVC2002_DB3_B/108_4.xyt
17,out/xyt/FVC2000_DB1_B/104_5.xyt,out/xyt/FVC2000_DB2_B/107_5.xyt
17,out/xyt/FVC2000_DB2_B/107_1.xyt,out/xyt/FVC2002_DB1_B/105_5.xyt
17,out/xyt/FVC2000_DB2_B/107_8.xyt,out/xyt/FVC2002_DB4_B/105_7.xyt
17,out/xyt/FVC2002_DB1_B/102_1.xyt,out/xyt/FVC2002_DB1_B/106_7.xyt
17,out/xyt/FVC2002_DB1_B/107_6.xyt,out/xyt/FVC2004_DB2_B/109_3.xyt
17,out/xyt/FVC2000_DB3_B/110_7.xyt,out/xyt/FVC2004_DB4_B/102_2.xyt
17,out/xyt/FVC2000_DB2_B/103_5.xyt,out/xyt/FVC2002_DB2_B/106_5.xyt
17,out/xyt/FVC2002_DB1_B/102_7.xyt,out/xyt/FVC2004_DB4_B/104_3.xyt
17,out/xyt/FVC2002_DB2_B/106_1.xyt,out/xyt/FVC2004_DB3_B/105_5.xyt
17,out/xyt/FVC2000_DB4_B/102_5.xyt,out/xyt/FVC2004_DB2_B/109_1.xyt
17,out/xyt/FVC2002_DB1_B/110_4.xyt,out/xyt/FVC2002_DB3_B/108_5.xyt
17,out/xyt/FVC2000_DB1_B/106_8.xyt,out/xyt/FVC2002_DB1_B/109_2.xyt
17,out/xyt/FVC2002_DB4_B/103_7.xyt,out/xyt/FVC2004_DB4_B/106_3.xyt
17,out/xyt/FVC2002_DB2_B/107_4.xyt,out/xyt/FVC2004_DB2_B/104_5.xyt
17,out/xyt/FVC2000_DB1_B/105_1.xyt,out/xyt/FVC2002_DB2_B/103_4.xyt
17,out/xyt/FVC2000_DB3_B/110_6.xyt,out/xyt/FVC2004_DB2_B/108_3.xyt
17,out/xyt/FVC2004_DB4_B/106_5.xyt,out/xyt/FVC2004_DB4_B/110_6.xyt
17,out/xyt/FVC2002_DB3_B/101_4.xyt,out/xyt/FVC2002_DB3_B/107_1.xyt
17,out/xyt/FVC2002_DB2_B/101_6.xyt,out/xyt/FVC2004_DB4_B/105_7.xyt
17,out/xyt/FVC2002_DB1_B/102_1.xyt,out/xyt/FVC2004_DB1_B/101_5.xyt
17,out/xyt/FVC2002_DB4_B/103_4.xyt,out/xyt/FVC2002_DB4_B/109_5.xyt
17,out/xyt/FVC2002_DB1_B/102_7.xyt,out/xyt/FVC2002_DB4_B/107_2.xyt
17,out/xyt/FVC2000_DB4_B/109_6.xyt,out/xyt/FVC2002_DB4_B/108_6.xyt
17,out/xyt/FVC2000_DB1_B/106_8.xyt,out/xyt/FVC2000_DB1_B/107_4.xyt
17,out/xyt/FVC2002_DB1_B/106_5.xyt,out/xyt/FVC2002_DB4_B/103_7.xyt
17,out/xyt/FVC2000_DB1_B/101_8.xyt,out/xyt/FVC2000_DB2_B/101_4.xyt
17,out/xyt/FVC2000_DB4_B/110_3.xyt,out/xyt/FVC2002_DB4_B/105_7.xyt
17,out/xyt/FVC2000_DB4_B/106_8.xyt,out/xyt/FVC2002_DB4_B/104_6.xyt
17,out/xyt/FVC2002_DB1_B/106_3.xyt,out/xyt/FVC2004_DB1_B/106_8.xyt
17,out/xyt/FVC2000_DB1_B/106_1.xyt,out/xyt/FVC2000_DB1_B/109_3.xyt
17,out/xyt/FVC2002_DB1_B/106_6.xyt,out/xyt/FVC2002_DB2_B/106_1.xyt
17,out/xyt/FVC2000_DB2_B/109_3.xyt,out/xyt/FVC2004_DB1_B/110_2.xyt
17,out/xyt/FVC2000_DB1_B/108_1.xyt,out/xyt/FVC2000_DB2_B/108_5.xyt
17,out/xyt/FVC2000_DB4_B/109_5.xyt,out/xyt/FVC2002_DB2_B/109_5.xyt
17,out/xyt/FVC2000_DB4_B/102_1.xyt,out/xyt/FVC2002_DB4_B/101_1.xyt
17,out/xyt/FVC2002_DB1_B/106_8.xyt,out/xyt/FVC2002_DB2_B/103_2.xyt
17,out/xyt/FVC2000_DB2_B/103_5.xyt,out/xyt/FVC2002_DB2_B/103_6.xyt
17,out/xyt/FVC2000_DB1_B/106_3.xyt,out/xyt/FVC2004_DB2_B/105_6.xyt
17,out/xyt/FVC2002_DB1_B/104_4.xyt,out/xyt/FVC2004_DB2_B/103_1.xyt
17,out/xyt/FVC2002_DB1_B/102_1.xyt,out/xyt/FVC2002_DB1_B/105_5.xyt
17,out/xyt/FVC2000_DB2_B/104_5.xyt,out/xyt/FVC2002_DB2_B/106_6.xyt
17,out/xyt/FVC2000_DB1_B/109_3.xyt,out/xyt/FVC2002_DB4_B/107_5.xyt
17,out/xyt/FVC2002_DB2_B/110_6.xyt,out/xyt/FVC2002_DB3_B/109_8.xyt
17,out/xyt/FVC2000_DB4_B/109_4.xyt,out/xyt/FVC2002_DB2_B/106_1.xyt
17,out/xyt/FVC2002_DB1_B/110_4.xyt,out/xyt/FVC2004_DB1_B/107_1.xyt
17,out/xyt/FVC2000_DB4_B/102_8.xyt,out/xyt/FVC2002_DB4_B/105_3.xyt
17,out/xyt/FVC2002_DB1_B/102_1.xyt,out/xyt/FVC2004_DB4_B/108_6.xyt
17,out/xyt/FVC2002_DB1_B/109_1.xyt,out/xyt/FVC2004_DB2_B/101_3.xyt
17,out/xyt/FVC2000_DB1_B/102_8.xyt,out/xyt/FVC2000_DB1_B/106_3.xyt
17,out/xyt/FVC2002_DB2_B/109_5.xyt,out/xyt/FVC2002_DB4_B/103_5.xyt
17,out/xyt/FVC2000_DB2_B/102_6.xyt,out/xyt/FVC2004_DB1_B/104_5.xyt
17,out/xyt/FVC2000_DB4_B/101_4.xyt,out/xyt/FVC2004_DB1_B/104_4.xyt
17,out/xyt/FVC2002_DB2_B/103_4.xyt,out/xyt/FVC2002_DB3_B/104_7.xyt
17,out/xyt/FVC2004_DB1_B/102_3.xyt,out/xyt/FVC2004_DB1_B/107_1.xyt
17,out/xyt/FVC2000_DB4_B/109_4.xyt,out/xyt/FVC2004_DB4_B/110_6.xyt
17,out/xyt/FVC2004_DB1_B/104_8.xyt,out/xyt/FVC2004_DB4_B/101_4.xyt
17,out/xyt/FVC2000_DB2_B/103_5.xyt,out/xyt/FVC2004_DB1_B/103_6.xyt
17,out/xyt/FVC2000_DB3_B/110_8.xyt,out/xyt/FVC2004_DB4_B/102_2.xyt
17,out/xyt/FVC2000_DB1_B/104_3.xyt,out/xyt/FVC2002_DB2_B/103_6.xyt
17,out/xyt/FVC2002_DB1_B/106_6.xyt,out/xyt/FVC2002_DB4_B/102_5.xyt
17,out/xyt/FVC2002_DB3_B/109_4.xyt,out/xyt/FVC2004_DB1_B/103_6.xyt
17,out/xyt/FVC2000_DB3_B/104_3.xyt,out/xyt/FVC2000_DB3_B/110_2.xyt
17,out/xyt/FVC2000_DB1_B/109_3.xyt,out/xyt/FVC2004_DB3_B/106_1.xyt
17,out/xyt/FVC2002_DB2_B/108_1.xyt,out/xyt/FVC2004_DB1_B/103_3.xyt
17,out/xyt/FVC2000_DB1_B/104_3.xyt,out/xyt/FVC2004_DB4_B/104_2.xyt
17,out/xyt/FVC2000_DB1_B/102_6.xyt,out/xyt/FVC2002_DB4_B/102_5.xyt
17,out/xyt/FVC2004_DB1_B/104_1.xyt,out/xyt/FVC2004_DB1_B/108_6.xyt
17,out/xyt/FVC2000_DB4_B/109_3.xyt,out/xyt/FVC2004_DB2_B/101_5.xyt
17,out/xyt/FVC2002_DB1_B/105_4.xyt,out/xyt/FVC2002_DB1_B/110_4.xyt
17,out/xyt/FVC2000_DB1_B/108_3.xyt,out/xyt/FVC2002_DB1_B/102_4.xyt
17,out/xyt/FVC2002_DB4_B/108_2.xyt,out/xyt/FVC2004_DB2_B/108_5.xyt
17,out/xyt/FVC2000_DB1_B/106_8.xyt,out/xyt/FVC2000_DB4_B/102_1.xyt
17,out/xyt/FVC2002_DB1_B/110_2.xyt,out/xyt/FVC2002_DB4_B/110_5.xyt
17,out/xyt/FVC2002_DB1_B/109_7.xyt,out/xyt/FVC2002_DB3_B/106_1.xyt
17,out/xyt/FVC2002_DB1_B/106_5.xyt,out/xyt/FVC2004_DB1_B/102_2.xyt
17,out/xyt/FVC2002_DB2_B/106_3.xyt,out/xyt/FVC2002_DB4_B/110_1.xyt
17,out/xyt/FVC2002_DB3_B/101_4.xyt,out/xyt/FVC2002_DB3_B/104_2.xyt
17,out/xyt/FVC2004_DB1_B/102_2.xyt,out/xyt/FVC2004_DB3_B/105_2.xyt
17,out/xyt/FVC2002_DB1_B/102_1.xyt,out/xyt/FVC2002_DB2_B/106_3.xyt
17,out/xyt/FVC2000_DB2_B/109_1.xyt,out/xyt/FVC2002_DB3_B/105_1.xyt
17,out/xyt/FVC2000_DB3_B/106_2.xyt,out/xyt/FVC2004_DB2_B/107_1.xyt
17,out/xyt/FVC2002_DB3_B/109_1.xyt,out/xyt/FVC2004_DB1_B/107_2.xyt
17,out/xyt/FVC2000_DB4_B/102_7.xyt,out/xyt/FVC2002_DB1_B/102_4.xyt
17,out/xyt/FVC2002_DB1_B/105_6.xyt,out/xyt/FVC2002_DB4_B/110_4.xyt
17,out/xyt/FVC2002_DB4_B/105_1.xyt,out/xyt/FVC2002_DB4_B/109_3.xyt
17,out/xyt/FVC2002_DB1_B/102_2.xyt,out/xyt/FVC2004_DB4_B/108_1.xyt
17,out/xyt/FVC2000_DB1_B/106_8.xyt,out/xyt/FVC2000_DB2_B/109_5.xyt
17,out/xyt/FVC2000_DB4_B/110_6.xyt,out/xyt/FVC2004_DB4_B/108_2.xyt
17,out/xyt/FVC2002_DB4_B/109_1.xyt,out/xyt/FVC2004_DB4_B/103_7.xyt
17,out/xyt/FVC2002_DB2_B/103_2.xyt,out/xyt/FVC2004_DB4_B/110_7.xyt
17,out/xyt/FVC2000_DB1_B/106_3.xyt,out/xyt/FVC2000_DB2_B/107_8.xyt
17,out/xyt/FVC2002_DB2_B/108_7.xyt,out/xyt/FVC2002_DB4_B/110_5.xyt
17,out/xyt/FVC2000_DB4_B/109_5.xyt,out/xyt/FVC2004_DB4_B/110_5.xyt
17,out/xyt/FVC2002_DB4_B/110_5.xyt,out/xyt/FVC2004_DB1_B/103_1.xyt
17,out/xyt/FVC2000_DB2_B/109_2.xyt,out/xyt/FVC2004_DB1_B/104_7.xyt
17,out/xyt/FVC2002_DB2_B/110_1.xyt,out/xyt/FVC2004_DB3_B/102_3.xyt
17,out/xyt/FVC2004_DB4_B/106_3.xyt,out/xyt/FVC2004_DB4_B/110_1.xyt
17,out/xyt/FVC2002_DB1_B/107_8.xyt,out/xyt/FVC2002_DB4_B/103_3.xyt
17,out/xyt/FVC2000_DB2_B/105_2.xyt,out/xyt/FVC2002_DB1_B/104_5.xyt
17,out/xyt/FVC2000_DB4_B/110_8.xyt,out/xyt/FVC2004_DB4_B/106_4.xyt
17,out/xyt/FVC2002_DB1_B/105_8.xyt,out/xyt/FVC2002_DB3_B/103_4.xyt
17,out/xyt/FVC2002_DB2_B/102_2.xyt,out/xyt/FVC2002_DB2_B/106_1.xyt
17,out/xyt/FVC2002_DB2_B/107_6.xyt,out/xyt/FVC2004_DB1_B/107_1.xyt
17,out/xyt/FVC2004_DB1_B/104_5.xyt,out/xyt/FVC2004_DB2_B/108_1.xyt
17,out/xyt/FVC2000_DB2_B/105_2.xyt,out/xyt/FVC2002_DB1_B/105_1.xyt
17,out/xyt/FVC2000_DB4_B/102_2.xyt,out/xyt/FVC2002_DB3_B/101_4.xyt
17,out/xyt/FVC2002_DB1_B/110_5.xyt,out/xyt/FVC2002_DB3_B/106_5.xyt
17,out/xyt/FVC2002_DB2_B/106_3.xyt,out/xyt/FVC2004_DB2_B/103_5.xyt
17,out/xyt/FVC2000_DB4_B/101_4.xyt,out/xyt/FVC2002_DB4_B/102_7.xyt
17,out/xyt/FVC2000_DB1_B/105_3.xyt,out/xyt/FVC2002_DB1_B/107_3.xyt
17,out/xyt/FVC2004_DB4_B/105_8.xyt,out/xyt/FVC2004_DB4_B/110_3.xyt
17,out/xyt/FVC2000_DB2_B/108_6.xyt,out/xyt/FVC2000_DB3_B/107_4.xyt
17,out/xyt/FVC2002_DB1_B/106_1.xyt,out/xyt/FVC2004_DB3_B/105_3.xyt
17,out/xyt/FVC2004_DB1_B/108_4.xyt,out/xyt/FVC2004_DB2_B/108_5.xyt
17,out/xyt/FVC2002_DB1_B/105_3.xyt,out/xyt/FVC2004_DB1_B/104_1.xyt
17,out/xyt/FVC2004_DB2_B/104_1.xyt,out/xyt/FVC2004_DB4_B/108_7.xyt
17,out/xyt/FVC2000_DB1_B/105_1.xyt,out/xyt/FVC2002_DB2_B/106_1.xyt
17,out/xyt/FVC2002_DB4_B/105_6.xyt,out/xyt/FVC2004_DB4_B/108_8.xyt
17,out/xyt/FVC2000_DB1_B/102_7.xyt,out/xyt/FVC2002_DB1_B/102_4.xyt
17,out/xyt/FVC2000_DB1_B/102_5.xyt,out/xyt/FVC2002_DB4_B/110_4.xyt
17,out/xyt/FVC2002_DB2_B/103_7.xyt,out/xyt/FVC2002_DB4_B/101_4.xyt
17,out/xyt/FVC2000_DB4_B/102_1.xyt,out/xyt/FVC2004_DB3_B/105_6.xyt
17,out/xyt/FVC2002_DB3_B/103_5.xyt,out/xyt/FVC2004_DB2_B/110_2.xyt
17,out/xyt/FVC2004_DB1_B/101_5.xyt,out/xyt/FVC2004_DB1_B/103_6.xyt
17,out/xyt/FVC2000_DB2_B/103_8.xyt,out/xyt/FVC2004_DB1_B/103_6.xyt
17,out/xyt/FVC2000_DB4_B/109_6.xyt,out/xyt/FVC2002_DB4_B/109_8.xyt
17,out/xyt/FVC2000_DB4_B/103_5.xyt,out/xyt/FVC2002_DB4_B/103_7.xyt
17,out/xyt/FVC2004_DB1_B/105_6.xyt,out/xyt/FVC2004_DB4_B/104_7.xyt
17,out/xyt/FVC2002_DB3_B/108_7.xyt,out/xyt/FVC2002_DB4_B/104_4.xyt
17,out/xyt/FVC2000_DB2_B/107_3.xyt,out/xyt/FVC2000_DB2_B/109_5.xyt
17,out/xyt/FVC2004_DB1_B/103_6.xyt,out/xyt/FVC2004_DB1_B/104_6.xyt
17,out/xyt/FVC2000_DB1_B/104_5.xyt,out/xyt/FVC2002_DB1_B/107_3.xyt
17,out/xyt/FVC2002_DB1_B/107_2.xyt,out/xyt/FVC2002_DB1_B/110_2.xyt
17,out/xyt/FVC2000_DB4_B/101_3.xyt,out/xyt/FVC2004_DB4_B/108_5.xyt
17,out/xyt/FVC2002_DB1_B/101_6.xyt,out/xyt/FVC2002_DB1_B/110_8.xyt
17,out/xyt/FVC2002_DB2_B/106_4.xyt,out/xyt/FVC2002_DB2_B/108_8.xyt
17,out/xyt/FVC2002_DB4_B/105_3.xyt,out/xyt/FVC2004_DB1_B/106_2.xyt
17,out/xyt/FVC2004_DB2_B/104_2.xyt,out/xyt/FVC2004_DB2_B/108_3.xyt
17,out/xyt/FVC2002_DB1_B/106_8.xyt,out/xyt/FVC2004_DB4_B/105_8.xyt
17,out/xyt/FVC2000_DB2_B/107_6.xyt,out/xyt/FVC2002_DB1_B/109_4.xyt
17,out/xyt/FVC2000_DB4_B/106_1.xyt,out/xyt/FVC2002_DB4_B/107_5.xyt
17,out/xyt/FVC2002_DB1_B/102_6.xyt,out/xyt/FVC2004_DB1_B/104_1.xyt
17,out/xyt/FVC2000_DB4_B/109_1.xyt,out/xyt/FVC2004_DB4_B/108_2.xyt
17,out/xyt/FVC2000_DB4_B/106_8.xyt,out/xyt/FVC2002_DB3_B/109_8.xyt
17,out/xyt/FVC2000_DB4_B/109_8.xyt,out/xyt/FVC2004_DB1_B/107_2.xyt
17,out/xyt/FVC2000_DB1_B/109_3.xyt,out/xyt/FVC2004_DB2_B/104_6.xyt
17,out/xyt/FVC2002_DB2_B/103_7.xyt,out/xyt/FVC2002_DB4_B/105_3.xyt
17,out/xyt/FVC2002_DB1_B/104_1.xyt,out/xyt/FVC2004_DB1_B/104_1.xyt
17,out/xyt/FVC2000_DB3_B/107_1.xyt,out/xyt/FVC2002_DB4_B/108_3.xyt
17,out/xyt/FVC2002_DB1_B/105_8.xyt,out/xyt/FVC2002_DB2_B/109_2.xyt
17,out/xyt/FVC2000_DB1_B/102_8.xyt,out/xyt/FVC2002_DB4_B/108_1.xyt
17,out/xyt/FVC2000_DB1_B/104_4.xyt,out/xyt/FVC2000_DB1_B/109_4.xyt
17,out/xyt/FVC2002_DB1_B/110_2.xyt,out/xyt/FVC2004_DB4_B/105_2.xyt
17,out/xyt/FVC2002_DB1_B/105_7.xyt,out/xyt/FVC2004_DB4_B/104_7.xyt
17,out/xyt/FVC2000_DB2_B/102_8.xyt,out/xyt/FVC2004_DB2_B/108_1.xyt
17,out/xyt/FVC2002_DB1_B/106_2.xyt,out/xyt/FVC2004_DB4_B/106_3.xyt
17,out/xyt/FVC2000_DB4_B/101_4.xyt,out/xyt/FVC2004_DB1_B/103_8.xyt
17,out/xyt/FVC2004_DB4_B/101_2.xyt,out/xyt/FVC2004_DB4_B/102_5.xyt
17,out/xyt/FVC2000_DB4_B/106_8.xyt,out/xyt/FVC2002_DB3_B/104_1.xyt
17,out/xyt/FVC2002_DB4_B/102_1.xyt,out/xyt/FVC2002_DB4_B/110_2.xyt
17,out/xyt/FVC2002_DB2_B/103_2.xyt,out/xyt/FVC2004_DB1_B/107_6.xyt
17,out/xyt/FVC2002_DB1_B/106_5.xyt,out/xyt/FVC2004_DB4_B/110_1.xyt
17,out/xyt/FVC2002_DB3_B/110_3.xyt,out/xyt/FVC2004_DB2_B/104_8.xyt
17,out/xyt/FVC2000_DB1_B/102_8.xyt,out/xyt/FVC2004_DB3_B/108_6.xyt
17,out/xyt/FVC2002_DB4_B/102_3.xyt,out/xyt/FVC2004_DB4_B/110_3.xyt
17,out/xyt/FVC2000_DB1_B/109_3.xyt,out/xyt/FVC2000_DB4_B/102_4.xyt
17,out/xyt/FVC2002_DB1_B/109_4.xyt,out/xyt/FVC2004_DB1_B/109_1.xyt
17,out/xyt/FVC2000_DB1_B/109_8.xyt,out/xyt/FVC2000_DB2_B/109_5.xyt
17,out/xyt/FVC2002_DB1_B/102_6.xyt,out/xyt/FVC2004_DB2_B/109_6.xyt
17,out/xyt/FVC2002_DB2_B/104_4.xyt,out/xyt/FVC2004_DB4_B/104_3.xyt
17,out/xyt/FVC2002_DB1_B/101_6.xyt,out/xyt/FVC2002_DB3_B/106_4.xyt
17,out/xyt/FVC2002_DB2_B/106_8.xyt,out/xyt/FVC2002_DB4_B/102_2.xyt
17,out/xyt/FVC2002_DB2_B/109_3.xyt,out/xyt/FVC2004_DB4_B/106_4.xyt
17,out/xyt/FVC2000_DB1_B/102_7.xyt,out/xyt/FVC2002_DB1_B/106_3.xyt
17,out/xyt/FVC2002_DB4_B/110_6.xyt,out/xyt/FVC2004_DB4_B/110_6.xyt
17,out/xyt/FVC2000_DB4_B/108_6.xyt,out/xyt/FVC2004_DB3_B/106_2.xyt
17,out/xyt/FVC2000_DB4_B/108_7.xyt,out/xyt/FVC2002_DB1_B/106_5.xyt
17,out/xyt/FVC2002_DB1_B/106_3.xyt,out/xyt/FVC2004_DB2_B/108_1.xyt
17,out/xyt/FVC2000_DB1_B/109_8.xyt,out/xyt/FVC2002_DB1_B/107_2.xyt
17,out/xyt/FVC2002_DB3_B/108_8.xyt,out/xyt/FVC2004_DB2_B/102_8.xyt
17,out/xyt/FVC2000_DB2_B/105_3.xyt,out/xyt/FVC2002_DB2_B/108_2.xyt
17,out/xyt/FVC2002_DB4_B/107_4.xyt,out/xyt/FVC2004_DB4_B/110_1.xyt
17,out/xyt/FVC2000_DB2_B/105_2.xyt,out/xyt/FVC2002_DB1_B/110_4.xyt
17,out/xyt/FVC2000_DB1_B/102_4.xyt,out/xyt/FVC2000_DB1_B/105_1.xyt
17,out/xyt/FVC2000_DB4_B/106_8.xyt,out/xyt/FVC2002_DB3_B/106_7.xyt
17,out/xyt/FVC2002_DB2_B/108_4.xyt,out/xyt/FVC2002_DB3_B/108_8.xyt
17,out/xyt/FVC2002_DB1_B/106_3.xyt,out/xyt/FVC2002_DB1_B/110_3.xyt
17,out/xyt/FVC2000_DB2_B/105_3.xyt,out/xyt/FVC2002_DB4_B/110_4.xyt
17,out/xyt/FVC2002_DB4_B/110_1.xyt,out/xyt/FVC2004_DB1_B/104_1.xyt
17,out/xyt/FVC2000_DB2_B/105_1.xyt,out/xyt/FVC2002_DB4_B/103_8.xyt
17,out/xyt/FVC2000_DB3_B/106_7.xyt,out/xyt/FVC2002_DB1_B/106_8.xyt
17,out/xyt/FVC2000_DB2_B/110_5.xyt,out/xyt/FVC2002_DB4_B/107_2.xyt
17,out/xyt/FVC2000_DB1_B/104_1.xyt,out/xyt/FVC2004_DB2_B/102_3.xyt
17,out/xyt/FVC2002_DB2_B/105_7.xyt,out/xyt/FVC2002_DB4_B/108_8.xyt
17,out/xyt/FVC2000_DB1_B/108_1.xyt,out/xyt/FVC2000_DB2_B/108_4.xyt
17,out/xyt/FVC2000_DB4_B/109_5.xyt,out/xyt/FVC2004_DB1_B/101_3.xyt
17,out/xyt/FVC2002_DB3_B/105_5.xyt,out/xyt/FVC2004_DB2_B/109_6.xyt
17,out/xyt/FVC2000_DB1_B/109_5.xyt,out/xyt/FVC2004_DB1_B/102_8.xyt
17,out/xyt/FVC2000_DB3_B/110_7.xyt,out/xyt/FVC2004_DB4_B/102_1.xyt
17,out/xyt/FVC2000_DB1_B/106_1.xyt,out/xyt/FVC2004_DB2_B/104_1.xyt
17,out/xyt/FVC2000_DB4_B/109_3.xyt,out/xyt/FVC2004_DB1_B/107_2.xyt
17,out/xyt/FVC2000_DB1_B/109_7.xyt,out/xyt/FVC2000_DB4_B/102_1.xyt
17,out/xyt/FVC2000_DB4_B/103_6.xyt,out/xyt/FVC2002_DB4_B/103_7.xyt
17,out/xyt/FVC2002_DB2_B/106_5.xyt,out/xyt/FVC2002_DB4_B/103_5.xyt
17,out/xyt/FVC2000_DB3_B/109_5.xyt,out/xyt/FVC2002_DB4_B/103_3.xyt
17,out/xyt/FVC2000_DB1_B/105_1.xyt,out/xyt/FVC2002_DB2_B/107_1.xyt
17,out/xyt/FVC2000_DB4_B/110_6.xyt,out/xyt/FVC2002_DB4_B/105_1.xyt
17,out/xyt/FVC2000_DB3_B/104_8.xyt,out/xyt/FVC2000_DB3_B/109_7.xyt
17,out/xyt/FVC2000_DB4_B/102_2.xyt,out/xyt/FVC2000_DB4_B/105_2.xyt
17,out/xyt/FVC2002_DB1_B/107_3.xyt,out/xyt/FVC2004_DB3_B/105_5.xyt
17,out/xyt/FVC2000_DB2_B/102_5.xyt,out/xyt/FVC2000_DB3_B/108_7.xyt
17,out/xyt/FVC2002_DB2_B/103_1.xyt,out/xyt/FVC2004_DB1_B/103_4.xyt
17,out/xyt/FVC2002_DB4_B/110_3.xyt,out/xyt/FVC2004_DB4_B/101_3.xyt
17,out/xyt/FVC2000_DB2_B/105_8.xyt,out/xyt/FVC2002_DB4_B/102_4.xyt
17,out/xyt/FVC2002_DB1_B/107_3.xyt,out/xyt/FVC2002_DB2_B/106_3.xyt
17,out/xyt/FVC2004_DB2_B/102_1.xyt,out/xyt/FVC2004_DB2_B/109_5.xyt
17,out/xyt/FVC2000_DB1_B/109_4.xyt,out/xyt/FVC2000_DB4_B/109_5.xyt
17,out/xyt/FVC2000_DB4_B/109_6.xyt,out/xyt/FVC2002_DB4_B/108_4.xyt
17,out/xyt/FVC2000_DB2_B/107_1.xyt,out/xyt/FVC2004_DB4_B/108_1.xyt
17,out/xyt/FVC2000_DB1_B/109_5.xyt,out/xyt/FVC2004_DB4_B/106_8.xyt
17,out/xyt/FVC2002_DB4_B/105_4.xyt,out/xyt/FVC2004_DB1_B/102_8.xyt
17,out/xyt/FVC2002_DB1_B/108_1.xyt,out/xyt/FVC2002_DB3_B/109_7.xyt
17,out/xyt/FVC2000_DB3_B/104_8.xyt,out/xyt/FVC2000_DB3_B/109_3.xyt
17,out/xyt/FVC2002_DB2_B/101_5.xyt,out/xyt/FVC2002_DB2_B/110_6.xyt
17,out/xyt/FVC2004_DB4_B/102_8.xyt,out/xyt/FVC2004_DB4_B/106_5.xyt
17,out/xyt/FVC2000_DB3_B/107_5.xyt,out/xyt/FVC2004_DB2_B/107_1.xyt
17,out/xyt/FVC2002_DB1_B/106_3.xyt,out/xyt/FVC2004_DB2_B/109_1.xyt
17,out/xyt/FVC2000_DB1_B/109_5.xyt,out/xyt/FVC2000_DB4_B/103_4.xyt
17,out/xyt/FVC2002_DB4_B/103_3.xyt,out/xyt/FVC2004_DB4_B/110_1.xyt
17,out/xyt/FVC2002_DB1_B/107_8.xyt,out/xyt/FVC2002_DB4_B/102_7.xyt
17,out/xyt/FVC2000_DB2_B/104_1.xyt,out/xyt/FVC2002_DB4_B/103_3.xyt
17,out/xyt/FVC2000_DB1_B/108_5.xyt,out/xyt/FVC2000_DB2_B/102_5.xyt
17,out/xyt/FVC2000_DB2_B/110_1.xyt,out/xyt/FVC2000_DB4_B/102_2.xyt
17,out/xyt/FVC2000_DB1_B/102_1.xyt,out/xyt/FVC2002_DB1_B/105_6.xyt
17,out/xyt/FVC2002_DB1_B/104_5.xyt,out/xyt/FVC2002_DB1_B/107_3.xyt
17,out/xyt/FVC2002_DB4_B/102_7.xyt,out/xyt/FVC2004_DB4_B/109_5.xyt
17,out/xyt/FVC2000_DB2_B/102_8.xyt,out/xyt/FVC2000_DB4_B/102_5.xyt
17,out/xyt/FVC2000_DB2_B/102_6.xyt,out/xyt/FVC2004_DB1_B/104_2.xyt
17,out/xyt/FVC2002_DB4_B/102_5.xyt,out/xyt/FVC2002_DB4_B/108_5.xyt
17,out/xyt/FVC2000_DB2_B/107_3.xyt,out/xyt/FVC2002_DB4_B/105_5.xyt
17,out/xyt/FVC2000_DB4_B/106_5.xyt,out/xyt/FVC2002_DB3_B/106_3.xyt
17,out/xyt/FVC2000_DB2_B/101_1.xyt,out/xyt/FVC2004_DB4_B/110_1.xyt
17,out/xyt/FVC2000_DB2_B/104_3.xyt,out/xyt/FVC2004_DB1_B/102_8.xyt
17,out/xyt/FVC2002_DB1_B/102_2.xyt,out/xyt/FVC2004_DB1_B/108_5.xyt
17,out/xyt/FVC2002_DB2_B/105_6.xyt,out/xyt/FVC2004_DB1_B/103_6.xyt
17,out/xyt/FVC2000_DB4_B/104_8.xyt,out/xyt/FVC2002_DB1_B/107_3.xyt
17,out/xyt/FVC2000_DB4_B/102_6.xyt,out/xyt/FVC2004_DB1_B/103_4.xyt
17,out/xyt/FVC2000_DB4_B/101_3.xyt,out/xyt/FVC2002_DB1_B/109_7.xyt
17,out/xyt/FVC2002_DB1_B/101_7.xyt,out/xyt/FVC2002_DB2_B/106_3.xyt
17,out/xyt/FVC2002_DB1_B/106_8.xyt,out/xyt/FVC2004_DB1_B/106_8.xyt
17,out/xyt/FVC2000_DB2_B/109_2.xyt,out/xyt/FVC2004_DB2_B/107_2.xyt
17,out/xyt/FVC2000_DB2_B/107_7.xyt,out/xyt/FVC2002_DB2_B/105_2.xyt
17,out/xyt/FVC2002_DB4_B/103_4.xyt,out/xyt/FVC2004_DB4_B/106_4.xyt
17,out/xyt/FVC2002_DB2_B/101_7.xyt,out/xyt/FVC2002_DB4_B/105_4.xyt
17,out/xyt/FVC2000_DB4_B/110_8.xyt,out/xyt/FVC2002_DB2_B/105_3.xyt
17,out/xyt/FVC2000_DB2_B/109_5.xyt,out/xyt/FVC2002_DB1_B/106_5.xyt
17,out/xyt/FVC2000_DB1_B/106_7.xyt,out/xyt/FVC2004_DB2_B/103_5.xyt
17,out/xyt/FVC2000_DB1_B/106_6.xyt,out/xyt/FVC2002_DB1_B/102_7.xyt
17,out/xyt/FVC2002_DB4_B/105_4.xyt,out/xyt/FVC2004_DB2_B/101_5.xyt
17,out/xyt/FVC2002_DB4_B/102_4.xyt,out/xyt/FVC2002_DB4_B/105_5.xyt
17,out/xyt/FVC2000_DB3_B/109_4.xyt,out/xyt/FVC2004_DB4_B/102_2.xyt
17,out/xyt/FVC2004_DB4_B/106_5.xyt,out/xyt/FVC2004_DB4_B/108_8.xyt
17,out/xyt/FVC2004_DB3_B/102_5.xyt,out/xyt/FVC2004_DB3_B/103_2.xyt
17,out/xyt/FVC2000_DB4_B/102_6.xyt,out/xyt/FVC2002_DB2_B/103_1.xyt
17,out/xyt/FVC2002_DB3_B/109_7.xyt,out/xyt/FVC2002_DB4_B/109_2.xyt
17,out/xyt/FVC2000_DB2_B/110_7.xyt,out/xyt/FVC2004_DB2_B/104_2.xyt
17,out/xyt/FVC2000_DB1_B/102_7.xyt,out/xyt/FVC2000_DB3_B/110_7.xyt
17,out/xyt/FVC2000_DB2_B/104_1.xyt,out/xyt/FVC2002_DB1_B/102_6.xyt
17,out/xyt/FVC2002_DB4_B/106_2.xyt,out/xyt/FVC2004_DB4_B/106_3.xyt
17,out/xyt/FVC2000_DB2_B/104_7.xyt,out/xyt/FVC2002_DB1_B/105_7.xyt
17,out/xyt/FVC2002_DB2_B/108_8.xyt,out/xyt/FVC2002_DB4_B/105_4.xyt
17,out/xyt/FVC2002_DB2_B/101_4.xyt,out/xyt/FVC2002_DB2_B/109_6.xyt
17,out/xyt/FVC2000_DB2_B/107_8.xyt,out/xyt/FVC2004_DB2_B/104_2.xyt
17,out/xyt/FVC2002_DB3_B/110_1.xyt,out/xyt/FVC2002_DB4_B/106_7.xyt
17,out/xyt/FVC2000_DB3_B/105_3.xyt,out/xyt/FVC2004_DB3_B/104_8.xyt
17,out/xyt/FVC2004_DB1_B/108_4.xyt,out/xyt/FVC2004_DB2_B/108_8.xyt
17,out/xyt/FVC2002_DB3_B/109_6.xyt,out/xyt/FVC2004_DB1_B/101_4.xyt
17,out/xyt/FVC2000_DB1_B/102_6.xyt,out/xyt/FVC2004_DB3_B/108_7.xyt
17,out/xyt/FVC2000_DB4_B/110_7.xyt,out/xyt/FVC2004_DB3_B/105_2.xyt
17,out/xyt/FVC2000_DB2_B/101_1.xyt,out/xyt/FVC2002_DB4_B/103_3.xyt
17,out/xyt/FVC2002_DB1_B/110_4.xyt,out/xyt/FVC2002_DB3_B/109_1.xyt
17,out/xyt/FVC2000_DB1_B/108_5.xyt,out/xyt/FVC2000_DB2_B/102_2.xyt
17,out/xyt/FVC2000_DB4_B/101_6.xyt,out/xyt/FVC2000_DB4_B/108_6.xyt
17,out/xyt/FVC2002_DB1_B/110_1.xyt,out/xyt/FVC2002_DB2_B/106_1.xyt
17,out/xyt/FVC2002_DB4_B/110_8.xyt,out/xyt/FVC2004_DB4_B/103_6.xyt
17,out/xyt/FVC2000_DB4_B/103_5.xyt,out/xyt/FVC2004_DB1_B/104_5.xyt
17,out/xyt/FVC2000_DB2_B/109_5.xyt,out/xyt/FVC2004_DB3_B/106_2.xyt
17,out/xyt/FVC2000_DB1_B/105_7.xyt,out/xyt/FVC2000_DB1_B/109_5.xyt
17,out/xyt/FVC2000_DB1_B/102_5.xyt,out/xyt/FVC2004_DB1_B/103_4.xyt
17,out/xyt/FVC2000_DB1_B/106_7.xyt,out/xyt/FVC2002_DB3_B/109_4.xyt
17,out/xyt/FVC2002_DB4_B/109_2.xyt,out/xyt/FVC2004_DB4_B/105_2.xyt
17,out/xyt/FVC2002_DB4_B/101_7.xyt,out/xyt/FVC2002_DB4_B/110_1.xyt
17,out/xyt/FVC2004_DB3_B/105_1.xyt,out/xyt/FVC2004_DB4_B/110_1.xyt
17,out/xyt/FVC2000_DB2_B/107_8.xyt,out/xyt/FVC2002_DB4_B/105_8.xyt
17,out/xyt/FVC2000_DB2_B/104_2.xyt,out/xyt/FVC2002_DB2_B/106_2.xyt
17,out/xyt/FVC2002_DB4_B/103_4.xyt,out/xyt/FVC2004_DB1_B/102_3.xyt
17,out/xyt/FVC2002_DB2_B/109_6.xyt,out/xyt/FVC2004_DB1_B/104_1.xyt
17,out/xyt/FVC2000_DB1_B/109_7.xyt,out/xyt/FVC2004_DB4_B/110_3.xyt
17,out/xyt/FVC2002_DB2_B/106_5.xyt,out/xyt/FVC2004_DB4_B/110_5.xyt
17,out/xyt/FVC2002_DB1_B/106_3.xyt,out/xyt/FVC2002_DB1_B/110_1.xyt
17,out/xyt/FVC2002_DB2_B/109_3.xyt,out/xyt/FVC2004_DB1_B/105_6.xyt
17,out/xyt/FVC2002_DB2_B/106_2.xyt,out/xyt/FVC2002_DB2_B/108_8.xyt
17,out/xyt/FVC2002_DB2_B/103_4.xyt,out/xyt/FVC2004_DB3_B/105_2.xyt
17,out/xyt/FVC2002_DB2_B/107_1.xyt,out/xyt/FVC2002_DB4_B/107_5.xyt
17,out/xyt/FVC2002_DB1_B/102_7.xyt,out/xyt/FVC2004_DB4_B/106_7.xyt
17,out/xyt/FVC2004_DB4_B/102_2.xyt,out/xyt/FVC2004_DB4_B/105_6.xyt
17,out/xyt/FVC2000_DB2_B/107_8.xyt,out/xyt/FVC2002_DB1_B/103_1.xyt
17,out/xyt/FVC2000_DB1_B/109_5.xyt,out/xyt/FVC2000_DB4_B/102_1.xyt
17,out/xyt/FVC2000_DB1_B/109_7.xyt,out/xyt/FVC2002_DB3_B/110_3.xyt
17,out/xyt/FVC2000_DB4_B/109_2.xyt,out/xyt/FVC2004_DB3_B/106_2.xyt
17,out/xyt/FVC2000_DB1_B/102_7.xyt,out/xyt/FVC2004_DB4_B/104_1.xyt
17,out/xyt/FVC2000_DB4_B/109_5.xyt,out/xyt/FVC2002_DB2_B/109_3.xyt
17,out/xyt/FVC2002_DB4_B/108_1.xyt,out/xyt/FVC2004_DB4_B/104_1.xyt
17,out/xyt/FVC2000_DB2_B/105_7.xyt,out/xyt/FVC2004_DB1_B/106_8.xyt
17,out/xyt/FVC2000_DB1_B/105_3.xyt,out/xyt/FVC2004_DB4_B/104_2.xyt
17,out/xyt/FVC2004_DB2_B/107_8.xyt,out/xyt/FVC2004_DB3_B/104_4.xyt
17,out/xyt/FVC2002_DB1_B/107_8.xyt,out/xyt/FVC2002_DB4_B/109_5.xyt
17,out/xyt/FVC2002_DB1_B/106_3.xyt,out/xyt/FVC2002_DB1_B/110_4.xyt
17,out/xyt/FVC2000_DB2_B/107_3.xyt,out/xyt/FVC2002_DB1_B/109_5.xyt
17,out/xyt/FVC2000_DB4_B/101_7.xyt,out/xyt/FVC2002_DB2_B/103_7.xyt
17,out/xyt/FVC2000_DB2_B/109_2.xyt,out/xyt/FVC2002_DB1_B/106_1.xyt
17,out/xyt/FVC2002_DB3_B/105_2.xyt,out/xyt/FVC2002_DB3_B/106_4.xyt
17,out/xyt/FVC2000_DB4_B/102_5.xyt,out/xyt/FVC2002_DB4_B/110_6.xyt
17,out/xyt/FVC2002_DB4_B/105_2.xyt,out/xyt/FVC2004_DB2_B/101_5.xyt
17,out/xyt/FVC2000_DB3_B/102_3.xyt,out/xyt/FVC2000_DB3_B/109_7.xyt
17,out/xyt/FVC2000_DB4_B/109_1.xyt,out/xyt/FVC2000_DB4_B/110_3.xyt
17,out/xyt/FVC2000_DB4_B/102_6.xyt,out/xyt/FVC2004_DB1_B/110_7.xyt
17,out/xyt/FVC2000_DB4_B/103_8.xyt,out/xyt/FVC2004_DB3_B/105_3.xyt
17,out/xyt/FVC2004_DB1_B/104_1.xyt,out/xyt/FVC2004_DB2_B/109_3.xyt
17,out/xyt/FVC2000_DB2_B/104_5.xyt,out/xyt/FVC2002_DB4_B/108_5.xyt
17,out/xyt/FVC2000_DB4_B/109_2.xyt,out/xyt/FVC2002_DB3_B/108_4.xyt
17,out/xyt/FVC2000_DB1_B/109_3.xyt,out/xyt/FVC2004_DB2_B/108_2.xyt
17,out/xyt/FVC2000_DB2_B/107_2.xyt,out/xyt/FVC2002_DB3_B/108_5.xyt
17,out/xyt/FVC2000_DB1_B/102_2.xyt,out/xyt/FVC2000_DB3_B/110_8.xyt
17,out/xyt/FVC2004_DB3_B/102_1.xyt,out/xyt/FVC2004_DB3_B/103_7.xyt
17,out/xyt/FVC2000_DB4_B/101_4.xyt,out/xyt/FVC2004_DB1_B/104_6.xyt
17,out/xyt/FVC2000_DB2_B/110_6.xyt,out/xyt/FVC2002_DB3_B/109_1.xyt
17,out/xyt/FVC2000_DB4_B/102_5.xyt,out/xyt/FVC2002_DB2_B/103_5.xyt
17,out/xyt/FVC2002_DB3_B/104_6.xyt,out/xyt/FVC2002_DB3_B/109_1.xyt
17,out/xyt/FVC2004_DB2_B/103_7.xyt,out/xyt/FVC2004_DB2_B/104_7.xyt
17,out/xyt/FVC2002_DB1_B/102_6.xyt,out/xyt/FVC2002_DB1_B/106_7.xyt
17,out/xyt/FVC2002_DB1_B/107_6.xyt,out/xyt/FVC2004_DB2_B/110_4.xyt
17,out/xyt/FVC2002_DB1_B/104_7.xyt,out/xyt/FVC2004_DB1_B/104_1.xyt
17,out/xyt/FVC2004_DB4_B/101_4.xyt,out/xyt/FVC2004_DB4_B/103_5.xyt
17,out/xyt/FVC2000_DB4_B/102_3.xyt,out/xyt/FVC2004_DB3_B/105_6.xyt
17,out/xyt/FVC2002_DB2_B/108_1.xyt,out/xyt/FVC2002_DB4_B/103_2.xyt
17,out/xyt/FVC2000_DB4_B/101_3.xyt,out/xyt/FVC2002_DB4_B/109_6.xyt
17,out/xyt/FVC2002_DB4_B/110_6.xyt,out/xyt/FVC2004_DB1_B/110_5.xyt
17,out/xyt/FVC2002_DB4_B/108_6.xyt,out/xyt/FVC2004_DB3_B/106_7.xyt
17,out/xyt/FVC2000_DB1_B/109_4.xyt,out/xyt/FVC2000_DB2_B/105_4.xyt
17,out/xyt/FVC2002_DB1_B/110_2.xyt,out/xyt/FVC2002_DB2_B/106_3.xyt
17,out/xyt/FVC2004_DB3_B/104_1.xyt,out/xyt/FVC2004_DB4_B/102_5.xyt
17,out/xyt/FVC2000_DB1_B/109_4.xyt,out/xyt/FVC2004_DB4_B/109_1.xyt
17,out/xyt/FVC2002_DB3_B/102_6.xyt,out/xyt/FVC2004_DB4_B/108_4.xyt
17,out/xyt/FVC2000_DB4_B/102_1.xyt,out/xyt/FVC2002_DB1_B/107_3.xyt
17,out/xyt/FVC2000_DB1_B/105_1.xyt,out/xyt/FVC2002_DB4_B/103_8.xyt
17,out/xyt/FVC2004_DB4_B/108_5.xyt,out/xyt/FVC2004_DB4_B/109_3.xyt
17,out/xyt/FVC2002_DB4_B/107_4.xyt,out/xyt/FVC2004_DB1_B/104_1.xyt
17,out/xyt/FVC2000_DB2_B/109_1.xyt,out/xyt/FVC2000_DB3_B/108_8.xyt
17,out/xyt/FVC2000_DB1_B/104_3.xyt,out/xyt/FVC2000_DB4_B/109_3.xyt
17,out/xyt/FVC2002_DB1_B/105_1.xyt,out/xyt/FVC2002_DB4_B/108_1.xyt
17,out/xyt/FVC2000_DB4_B/109_7.xyt,out/xyt/FVC2002_DB2_B/105_7.xyt
17,out/xyt/FVC2004_DB3_B/103_5.xyt,out/xyt/FVC2004_DB3_B/110_7.xyt
17,out/xyt/FVC2002_DB1_B/105_7.xyt,out/xyt/FVC2002_DB4_B/108_2.xyt
17,out/xyt/FVC2000_DB1_B/109_3.xyt,out/xyt/FVC2004_DB2_B/108_7.xyt
17,out/xyt/FVC2002_DB3_B/104_3.xyt,out/xyt/FVC2004_DB2_B/104_3.xyt
17,out/xyt/FVC2000_DB1_B/107_5.xyt,out/xyt/FVC2004_DB2_B/104_6.xyt
17,out/xyt/FVC2000_DB2_B/104_2.xyt,out/xyt/FVC2002_DB1_B/107_4.xyt
17,out/xyt/FVC2002_DB4_B/109_8.xyt,out/xyt/FVC2004_DB2_B/105_2.xyt
17,out/xyt/FVC2000_DB1_B/106_7.xyt,out/xyt/FVC2004_DB4_B/104_7.xyt
17,out/xyt/FVC2002_DB1_B/102_6.xyt,out/xyt/FVC2002_DB2_B/106_2.xyt
17,out/xyt/FVC2002_DB4_B/103_5.xyt,out/xyt/FVC2002_DB4_B/108_6.xyt
17,out/xyt/FVC2002_DB4_B/109_5.xyt,out/xyt/FVC2004_DB2_B/108_4.xyt
17,out/xyt/FVC2000_DB1_B/108_5.xyt,out/xyt/FVC2004_DB2_B/103_3.xyt
17,out/xyt/FVC2004_DB3_B/102_6.xyt,out/xyt/FVC2004_DB3_B/104_4.xyt
17,out/xyt/FVC2002_DB1_B/102_1.xyt,out/xyt/FVC2004_DB3_B/105_1.xyt
17,out/xyt/FVC2002_DB4_B/105_3.xyt,out/xyt/FVC2002_DB4_B/109_1.xyt
17,out/xyt/FVC2004_DB4_B/105_7.xyt,out/xyt/FVC2004_DB4_B/110_3.xyt
17,out/xyt/FVC2000_DB1_B/109_4.xyt,out/xyt/FVC2000_DB2_B/105_3.xyt
17,out/xyt/FVC2000_DB1_B/106_8.xyt,out/xyt/FVC2004_DB1_B/103_6.xyt
17,out/xyt/FVC2000_DB1_B/108_6.xyt,out/xyt/FVC2004_DB3_B/102_7.xyt
17,out/xyt/FVC2002_DB1_B/102_6.xyt,out/xyt/FVC2002_DB2_B/102_7.xyt
17,out/xyt/FVC2000_DB3_B/105_3.xyt,out/xyt/FVC2000_DB3_B/108_8.xyt
17,out/xyt/FVC2002_DB1_B/102_1.xyt,out/xyt/FVC2004_DB3_B/107_2.xyt
17,out/xyt/FVC2004_DB1_B/103_6.xyt,out/xyt/FVC2004_DB2_B/103_6.xyt
17,out/xyt/FVC2002_DB1_B/102_2.xyt,out/xyt/FVC2002_DB2_B/108_3.xyt
17,out/xyt/FVC2000_DB2_B/107_7.xyt,out/xyt/FVC2002_DB2_B/109_5.xyt
17,out/xyt/FVC2000_DB2_B/104_8.xyt,out/xyt/FVC2002_DB3_B/108_7.xyt
17,out/xyt/FVC2000_DB4_B/108_6.xyt,out/xyt/FVC2002_DB4_B/102_2.xyt
17,out/xyt/FVC2000_DB1_B/109_5.xyt,out/xyt/FVC2000_DB4_B/101_3.xyt
17,out/xyt/FVC2000_DB1_B/108_5.xyt,out/xyt/FVC2004_DB2_B/108_3.xyt
17,out/xyt/FVC2000_DB4_B/103_6.xyt,out/xyt/FVC2002_DB4_B/110_1.xyt
17,out/xyt/FVC2002_DB2_B/103_7.xyt,out/xyt/FVC2004_DB2_B/109_5.xyt
17,out/xyt/FVC2000_DB3_B/101_4.xyt,out/xyt/FVC2000_DB3_B/102_1.xyt
17,out/xyt/FVC2002_DB1_B/101_7.xyt,out/xyt/FVC2002_DB3_B/109_8.xyt
17,out/xyt/FVC2004_DB1_B/108_6.xyt,out/xyt/FVC2004_DB4_B/108_8.xyt
17,out/xyt/FVC2002_DB4_B/110_4.xyt,out/xyt/FVC2004_DB2_B/105_7.xyt
17,out/xyt/FVC2000_DB2_B/105_7.xyt,out/xyt/FVC2002_DB2_B/106_3.xyt
17,out/xyt/FVC2002_DB2_B/108_2.xyt,out/xyt/FVC2004_DB4_B/106_3.xyt
17,out/xyt/FVC2002_DB2_B/105_8.xyt,out/xyt/FVC2002_DB4_B/103_5.xyt
17,out/xyt/FVC2000_DB2_B/105_3.xyt,out/xyt/FVC2002_DB1_B/105_7.xyt
17,out/xyt/FVC2002_DB1_B/106_5.xyt,out/xyt/FVC2004_DB2_B/109_1.xyt
17,out/xyt/FVC2002_DB2_B/108_8.xyt,out/xyt/FVC2004_DB4_B/108_4.xyt
17,out/xyt/FVC2000_DB1_B/105_1.xyt,out/xyt/FVC2000_DB4_B/108_4.xyt
17,out/xyt/FVC2000_DB1_B/102_8.xyt,out/xyt/FVC2002_DB4_B/102_5.xyt
17,out/xyt/FVC2000_DB4_B/102_1.xyt,out/xyt/FVC2004_DB4_B/108_5.xyt
17,out/xyt/FVC2000_DB1_B/105_7.xyt,out/xyt/FVC2002_DB2_B/109_5.xyt
17,out/xyt/FVC2002_DB1_B/110_3.xyt,out/xyt/FVC2004_DB3_B/106_1.xyt
17,out/xyt/FVC2002_DB3_B/109_3.xyt,out/xyt/FVC2004_DB4_B/104_7.xyt
17,out/xyt/FVC2002_DB1_B/102_6.xyt,out/xyt/FVC2004_DB2_B/104_1.xyt
17,out/xyt/FVC2000_DB1_B/105_1.xyt,out/xyt/FVC2002_DB4_B/108_5.xyt
17,out/xyt/FVC2002_DB1_B/106_8.xyt,out/xyt/FVC2004_DB2_B/108_1.xyt
17,out/xyt/FVC2000_DB4_B/106_5.xyt,out/xyt/FVC2004_DB4_B/105_8.xyt
17,out/xyt/FVC2004_DB1_B/104_1.xyt,out/xyt/FVC2004_DB1_B/107_1.xyt
17,out/xyt/FVC2002_DB1_B/109_4.xyt,out/xyt/FVC2004_DB2_B/108_3.xyt
17,out/xyt/FVC2002_DB3_B/107_3.xyt,out/xyt/FVC2002_DB3_B/108_7.xyt
17,out/xyt/FVC2000_DB1_B/109_6.xyt,out/xyt/FVC2002_DB2_B/108_3.xyt
17,out/xyt/FVC2000_DB1_B/102_4.xyt,out/xyt/FVC2004_DB1_B/103_8.xyt
17,out/xyt/FVC2000_DB2_B/104_5.xyt,out/xyt/FVC2000_DB2_B/109_3.xyt
17,out/xyt/FVC2000_DB1_B/109_8.xyt,out/xyt/FVC2002_DB3_B/109_1.xyt
17,out/xyt/FVC2002_DB3_B/101_4.xyt,out/xyt/FVC2002_DB3_B/109_8.xyt
17,out/xyt/FVC2002_DB2_B/108_1.xyt,out/xyt/FVC2002_DB4_B/110_6.xyt
17,out/xyt/FVC2000_DB1_B/109_4.xyt,out/xyt/FVC2002_DB4_B/105_1.xyt
17,out/xyt/FVC2004_DB1_B/108_3.xyt,out/xyt/FVC2004_DB2_B/104_5.xyt
17,out/xyt/FVC2000_DB2_B/105_3.xyt,out/xyt/FVC2002_DB1_B/106_5.xyt
17,out/xyt/FVC2000_DB2_B/107_1.xyt,out/xyt/FVC2002_DB3_B/104_7.xyt
17,out/xyt/FVC2002_DB3_B/103_6.xyt,out/xyt/FVC2004_DB2_B/102_1.xyt
17,out/xyt/FVC2000_DB3_B/103_1.xyt,out/xyt/FVC2000_DB3_B/105_4.xyt
17,out/xyt/FVC2000_DB4_B/109_4.xyt,out/xyt/FVC2004_DB2_B/109_5.xyt
17,out/xyt/FVC2002_DB3_B/110_1.xyt,out/xyt/FVC2004_DB4_B/108_4.xyt
17,out/xyt/FVC2000_DB2_B/109_4.xyt,out/xyt/FVC2004_DB3_B/104_8.xyt
17,out/xyt/FVC2000_DB1_B/108_7.xyt,out/xyt/FVC2004_DB1_B/107_2.xyt
17,out/xyt/FVC2002_DB4_B/105_6.xyt,out/xyt/FVC2002_DB4_B/106_4.xyt
17,out/xyt/FVC2002_DB1_B/107_7.xyt,out/xyt/FVC2002_DB3_B/106_4.xyt
17,out/xyt/FVC2000_DB2_B/109_8.xyt,out/xyt/FVC2004_DB2_B/107_1.xyt
17,out/xyt/FVC2004_DB1_B/103_8.xyt,out/xyt/FVC2004_DB2_B/108_5.xyt
17,out/xyt/FVC2000_DB1_B/105_7.xyt,out/xyt/FVC2002_DB1_B/107_4.xyt
17,out/xyt/FVC2000_DB1_B/102_5.xyt,out/xyt/FVC2004_DB1_B/107_5.xyt
17,out/xyt/FVC2002_DB1_B/105_3.xyt,out/xyt/FVC2004_DB1_B/108_6.xyt
17,out/xyt/FVC2000_DB4_B/101_4.xyt,out/xyt/FVC2002_DB4_B/101_3.xyt
17,out/xyt/FVC2002_DB4_B/109_8.xyt,out/xyt/FVC2004_DB4_B/103_4.xyt
17,out/xyt/FVC2002_DB4_B/107_5.xyt,out/xyt/FVC2004_DB4_B/108_1.xyt
17,out/xyt/FVC2002_DB1_B/107_2.xyt,out/xyt/FVC2002_DB2_B/106_2.xyt
17,out/xyt/FVC2000_DB4_B/102_2.xyt,out/xyt/FVC2002_DB2_B/103_2.xyt
17,out/xyt/FVC2004_DB1_B/101_1.xyt,out/xyt/FVC2004_DB4_B/108_5.xyt
17,out/xyt/FVC2000_DB1_B/109_4.xyt,out/xyt/FVC2004_DB1_B/103_8.xyt
17,out/xyt/FVC2002_DB4_B/107_5.xyt,out/xyt/FVC2002_DB4_B/108_4.xyt
17,out/xyt/FVC2000_DB2_B/106_8.xyt,out/xyt/FVC2004_DB4_B/108_1.xyt
17,out/xyt/FVC2000_DB3_B/109_7.xyt,out/xyt/FVC2000_DB3_B/110_2.xyt
17,out/xyt/FVC2000_DB4_B/102_7.xyt,out/xyt/FVC2004_DB4_B/108_5.xyt
17,out/xyt/FVC2000_DB1_B/109_4.xyt,out/xyt/FVC2000_DB2_B/109_7.xyt
17,out/xyt/FVC2000_DB3_B/106_2.xyt,out/xyt/FVC2000_DB3_B/108_7.xyt
17,out/xyt/FVC2000_DB2_B/108_5.xyt,out/xyt/FVC2002_DB3_B/104_7.xyt
17,out/xyt/FVC2002_DB2_B/108_1.xyt,out/xyt/FVC2004_DB4_B/106_8.xyt
17,out/xyt/FVC2000_DB4_B/106_7.xyt,out/xyt/FVC2002_DB1_B/110_1.xyt
17,out/xyt/FVC2002_DB3_B/110_2.xyt,out/xyt/FVC2002_DB4_B/109_6.xyt
17,out/xyt/FVC2000_DB4_B/109_1.xyt,out/xyt/FVC2002_DB1_B/105_1.xyt
17,out/xyt/FVC2000_DB4_B/110_6.xyt,out/xyt/FVC2004_DB3_B/108_7.xyt
17,out/xyt/FVC2000_DB1_B/102_5.xyt,out/xyt/FVC2002_DB4_B/108_2.xyt
17,out/xyt/FVC2002_DB2_B/106_1.xyt,out/xyt/FVC2004_DB3_B/105_1.xyt
17,out/xyt/FVC2004_DB1_B/101_7.xyt,out/xyt/FVC2004_DB2_B/104_1.xyt
17,out/xyt/FVC2002_DB2_B/108_1.xyt,out/xyt/FVC2002_DB4_B/105_4.xyt
17,out/xyt/FVC2000_DB1_B/105_2.xyt,out/xyt/FVC2002_DB2_B/106_8.xyt
17,out/xyt/FVC2000_DB2_B/105_1.xyt,out/xyt/FVC2002_DB4_B/109_5.xyt
17,out/xyt/FVC2000_DB2_B/104_1.xyt,out/xyt/FVC2002_DB4_B/109_8.xyt
17,out/xyt/FVC2002_DB2_B/108_3.xyt,out/xyt/FVC2004_DB4_B/104_7.xyt
17,out/xyt/FVC2000_DB1_B/106_4.xyt,out/xyt/FVC2000_DB1_B/108_7.xyt
17,out/xyt/FVC2000_DB2_B/105_2.xyt,out/xyt/FVC2002_DB2_B/106_3.xyt
17,out/xyt/FVC2002_DB1_B/110_8.xyt,out/xyt/FVC2002_DB3_B/102_8.xyt
17,out/xyt/FVC2000_DB4_B/108_5.xyt,out/xyt/FVC2002_DB1_B/106_3.xyt
17,out/xyt/FVC2002_DB1_B/105_7.xyt,out/xyt/FVC2004_DB1_B/108_3.xyt
17,out/xyt/FVC2000_DB4_B/109_5.xyt,out/xyt/FVC2004_DB4_B/108_3.xyt
17,out/xyt/FVC2002_DB4_B/107_2.xyt,out/xyt/FVC2004_DB4_B/109_8.xyt
17,out/xyt/FVC2000_DB1_B/106_2.xyt,out/xyt/FVC2002_DB2_B/110_6.xyt
17,out/xyt/FVC2000_DB1_B/102_8.xyt,out/xyt/FVC2004_DB1_B/104_1.xyt
17,out/xyt/FVC2002_DB1_B/106_8.xyt,out/xyt/FVC2002_DB2_B/105_6.xyt
17,out/xyt/FVC2004_DB3_B/102_2.xyt,out/xyt/FVC2004_DB3_B/104_4.xyt
17,out/xyt/FVC2002_DB1_B/104_1.xyt,out/xyt/FVC2002_DB1_B/105_6.xyt
17,out/xyt/FVC2000_DB1_B/109_6.xyt,out/xyt/FVC2002_DB4_B/102_6.xyt
17,out/xyt/FVC2002_DB3_B/103_2.xyt,out/xyt/FVC2004_DB1_B/104_1.xyt
17,out/xyt/FVC2002_DB4_B/103_7.xyt,out/xyt/FVC2004_DB3_B/106_2.xyt
17,out/xyt/FVC2002_DB1_B/102_1.xyt,out/xyt/FVC2002_DB1_B/106_1.xyt
17,out/xyt/FVC2004_DB1_B/103_5.xyt,out/xyt/FVC2004_DB4_B/102_3.xyt
17,out/xyt/FVC2002_DB1_B/107_7.xyt,out/xyt/FVC2002_DB4_B/103_3.xyt
17,out/xyt/FVC2000_DB4_B/102_7.xyt,out/xyt/FVC2004_DB4_B/102_6.xyt
17,out/xyt/FVC2002_DB1_B/107_2.xyt,out/xyt/FVC2004_DB2_B/110_4.xyt
17,out/xyt/FVC2000_DB2_B/105_7.xyt,out/xyt/FVC2002_DB1_B/106_8.xyt
17,out/xyt/FVC2000_DB4_B/110_3.xyt,out/xyt/FVC2004_DB1_B/107_2.xyt
17,out/xyt/FVC2000_DB2_B/107_4.xyt,out/xyt/FVC2002_DB2_B/103_5.xyt
17,out/xyt/FVC2000_DB3_B/106_5.xyt,out/xyt/FVC2000_DB3_B/108_7.xyt
17,out/xyt/FVC2000_DB1_B/102_3.xyt,out/xyt/FVC2002_DB1_B/109_4.xyt
17,out/xyt/FVC2000_DB4_B/110_8.xyt,out/xyt/FVC2002_DB4_B/107_5.xyt
17,out/xyt/FVC2000_DB4_B/109_2.xyt,out/xyt/FVC2002_DB4_B/102_4.xyt
17,out/xyt/FVC2004_DB4_B/101_2.xyt,out/xyt/FVC2004_DB4_B/105_6.xyt
17,out/xyt/FVC2004_DB1_B/104_5.xyt,out/xyt/FVC2004_DB3_B/105_6.xyt
17,out/xyt/FVC2002_DB1_B/107_4.xyt,out/xyt/FVC2004_DB4_B/106_3.xyt
17,out/xyt/FVC2002_DB1_B/106_8.xyt,out/xyt/FVC2004_DB3_B/105_6.xyt
17,out/xyt/FVC2000_DB1_B/109_3.xyt,out/xyt/FVC2002_DB4_B/103_3.xyt
17,out/xyt/FVC2000_DB1_B/105_7.xyt,out/xyt/FVC2002_DB2_B/108_3.xyt
17,out/xyt/FVC2000_DB4_B/109_6.xyt,out/xyt/FVC2002_DB2_B/105_7.xyt
17,out/xyt/FVC2002_DB1_B/102_2.xyt,out/xyt/FVC2004_DB2_B/104_5.xyt
17,out/xyt/FVC2002_DB1_B/104_5.xyt,out/xyt/FVC2002_DB3_B/105_3.xyt
17,out/xyt/FVC2000_DB2_B/106_1.xyt,out/xyt/FVC2000_DB2_B/109_5.xyt
17,out/xyt/FVC2000_DB2_B/104_6.xyt,out/xyt/FVC2004_DB4_B/103_4.xyt
17,out/xyt/FVC2000_DB1_B/106_8.xyt,out/xyt/FVC2002_DB2_B/108_3.xyt
17,out/xyt/FVC2000_DB4_B/109_2.xyt,out/xyt/FVC2002_DB4_B/109_3.xyt
17,out/xyt/FVC2000_DB1_B/108_5.xyt,out/xyt/FVC2000_DB2_B/103_1.xyt
17,out/xyt/FVC2000_DB4_B/102_1.xyt,out/xyt/FVC2002_DB4_B/102_3.xyt
17,out/xyt/FVC2004_DB1_B/102_8.xyt,out/xyt/FVC2004_DB2_B/101_1.xyt
17,out/xyt/FVC2000_DB3_B/108_7.xyt,out/xyt/FVC2004_DB3_B/110_7.xyt
17,out/xyt/FVC2000_DB1_B/106_7.xyt,out/xyt/FVC2000_DB2_B/104_6.xyt
17,out/xyt/FVC2000_DB1_B/105_1.xyt,out/xyt/FVC2004_DB4_B/110_6.xyt
17,out/xyt/FVC2002_DB4_B/102_7.xyt,out/xyt/FVC2004_DB2_B/109_1.xyt
17,out/xyt/FVC2000_DB4_B/110_7.xyt,out/xyt/FVC2002_DB3_B/108_7.xyt
17,out/xyt/FVC2002_DB2_B/108_5.xyt,out/xyt/FVC2004_DB4_B/108_1.xyt
17,out/xyt/FVC2000_DB2_B/107_3.xyt,out/xyt/FVC2002_DB2_B/108_3.xyt
17,out/xyt/FVC2002_DB4_B/108_2.xyt,out/xyt/FVC2004_DB4_B/105_1.xyt
17,out/xyt/FVC2002_DB1_B/102_6.xyt,out/xyt/FVC2004_DB3_B/105_2.xyt
17,out/xyt/FVC2002_DB4_B/108_2.xyt,out/xyt/FVC2004_DB2_B/108_4.xyt
17,out/xyt/FVC2002_DB4_B/109_1.xyt,out/xyt/FVC2004_DB2_B/108_1.xyt
17,out/xyt/FVC2000_DB4_B/102_2.xyt,out/xyt/FVC2004_DB2_B/109_1.xyt
17,out/xyt/FVC2002_DB2_B/109_3.xyt,out/xyt/FVC2004_DB1_B/107_5.xyt
17,out/xyt/FVC2000_DB1_B/107_5.xyt,out/xyt/FVC2000_DB1_B/109_3.xyt
17,out/xyt/FVC2002_DB1_B/106_2.xyt,out/xyt/FVC2004_DB2_B/108_2.xyt
17,out/xyt/FVC2004_DB2_B/110_8.xyt,out/xyt/FVC2004_DB3_B/106_2.xyt
17,out/xyt/FVC2000_DB4_B/105_6.xyt,out/xyt/FVC2004_DB1_B/104_1.xyt
17,out/xyt/FVC2000_DB1_B/102_8.xyt,out/xyt/FVC2000_DB1_B/105_1.xyt
17,out/xyt/FVC2000_DB2_B/105_4.xyt,out/xyt/FVC2002_DB1_B/106_6.xyt
17,out/xyt/FVC2000_DB3_B/105_8.xyt,out/xyt/FVC2002_DB1_B/104_6.xyt
17,out/xyt/FVC2002_DB4_B/110_5.xyt,out/xyt/FVC2004_DB1_B/104_1.xyt
17,out/xyt/FVC2004_DB3_B/108_7.xyt,out/xyt/FVC2004_DB3_B/110_3.xyt
17,out/xyt/FVC2002_DB1_B/110_5.xyt,out/xyt/FVC2002_DB2_B/102_6.xyt
17,out/xyt/FVC2000_DB2_B/102_7.xyt,out/xyt/FVC2002_DB1_B/102_1.xyt
17,out/xyt/FVC2000_DB4_B/109_1.xyt,out/xyt/FVC2002_DB4_B/109_3.xyt
17,out/xyt/FVC2004_DB4_B/106_3.xyt,out/xyt/FVC2004_DB4_B/107_5.xyt
17,out/xyt/FVC2002_DB1_B/110_2.xyt,out/xyt/FVC2002_DB4_B/105_5.xyt
17,out/xyt/FVC2002_DB4_B/109_1.xyt,out/xyt/FVC2004_DB2_B/108_8.xyt
17,out/xyt/FVC2002_DB2_B/103_5.xyt,out/xyt/FVC2002_DB4_B/110_5.xyt
17,out/xyt/FVC2002_DB4_B/106_8.xyt,out/xyt/FVC2002_DB4_B/108_4.xyt
17,out/xyt/FVC2000_DB4_B/109_6.xyt,out/xyt/FVC2004_DB4_B/105_8.xyt
17,out/xyt/FVC2004_DB2_B/108_1.xyt,out/xyt/FVC2004_DB4_B/105_5.xyt
17,out/xyt/FVC2000_DB4_B/109_6.xyt,out/xyt/FVC2002_DB4_B/102_2.xyt
17,out/xyt/FVC2002_DB1_B/106_8.xyt,out/xyt/FVC2004_DB1_B/104_5.xyt
17,out/xyt/FVC2002_DB2_B/105_7.xyt,out/xyt/FVC2002_DB4_B/102_3.xyt
17,out/xyt/FVC2000_DB4_B/109_8.xyt,out/xyt/FVC2002_DB1_B/102_2.xyt
17,out/xyt/FVC2000_DB4_B/109_2.xyt,out/xyt/FVC2004_DB1_B/102_2.xyt
17,out/xyt/FVC2002_DB4_B/101_1.xyt,out/xyt/FVC2004_DB4_B/106_8.xyt
17,out/xyt/FVC2002_DB4_B/102_5.xyt,out/xyt/FVC2002_DB4_B/108_7.xyt
17,out/xyt/FVC2000_DB4_B/104_8.xyt,out/xyt/FVC2002_DB1_B/106_3.xyt
17,out/xyt/FVC2000_DB4_B/109_2.xyt,out/xyt/FVC2004_DB2_B/106_3.xyt
17,out/xyt/FVC2000_DB4_B/101_3.xyt,out/xyt/FVC2002_DB4_B/107_5.xyt
17,out/xyt/FVC2002_DB1_B/107_8.xyt,out/xyt/FVC2004_DB4_B/105_3.xyt
17,out/xyt/FVC2000_DB1_B/109_3.xyt,out/xyt/FVC2004_DB2_B/104_1.xyt
17,out/xyt/FVC2002_DB2_B/106_8.xyt,out/xyt/FVC2004_DB4_B/110_3.xyt
17,out/xyt/FVC2002_DB4_B/109_4.xyt,out/xyt/FVC2004_DB4_B/110_6.xyt
17,out/xyt/FVC2002_DB2_B/106_3.xyt,out/xyt/FVC2004_DB1_B/102_8.xyt
17,out/xyt/FVC2002_DB1_B/105_1.xyt,out/xyt/FVC2004_DB4_B/106_5.xyt
17,out/xyt/FVC2004_DB2_B/109_4.xyt,out/xyt/FVC2004_DB2_B/110_4.xyt
17,out/xyt/FVC2002_DB1_B/106_8.xyt,out/xyt/FVC2004_DB1_B/103_6.xyt
17,out/xyt/FVC2002_DB2_B/101_5.xyt,out/xyt/FVC2002_DB2_B/104_4.xyt
17,out/xyt/FVC2002_DB1_B/109_5.xyt,out/xyt/FVC2004_DB2_B/101_1.xyt
17,out/xyt/FVC2000_DB2_B/107_3.xyt,out/xyt/FVC2000_DB4_B/109_5.xyt
17,out/xyt/FVC2002_DB4_B/103_1.xyt,out/xyt/FVC2004_DB4_B/108_5.xyt
17,out/xyt/FVC2002_DB1_B/105_6.xyt,out/xyt/FVC2004_DB1_B/104_1.xyt
17,out/xyt/FVC2004_DB1_B/107_1.xyt,out/xyt/FVC2004_DB2_B/104_1.xyt
17,out/xyt/FVC2002_DB2_B/103_2.xyt,out/xyt/FVC2004_DB4_B/110_5.xyt
17,out/xyt/FVC2002_DB2_B/103_6.xyt,out/xyt/FVC2002_DB3_B/104_7.xyt
17,out/xyt/FVC2000_DB4_B/110_4.xyt,out/xyt/FVC2002_DB4_B/102_5.xyt
17,out/xyt/FVC2004_DB4_B/102_1.xyt,out/xyt/FVC2004_DB4_B/105_6.xyt
17,out/xyt/FVC2000_DB1_B/109_3.xyt,out/xyt/FVC2000_DB4_B/109_1.xyt
17,out/xyt/FVC2000_DB3_B/104_3.xyt,out/xyt/FVC2004_DB1_B/101_5.xyt
17,out/xyt/FVC2002_DB2_B/106_1.xyt,out/xyt/FVC2004_DB3_B/105_2.xyt
17,out/xyt/FVC2000_DB4_B/109_8.xyt,out/xyt/FVC2000_DB4_B/110_3.xyt
17,out/xyt/FVC2000_DB3_B/108_3.xyt,out/xyt/FVC2004_DB2_B/107_2.xyt
17,out/xyt/FVC2000_DB1_B/105_4.xyt,out/xyt/FVC2002_DB1_B/109_7.xyt
17,out/xyt/FVC2000_DB2_B/104_2.xyt,out/xyt/FVC2002_DB4_B/103_8.xyt
17,out/xyt/FVC2002_DB1_B/103_2.xyt,out/xyt/FVC2002_DB1_B/106_3.xyt
17,out/xyt/FVC2000_DB4_B/105_7.xyt,out/xyt/FVC2004_DB4_B/110_3.xyt
17,out/xyt/FVC2002_DB1_B/106_2.xyt,out/xyt/FVC2002_DB2_B/103_5.xyt
17,out/xyt/FVC2002_DB4_B/105_4.xyt,out/xyt/FVC2004_DB1_B/104_6.xyt
17,out/xyt/FVC2000_DB2_B/109_5.xyt,out/xyt/FVC2002_DB1_B/106_3.xyt
17,out/xyt/FVC2004_DB1_B/103_8.xyt,out/xyt/FVC2004_DB2_B/103_7.xyt
17,out/xyt/FVC2002_DB2_B/106_3.xyt,out/xyt/FVC2002_DB4_B/108_6.xyt
17,out/xyt/FVC2000_DB4_B/108_6.xyt,out/xyt/FVC2002_DB4_B/102_3.xyt
17,out/xyt/FVC2004_DB1_B/107_2.xyt,out/xyt/FVC2004_DB4_B/103_4.xyt
17,out/xyt/FVC2002_DB2_B/104_8.xyt,out/xyt/FVC2002_DB4_B/105_5.xyt
17,out/xyt/FVC2004_DB1_B/103_6.xyt,out/xyt/FVC2004_DB1_B/108_3.xyt
17,out/xyt/FVC2004_DB4_B/101_5.xyt,out/xyt/FVC2004_DB4_B/105_4.xyt
17,out/xyt/FVC2000_DB2_B/104_1.xyt,out/xyt/FVC2002_DB4_B/101_4.xyt
17,out/xyt/FVC2002_DB3_B/108_2.xyt,out/xyt/FVC2004_DB3_B/102_3.xyt
17,out/xyt/FVC2002_DB4_B/103_5.xyt,out/xyt/FVC2004_DB1_B/104_7.xyt
17,out/xyt/FVC2002_DB4_B/110_5.xyt,out/xyt/FVC2004_DB2_B/109_6.xyt
17,out/xyt/FVC2002_DB1_B/107_3.xyt,out/xyt/FVC2002_DB2_B/106_8.xyt
17,out/xyt/FVC2002_DB1_B/106_8.xyt,out/xyt/FVC2004_DB4_B/102_2.xyt
17,out/xyt/FVC2002_DB4_B/101_4.xyt,out/xyt/FVC2004_DB1_B/101_6.xyt
17,out/xyt/FVC2002_DB1_B/106_8.xyt,out/xyt/FVC2002_DB2_B/106_3.xyt
17,out/xyt/FVC2002_DB2_B/108_3.xyt,out/xyt/FVC2002_DB4_B/101_4.xyt
17,out/xyt/FVC2000_DB1_B/102_4.xyt,out/xyt/FVC2002_DB1_B/106_3.xyt
17,out/xyt/FVC2002_DB3_B/109_1.xyt,out/xyt/FVC2004_DB2_B/106_3.xyt
17,out/xyt/FVC2000_DB4_B/103_7.xyt,out/xyt/FVC2002_DB4_B/109_1.xyt
17,out/xyt/FVC2000_DB3_B/104_8.xyt,out/xyt/FVC2002_DB4_B/105_8.xyt
17,out/xyt/FVC2000_DB1_B/106_2.xyt,out/xyt/FVC2004_DB4_B/110_8.xyt
17,out/xyt/FVC2002_DB2_B/105_1.xyt,out/xyt/FVC2002_DB4_B/102_6.xyt
17,out/xyt/FVC2000_DB3_B/110_6.xyt,out/xyt/FVC2002_DB3_B/110_7.xyt
17,out/xyt/FVC2002_DB4_B/103_4.xyt,out/xyt/FVC2004_DB4_B/102_6.xyt
17,out/xyt/FVC2000_DB4_B/102_1.xyt,out/xyt/FVC2004_DB2_B/105_7.xyt
17,out/xyt/FVC2004_DB2_B/108_3.xyt,out/xyt/FVC2004_DB2_B/110_2.xyt
17,out/xyt/FVC2002_DB2_B/103_7.xyt,out/xyt/FVC2004_DB1_B/101_8.xyt
17,out/xyt/FVC2000_DB2_B/104_3.xyt,out/xyt/FVC2002_DB1_B/106_8.xyt
17,out/xyt/FVC2000_DB1_B/109_2.xyt,out/xyt/FVC2000_DB2_B/109_5.xyt
17,out/xyt/FVC2002_DB2_B/106_3.xyt,out/xyt/FVC2004_DB4_B/106_7.xyt
17,out/xyt/FVC2002_DB1_B/105_8.xyt,out/xyt/FVC2002_DB3_B/103_6.xyt
17,out/xyt/FVC2002_DB1_B/107_1.xyt,out/xyt/FVC2002_DB4_B/102_6.xyt
17,out/xyt/FVC2002_DB3_B/110_1.xyt,out/xyt/FVC2004_DB4_B/106_5.xyt
17,out/xyt/FVC2002_DB2_B/108_3.xyt,out/xyt/FVC2004_DB2_B/110_2.xyt
17,out/xyt/FVC2002_DB1_B/104_8.xyt,out/xyt/FVC2004_DB1_B/104_6.xyt
17,out/xyt/FVC2000_DB2_B/102_5.xyt,out/xyt/FVC2004_DB4_B/102_1.xyt
17,out/xyt/FVC2000_DB2_B/101_1.xyt,out/xyt/FVC2002_DB2_B/108_8.xyt
17,out/xyt/FVC2000_DB1_B/107_4.xyt,out/xyt/FVC2002_DB1_B/107_2.xyt
17,out/xyt/FVC2000_DB4_B/109_6.xyt,out/xyt/FVC2004_DB4_B/110_7.xyt
17,out/xyt/FVC2002_DB3_B/108_6.xyt,out/xyt/FVC2002_DB4_B/109_6.xyt
17,out/xyt/FVC2002_DB2_B/101_5.xyt,out/xyt/FVC2002_DB4_B/109_2.xyt
17,out/xyt/FVC2004_DB2_B/109_8.xyt,out/xyt/FVC2004_DB3_B/106_8.xyt
17,out/xyt/FVC2002_DB2_B/105_2.xyt,out/xyt/FVC2002_DB4_B/107_4.xyt
17,out/xyt/FVC2000_DB4_B/101_3.xyt,out/xyt/FVC2002_DB2_B/108_3.xyt
17,out/xyt/FVC2000_DB1_B/109_3.xyt,out/xyt/FVC2002_DB2_B/106_5.xyt
17,out/xyt/FVC2000_DB1_B/105_3.xyt,out/xyt/FVC2002_DB1_B/105_1.xyt
17,out/xyt/FVC2004_DB4_B/105_8.xyt,out/xyt/FVC2004_DB4_B/106_2.xyt
17,out/xyt/FVC2000_DB2_B/105_4.xyt,out/xyt/FVC2002_DB2_B/105_2.xyt
17,out/xyt/FVC2000_DB4_B/109_5.xyt,out/xyt/FVC2002_DB4_B/107_5.xyt
17,out/xyt/FVC2002_DB1_B/106_5.xyt,out/xyt/FVC2004_DB4_B/108_8.xyt
17,out/xyt/FVC2000_DB1_B/108_7.xyt,out/xyt/FVC2000_DB2_B/106_8.xyt
17,out/xyt/FVC2004_DB4_B/105_6.xyt,out/xyt/FVC2004_DB4_B/106_4.xyt
17,out/xyt/FVC2000_DB1_B/102_4.xyt,out/xyt/FVC2002_DB1_B/105_6.xyt
17,out/xyt/FVC2002_DB1_B/105_1.xyt,out/xyt/FVC2004_DB4_B/106_7.xyt
17,out/xyt/FVC2002_DB1_B/106_8.xyt,out/xyt/FVC2004_DB4_B/110_6.xyt
17,out/xyt/FVC2000_DB2_B/104_5.xyt,out/xyt/FVC2004_DB1_B/106_8.xyt
17,out/xyt/FVC2000_DB2_B/102_4.xyt,out/xyt/FVC2004_DB2_B/104_1.xyt
17,out/xyt/FVC2000_DB1_B/109_5.xyt,out/xyt/FVC2000_DB4_B/105_2.xyt
17,out/xyt/FVC2000_DB1_B/102_8.xyt,out/xyt/FVC2004_DB2_B/104_1.xyt
17,out/xyt/FVC2004_DB1_B/102_1.xyt,out/xyt/FVC2004_DB1_B/104_3.xyt
17,out/xyt/FVC2004_DB4_B/101_2.xyt,out/xyt/FVC2004_DB4_B/106_4.xyt
17,out/xyt/FVC2002_DB2_B/102_8.xyt,out/xyt/FVC2002_DB2_B/106_5.xyt
17,out/xyt/FVC2000_DB1_B/105_2.xyt,out/xyt/FVC2000_DB1_B/109_3.xyt
17,out/xyt/FVC2002_DB3_B/104_1.xyt,out/xyt/FVC2004_DB1_B/103_1.xyt
17,out/xyt/FVC2002_DB1_B/107_6.xyt,out/xyt/FVC2004_DB1_B/102_7.xyt
17,out/xyt/FVC2002_DB2_B/106_1.xyt,out/xyt/FVC2004_DB4_B/110_1.xyt
17,out/xyt/FVC2000_DB2_B/102_6.xyt,out/xyt/FVC2002_DB2_B/109_6.xyt
17,out/xyt/FVC2000_DB4_B/105_4.xyt,out/xyt/FVC2000_DB4_B/109_6.xyt
17,out/xyt/FVC2000_DB4_B/110_3.xyt,out/xyt/FVC2002_DB4_B/107_3.xyt
17,out/xyt/FVC2002_DB1_B/109_3.xyt,out/xyt/FVC2002_DB2_B/101_8.xyt
17,out/xyt/FVC2002_DB1_B/106_5.xyt,out/xyt/FVC2002_DB2_B/105_4.xyt
17,out/xyt/FVC2000_DB4_B/105_7.xyt,out/xyt/FVC2002_DB2_B/103_7.xyt
17,out/xyt/FVC2002_DB4_B/101_8.xyt,out/xyt/FVC2004_DB4_B/108_5.xyt
17,out/xyt/FVC2002_DB2_B/108_8.xyt,out/xyt/FVC2002_DB4_B/101_4.xyt
17,out/xyt/FVC2002_DB1_B/107_3.xyt,out/xyt/FVC2004_DB2_B/110_4.xyt
17,out/xyt/FVC2000_DB3_B/110_8.xyt,out/xyt/FVC2004_DB4_B/102_7.xyt
17,out/xyt/FVC2000_DB4_B/104_4.xyt,out/xyt/FVC2004_DB1_B/107_1.xyt
17,out/xyt/FVC2002_DB4_B/108_2.xyt,out/xyt/FVC2004_DB2_B/110_1.xyt
17,out/xyt/FVC2002_DB4_B/110_6.xyt,out/xyt/FVC2004_DB2_B/109_3.xyt
17,out/xyt/FVC2002_DB4_B/102_2.xyt,out/xyt/FVC2002_DB4_B/109_1.xyt
17,out/xyt/FVC2002_DB1_B/101_6.xyt,out/xyt/FVC2002_DB1_B/109_7.xyt
17,out/xyt/FVC2002_DB3_B/107_2.xyt,out/xyt/FVC2004_DB2_B/110_3.xyt
17,out/xyt/FVC2000_DB1_B/102_6.xyt,out/xyt/FVC2004_DB1_B/104_3.xyt
17,out/xyt/FVC2000_DB2_B/109_5.xyt,out/xyt/FVC2002_DB4_B/109_6.xyt
17,out/xyt/FVC2004_DB3_B/102_1.xyt,out/xyt/FVC2004_DB4_B/102_7.xyt
17,out/xyt/FVC2002_DB4_B/105_1.xyt,out/xyt/FVC2004_DB4_B/108_8.xyt
17,out/xyt/FVC2004_DB2_B/104_5.xyt,out/xyt/FVC2004_DB2_B/105_2.xyt
17,out/xyt/FVC2000_DB2_B/107_6.xyt,out/xyt/FVC2002_DB4_B/108_1.xyt
17,out/xyt/FVC2004_DB1_B/103_5.xyt,out/xyt/FVC2004_DB4_B/102_4.xyt
17,out/xyt/FVC2000_DB4_B/103_2.xyt,out/xyt/FVC2002_DB4_B/103_2.xyt
17,out/xyt/FVC2000_DB2_B/104_4.xyt,out/xyt/FVC2002_DB1_B/106_3.xyt
17,out/xyt/FVC2002_DB1_B/102_7.xyt,out/xyt/FVC2004_DB2_B/104_5.xyt
17,out/xyt/FVC2000_DB2_B/102_7.xyt,out/xyt/FVC2002_DB1_B/105_1.xyt
17,out/xyt/FVC2002_DB1_B/101_7.xyt,out/xyt/FVC2002_DB2_B/108_8.xyt
17,out/xyt/FVC2000_DB1_B/105_2.xyt,out/xyt/FVC2000_DB1_B/109_6.xyt
17,out/xyt/FVC2002_DB3_B/104_1.xyt,out/xyt/FVC2002_DB3_B/110_8.xyt
17,out/xyt/FVC2002_DB1_B/110_2.xyt,out/xyt/FVC2004_DB3_B/106_2.xyt
17,out/xyt/FVC2002_DB1_B/102_2.xyt,out/xyt/FVC2002_DB4_B/107_4.xyt
17,out/xyt/FVC2000_DB4_B/105_4.xyt,out/xyt/FVC2002_DB4_B/110_2.xyt
17,out/xyt/FVC2004_DB1_B/104_1.xyt,out/xyt/FVC2004_DB4_B/102_6.xyt
17,out/xyt/FVC2002_DB2_B/102_7.xyt,out/xyt/FVC2004_DB4_B/110_1.xyt
17,out/xyt/FVC2002_DB1_B/101_7.xyt,out/xyt/FVC2002_DB1_B/109_7.xyt
17,out/xyt/FVC2000_DB1_B/106_3.xyt,out/xyt/FVC2004_DB2_B/103_1.xyt
17,out/xyt/FVC2000_DB2_B/104_2.xyt,out/xyt/FVC2002_DB1_B/102_2.xyt
17,out/xyt/FVC2000_DB4_B/102_2.xyt,out/xyt/FVC2002_DB2_B/109_2.xyt
17,out/xyt/FVC2004_DB1_B/109_4.xyt,out/xyt/FVC2004_DB4_B/108_1.xyt
17,out/xyt/FVC2000_DB4_B/110_6.xyt,out/xyt/FVC2002_DB4_B/102_2.xyt
17,out/xyt/FVC2000_DB2_B/107_5.xyt,out/xyt/FVC2002_DB2_B/106_5.xyt
17,out/xyt/FVC2000_DB4_B/102_1.xyt,out/xyt/FVC2002_DB2_B/109_2.xyt
17,out/xyt/FVC2004_DB2_B/105_2.xyt,out/xyt/FVC2004_DB3_B/106_2.xyt
17,out/xyt/FVC2000_DB3_B/104_3.xyt,out/xyt/FVC2002_DB3_B/109_2.xyt
17,out/xyt/FVC2000_DB4_B/108_6.xyt,out/xyt/FVC2000_DB4_B/109_3.xyt
17,out/xyt/FVC2000_DB4_B/106_1.xyt,out/xyt/FVC2002_DB1_B/104_4.xyt
17,out/xyt/FVC2000_DB2_B/107_5.xyt,out/xyt/FVC2002_DB1_B/101_2.xyt
17,out/xyt/FVC2002_DB3_B/108_4.xyt,out/xyt/FVC2004_DB1_B/107_1.xyt
17,out/xyt/FVC2000_DB1_B/109_3.xyt,out/xyt/FVC2000_DB4_B/110_3.xyt
17,out/xyt/FVC2000_DB1_B/103_1.xyt,out/xyt/FVC2000_DB1_B/106_3.xyt
17,out/xyt/FVC2000_DB4_B/110_3.xyt,out/xyt/FVC2004_DB4_B/106_3.xyt
17,out/xyt/FVC2004_DB1_B/104_5.xyt,out/xyt/FVC2004_DB2_B/109_1.xyt
17,out/xyt/FVC2004_DB2_B/108_1.xyt,out/xyt/FVC2004_DB3_B/107_4.xyt
17,out/xyt/FVC2002_DB1_B/106_1.xyt,out/xyt/FVC2002_DB1_B/110_1.xyt
17,out/xyt/FVC2000_DB2_B/107_1.xyt,out/xyt/FVC2000_DB2_B/109_5.xyt
17,out/xyt/FVC2000_DB4_B/109_2.xyt,out/xyt/FVC2004_DB1_B/101_4.xyt
17,out/xyt/FVC2002_DB1_B/105_7.xyt,out/xyt/FVC2002_DB3_B/105_2.xyt
17,out/xyt/FVC2002_DB1_B/105_8.xyt,out/xyt/FVC2004_DB1_B/104_5.xyt
17,out/xyt/FVC2000_DB4_B/109_1.xyt,out/xyt/FVC2002_DB4_B/101_8.xyt
17,out/xyt/FVC2002_DB2_B/106_1.xyt,out/xyt/FVC2002_DB2_B/108_3.xyt
17,out/xyt/FVC2002_DB1_B/107_4.xyt,out/xyt/FVC2004_DB1_B/102_5.xyt
17,out/xyt/FVC2002_DB2_B/101_5.xyt,out/xyt/FVC2004_DB2_B/103_5.xyt
17,out/xyt/FVC2000_DB1_B/106_4.xyt,out/xyt/FVC2004_DB1_B/107_1.xyt
17,out/xyt/FVC2002_DB1_B/102_2.xyt,out/xyt/FVC2004_DB4_B/106_7.xyt
17,out/xyt/FVC2002_DB1_B/107_4.xyt,out/xyt/FVC2004_DB1_B/106_2.xyt
17,out/xyt/FVC2002_DB4_B/103_3.xyt,out/xyt/FVC2004_DB2_B/104_1.xyt
17,out/xyt/FVC2000_DB1_B/106_1.xyt,out/xyt/FVC2002_DB1_B/109_1.xyt
17,out/xyt/FVC2002_DB2_B/107_4.xyt,out/xyt/FVC2004_DB4_B/106_4.xyt
17,out/xyt/FVC2004_DB1_B/107_3.xyt,out/xyt/FVC2004_DB4_B/108_5.xyt
17,out/xyt/FVC2000_DB2_B/105_7.xyt,out/xyt/FVC2004_DB1_B/102_7.xyt
17,out/xyt/FVC2002_DB3_B/108_7.xyt,out/xyt/FVC2004_DB1_B/109_5.xyt
17,out/xyt/FVC2000_DB1_B/102_5.xyt,out/xyt/FVC2004_DB2_B/108_1.xyt
17,out/xyt/FVC2000_DB4_B/109_3.xyt,out/xyt/FVC2004_DB3_B/106_1.xyt
17,out/xyt/FVC2000_DB4_B/109_5.xyt,out/xyt/FVC2004_DB2_B/101_5.xyt
17,out/xyt/FVC2000_DB1_B/105_3.xyt,out/xyt/FVC2002_DB1_B/106_1.xyt
17,out/xyt/FVC2000_DB4_B/110_6.xyt,out/xyt/FVC2002_DB3_B/107_2.xyt
17,out/xyt/FVC2002_DB4_B/107_2.xyt,out/xyt/FVC2004_DB1_B/107_4.xyt
17,out/xyt/FVC2000_DB4_B/102_1.xyt,out/xyt/FVC2000_DB4_B/105_8.xyt
17,out/xyt/FVC2000_DB1_B/102_5.xyt,out/xyt/FVC2002_DB4_B/101_1.xyt
17,out/xyt/FVC2004_DB3_B/101_7.xyt,out/xyt/FVC2004_DB4_B/101_5.xyt
17,out/xyt/FVC2000_DB1_B/104_2.xyt,out/xyt/FVC2004_DB1_B/102_7.xyt
17,out/xyt/FVC2000_DB4_B/106_2.xyt,out/xyt/FVC2004_DB2_B/110_5.xyt
17,out/xyt/FVC2002_DB2_B/103_2.xyt,out/xyt/FVC2002_DB2_B/109_5.xyt
17,out/xyt/FVC2000_DB4_B/109_4.xyt,out/xyt/FVC2002_DB4_B/103_5.xyt
17,out/xyt/FVC2002_DB3_B/109_1.xyt,out/xyt/FVC2004_DB2_B/103_3.xyt
17,out/xyt/FVC2000_DB2_B/104_5.xyt,out/xyt/FVC2002_DB1_B/104_5.xyt
17,out/xyt/FVC2000_DB3_B/104_3.xyt,out/xyt/FVC2004_DB4_B/102_2.xyt
17,out/xyt/FVC2002_DB4_B/109_3.xyt,out/xyt/FVC2004_DB2_B/104_2.xyt
17,out/xyt/FVC2002_DB2_B/106_3.xyt,out/xyt/FVC2002_DB4_B/102_2.xyt
17,out/xyt/FVC2002_DB4_B/103_4.xyt,out/xyt/FVC2002_DB4_B/106_2.xyt
17,out/xyt/FVC2000_DB4_B/103_2.xyt,out/xyt/FVC2002_DB4_B/110_1.xyt
17,out/xyt/FVC2004_DB2_B/103_1.xyt,out/xyt/FVC2004_DB2_B/104_6.xyt
17,out/xyt/FVC2000_DB4_B/101_7.xyt,out/xyt/FVC2004_DB1_B/107_1.xyt
17,out/xyt/FVC2002_DB2_B/102_7.xyt,out/xyt/FVC2002_DB2_B/106_1.xyt
17,out/xyt/FVC2000_DB1_B/105_7.xyt,out/xyt/FVC2002_DB4_B/105_4.xyt
17,out/xyt/FVC2002_DB1_B/107_8.xyt,out/xyt/FVC2004_DB2_B/109_5.xyt
17,out/xyt/FVC2000_DB2_B/107_1.xyt,out/xyt/FVC2002_DB3_B/109_2.xyt
17,out/xyt/FVC2000_DB4_B/109_6.xyt,out/xyt/FVC2002_DB4_B/101_8.xyt
17,out/xyt/FVC2002_DB1_B/102_1.xyt,out/xyt/FVC2002_DB1_B/105_1.xyt
17,out/xyt/FVC2002_DB4_B/108_2.xyt,out/xyt/FVC2004_DB1_B/107_5.xyt
17,out/xyt/FVC2002_DB1_B/110_2.xyt,out/xyt/FVC2004_DB3_B/106_1.xyt
17,out/xyt/FVC2000_DB4_B/109_2.xyt,out/xyt/FVC2002_DB1_B/102_2.xyt
17,out/xyt/FVC2000_DB2_B/104_1.xyt,out/xyt/FVC2004_DB3_B/105_8.xyt
17,out/xyt/FVC2002_DB4_B/105_1.xyt,out/xyt/FVC2004_DB2_B/109_5.xyt
17,out/xyt/FVC2002_DB4_B/109_6.xyt,out/xyt/FVC2004_DB3_B/104_8.xyt
17,out/xyt/FVC2000_DB4_B/110_6.xyt,out/xyt/FVC2004_DB1_B/103_7.xyt
17,out/xyt/FVC2002_DB4_B/110_1.xyt,out/xyt/FVC2004_DB4_B/105_8.xyt
17,out/xyt/FVC2002_DB2_B/108_1.xyt,out/xyt/FVC2002_DB4_B/102_2.xyt
17,out/xyt/FVC2002_DB2_B/101_6.xyt,out/xyt/FVC2002_DB3_B/109_8.xyt
17,out/xyt/FVC2002_DB3_B/106_3.xyt,out/xyt/FVC2002_DB4_B/101_1.xyt
17,out/xyt/FVC2000_DB4_B/108_2.xyt,out/xyt/FVC2002_DB4_B/108_2.xyt
17,out/xyt/FVC2002_DB3_B/107_2.xyt,out/xyt/FVC2002_DB3_B/109_1.xyt
17,out/xyt/FVC2000_DB2_B/105_2.xyt,out/xyt/FVC2002_DB2_B/108_1.xyt
17,out/xyt/FVC2002_DB4_B/110_7.xyt,out/xyt/FVC2004_DB4_B/106_8.xyt
17,out/xyt/FVC2002_DB1_B/107_7.xyt,out/xyt/FVC2004_DB2_B/109_3.xyt
17,out/xyt/FVC2000_DB1_B/106_8.xyt,out/xyt/FVC2000_DB1_B/108_6.xyt
17,out/xyt/FVC2000_DB1_B/106_2.xyt,out/xyt/FVC2000_DB2_B/107_8.xyt
17,out/xyt/FVC2002_DB1_B/105_3.xyt,out/xyt/FVC2004_DB2_B/108_2.xyt
17,out/xyt/FVC2002_DB2_B/108_1.xyt,out/xyt/FVC2004_DB2_B/108_1.xyt
17,out/xyt/FVC2000_DB4_B/103_6.xyt,out/xyt/FVC2004_DB4_B/106_8.xyt
17,out/xyt/FVC2000_DB3_B/109_8.xyt,out/xyt/FVC2000_DB4_B/103_1.xyt
17,out/xyt/FVC2002_DB1_B/106_7.xyt,out/xyt/FVC2004_DB3_B/105_6.xyt
17,out/xyt/FVC2002_DB1_B/102_4.xyt,out/xyt/FVC2004_DB1_B/101_7.xyt
17,out/xyt/FVC2000_DB2_B/106_1.xyt,out/xyt/FVC2000_DB4_B/110_8.xyt
17,out/xyt/FVC2004_DB1_B/105_2.xyt,out/xyt/FVC2004_DB3_B/105_5.xyt
17,out/xyt/FVC2002_DB4_B/101_6.xyt,out/xyt/FVC2002_DB4_B/105_4.xyt
17,out/xyt/FVC2002_DB3_B/102_4.xyt,out/xyt/FVC2004_DB2_B/109_4.xyt
17,out/xyt/FVC2002_DB2_B/108_2.xyt,out/xyt/FVC2004_DB2_B/109_4.xyt
17,out/xyt/FVC2000_DB1_B/106_4.xyt,out/xyt/FVC2004_DB2_B/105_6.xyt
17,out/xyt/FVC2000_DB2_B/105_8.xyt,out/xyt/FVC2004_DB1_B/102_8.xyt
17,out/xyt/FVC2000_DB4_B/102_1.xyt,out/xyt/FVC2004_DB1_B/104_7.xyt
17,out/xyt/FVC2000_DB2_B/107_6.xyt,out/xyt/FVC2004_DB4_B/106_5.xyt
17,out/xyt/FVC2002_DB1_B/106_5.xyt,out/xyt/FVC2004_DB4_B/106_7.xyt
17,out/xyt/FVC2000_DB4_B/109_7.xyt,out/xyt/FVC2004_DB2_B/101_5.xyt
17,out/xyt/FVC2000_DB4_B/103_7.xyt,out/xyt/FVC2002_DB4_B/101_4.xyt
17,out/xyt/FVC2002_DB3_B/104_4.xyt,out/xyt/FVC2002_DB3_B/109_3.xyt
17,out/xyt/FVC2002_DB4_B/107_4.xyt,out/xyt/FVC2004_DB4_B/108_6.xyt
17,out/xyt/FVC2000_DB1_B/107_4.xyt,out/xyt/FVC2002_DB3_B/105_2.xyt
17,out/xyt/FVC2002_DB1_B/106_6.xyt,out/xyt/FVC2002_DB2_B/102_5.xyt
17,out/xyt/FVC2000_DB1_B/106_8.xyt,out/xyt/FVC2000_DB2_B/103_2.xyt
17,out/xyt/FVC2002_DB2_B/109_6.xyt,out/xyt/FVC2004_DB2_B/108_4.xyt
17,out/xyt/FVC2000_DB1_B/102_4.xyt,out/xyt/FVC2002_DB1_B/104_1.xyt
17,out/xyt/FVC2002_DB1_B/107_2.xyt,out/xyt/FVC2004_DB1_B/102_8.xyt
17,out/xyt/FVC2000_DB4_B/103_5.xyt,out/xyt/FVC2004_DB3_B/105_6.xyt
17,out/xyt/FVC2002_DB3_B/104_8.xyt,out/xyt/FVC2004_DB1_B/108_6.xyt
17,out/xyt/FVC2002_DB1_B/105_1.xyt,out/xyt/FVC2002_DB2_B/108_2.xyt
17,out/xyt/FVC2004_DB2_B/106_3.xyt,out/xyt/FVC2004_DB4_B/108_8.xyt
17,out/xyt/FVC2002_DB2_B/101_5.xyt,out/xyt/FVC2004_DB1_B/107_5.xyt
17,out/xyt/FVC2002_DB4_B/107_4.xyt,out/xyt/FVC2004_DB1_B/107_2.xyt
17,out/xyt/FVC2000_DB1_B/102_4.xyt,out/xyt/FVC2004_DB4_B/110_8.xyt
17,out/xyt/FVC2002_DB1_B/105_6.xyt,out/xyt/FVC2004_DB4_B/108_8.xyt
17,out/xyt/FVC2000_DB2_B/107_3.xyt,out/xyt/FVC2002_DB1_B/106_3.xyt
17,out/xyt/FVC2004_DB3_B/101_3.xyt,out/xyt/FVC2004_DB3_B/102_2.xyt
17,out/xyt/FVC2002_DB4_B/106_6.xyt,out/xyt/FVC2004_DB4_B/105_7.xyt
17,out/xyt/FVC2000_DB1_B/109_2.xyt,out/xyt/FVC2004_DB2_B/109_1.xyt
17,out/xyt/FVC2000_DB1_B/106_1.xyt,out/xyt/FVC2002_DB1_B/109_7.xyt
17,out/xyt/FVC2000_DB2_B/107_3.xyt,out/xyt/FVC2000_DB4_B/109_6.xyt
17,out/xyt/FVC2002_DB4_B/102_5.xyt,out/xyt/FVC2002_DB4_B/108_3.xyt
17,out/xyt/FVC2000_DB1_B/108_5.xyt,out/xyt/FVC2002_DB2_B/109_7.xyt
17,out/xyt/FVC2004_DB2_B/103_1.xyt,out/xyt/FVC2004_DB2_B/104_7.xyt
17,out/xyt/FVC2000_DB1_B/106_1.xyt,out/xyt/FVC2004_DB2_B/108_1.xyt
17,out/xyt/FVC2000_DB1_B/106_8.xyt,out/xyt/FVC2002_DB1_B/109_5.xyt
17,out/xyt/FVC2000_DB4_B/102_1.xyt,out/xyt/FVC2002_DB2_B/108_2.xyt
17,out/xyt/FVC2004_DB1_B/109_7.xyt,out/xyt/FVC2004_DB2_B/105_6.xyt
17,out/xyt/FVC2002_DB3_B/106_2.xyt,out/xyt/FVC2004_DB4_B/108_1.xyt
17,out/xyt/FVC2000_DB2_B/109_1.xyt,out/xyt/FVC2004_DB1_B/105_6.xyt
17,out/xyt/FVC2002_DB4_B/103_5.xyt,out/xyt/FVC2002_DB4_B/108_4.xyt
17,out/xyt/FVC2002_DB4_B/107_2.xyt,out/xyt/FVC2002_DB4_B/110_8.xyt
17,out/xyt/FVC2004_DB1_B/103_6.xyt,out/xyt/FVC2004_DB1_B/108_4.xyt
17,out/xyt/FVC2000_DB4_B/102_4.xyt,out/xyt/FVC2002_DB4_B/107_5.xyt
17,out/xyt/FVC2002_DB2_B/108_2.xyt,out/xyt/FVC2002_DB4_B/110_6.xyt
17,out/xyt/FVC2002_DB2_B/103_8.xyt,out/xyt/FVC2002_DB4_B/105_6.xyt
17,out/xyt/FVC2002_DB2_B/109_3.xyt,out/xyt/FVC2004_DB1_B/108_6.xyt
17,out/xyt/FVC2000_DB2_B/106_8.xyt,out/xyt/FVC2002_DB1_B/109_1.xyt
17,out/xyt/FVC2002_DB1_B/109_4.xyt,out/xyt/FVC2004_DB2_B/103_3.xyt
17,out/xyt/FVC2004_DB4_B/106_3.xyt,out/xyt/FVC2004_DB4_B/110_5.xyt
17,out/xyt/FVC2000_DB4_B/110_6.xyt,out/xyt/FVC2004_DB4_B/106_4.xyt
17,out/xyt/FVC2004_DB1_B/103_6.xyt,out/xyt/FVC2004_DB2_B/104_6.xyt
17,out/xyt/FVC2004_DB1_B/108_2.xyt,out/xyt/FVC2004_DB2_B/108_6.xyt
17,out/xyt/FVC2000_DB1_B/105_1.xyt,out/xyt/FVC2004_DB4_B/106_5.xyt
17,out/xyt/FVC2002_DB2_B/106_5.xyt,out/xyt/FVC2004_DB4_B/110_1.xyt
17,out/xyt/FVC2000_DB2_B/102_4.xyt,out/xyt/FVC2002_DB4_B/108_2.xyt
17,out/xyt/FVC2002_DB4_B/105_4.xyt,out/xyt/FVC2004_DB4_B/103_4.xyt
17,out/xyt/FVC2002_DB3_B/109_6.xyt,out/xyt/FVC2002_DB4_B/109_8.xyt
17,out/xyt/FVC2004_DB1_B/102_6.xyt,out/xyt/FVC2004_DB3_B/106_2.xyt
17,out/xyt/FVC2002_DB2_B/108_3.xyt,out/xyt/FVC2004_DB4_B/104_1.xyt
17,out/xyt/FVC2002_DB4_B/107_2.xyt,out/xyt/FVC2004_DB1_B/107_2.xyt
17,out/xyt/FVC2000_DB2_B/104_5.xyt,out/xyt/FVC2002_DB4_B/108_1.xyt
17,out/xyt/FVC2000_DB4_B/106_5.xyt,out/xyt/FVC2002_DB1_B/101_6.xyt
17,out/xyt/FVC2002_DB1_B/102_7.xyt,out/xyt/FVC2004_DB2_B/105_2.xyt
17,out/xyt/FVC2000_DB4_B/104_8.xyt,out/xyt/FVC2002_DB4_B/107_1.xyt
17,out/xyt/FVC2000_DB1_B/104_3.xyt,out/xyt/FVC2002_DB1_B/106_5.xyt
17,out/xyt/FVC2002_DB4_B/108_7.xyt,out/xyt/FVC2004_DB4_B/110_5.xyt
17,out/xyt/FVC2004_DB1_B/101_3.xyt,out/xyt/FVC2004_DB4_B/110_6.xyt
17,out/xyt/FVC2000_DB1_B/106_3.xyt,out/xyt/FVC2000_DB2_B/107_3.xyt
17,out/xyt/FVC2000_DB2_B/109_1.xyt,out/xyt/FVC2004_DB2_B/107_2.xyt
17,out/xyt/FVC2000_DB1_B/109_7.xyt,out/xyt/FVC2002_DB4_B/102_6.xyt
17,out/xyt/FVC2000_DB4_B/102_5.xyt,out/xyt/FVC2000_DB4_B/105_7.xyt
17,out/xyt/FVC2002_DB3_B/104_2.xyt,out/xyt/FVC2002_DB3_B/109_3.xyt
17,out/xyt/FVC2002_DB4_B/105_3.xyt,out/xyt/FVC2004_DB1_B/107_8.xyt
17,out/xyt/FVC2000_DB2_B/105_3.xyt,out/xyt/FVC2004_DB1_B/104_6.xyt
17,out/xyt/FVC2002_DB4_B/109_3.xyt,out/xyt/FVC2004_DB4_B/103_6.xyt
17,out/xyt/FVC2002_DB2_B/109_2.xyt,out/xyt/FVC2002_DB4_B/108_5.xyt
17,out/xyt/FVC2002_DB4_B/107_2.xyt,out/xyt/FVC2004_DB1_B/103_8.xyt
17,out/xyt/FVC2002_DB1_B/109_4.xyt,out/xyt/FVC2002_DB2_B/110_8.xyt
17,out/xyt/FVC2000_DB4_B/102_1.xyt,out/xyt/FVC2002_DB1_B/105_6.xyt
17,out/xyt/FVC2002_DB2_B/104_3.xyt,out/xyt/FVC2002_DB3_B/106_1.xyt
17,out/xyt/FVC2002_DB4_B/105_3.xyt,out/xyt/FVC2004_DB2_B/102_3.xyt
17,out/xyt/FVC2002_DB1_B/110_4.xyt,out/xyt/FVC2002_DB2_B/108_3.xyt
17,out/xyt/FVC2002_DB2_B/108_3.xyt,out/xyt/FVC2002_DB3_B/106_4.xyt
17,out/xyt/FVC2000_DB1_B/102_5.xyt,out/xyt/FVC2004_DB2_B/108_3.xyt
17,out/xyt/FVC2004_DB2_B/108_1.xyt,out/xyt/FVC2004_DB2_B/109_6.xyt
17,out/xyt/FVC2002_DB2_B/105_7.xyt,out/xyt/FVC2004_DB1_B/102_1.xyt
17,out/xyt/FVC2002_DB4_B/102_7.xyt,out/xyt/FVC2004_DB1_B/103_7.xyt
17,out/xyt/FVC2004_DB2_B/104_2.xyt,out/xyt/FVC2004_DB4_B/106_3.xyt
17,out/xyt/FVC2000_DB4_B/109_5.xyt,out/xyt/FVC2004_DB2_B/109_3.xyt
17,out/xyt/FVC2000_DB1_B/105_2.xyt,out/xyt/FVC2000_DB2_B/105_1.xyt
17,out/xyt/FVC2000_DB2_B/107_3.xyt,out/xyt/FVC2002_DB2_B/105_6.xyt
17,out/xyt/FVC2000_DB4_B/109_3.xyt,out/xyt/FVC2002_DB3_B/109_4.xyt
17,out/xyt/FVC2000_DB4_B/102_1.xyt,out/xyt/FVC2002_DB1_B/102_4.xyt
17,out/xyt/FVC2000_DB2_B/105_2.xyt,out/xyt/FVC2002_DB4_B/101_1.xyt
17,out/xyt/FVC2002_DB2_B/105_7.xyt,out/xyt/FVC2004_DB2_B/109_5.xyt
17,out/xyt/FVC2000_DB3_B/101_8.xyt,out/xyt/FVC2000_DB3_B/105_4.xyt
17,out/xyt/FVC2002_DB2_B/110_6.xyt,out/xyt/FVC2004_DB2_B/108_3.xyt
17,out/xyt/FVC2000_DB4_B/102_7.xyt,out/xyt/FVC2004_DB2_B/109_1.xyt
17,out/xyt/FVC2002_DB1_B/110_1.xyt,out/xyt/FVC2004_DB4_B/110_8.xyt
17,out/xyt/FVC2000_DB4_B/109_4.xyt,out/xyt/FVC2002_DB4_B/107_5.xyt
17,out/xyt/FVC2000_DB4_B/109_3.xyt,out/xyt/FVC2002_DB2_B/109_1.xyt
17,out/xyt/FVC2000_DB1_B/108_8.xyt,out/xyt/FVC2000_DB2_B/102_2.xyt
17,out/xyt/FVC2000_DB4_B/106_5.xyt,out/xyt/FVC2002_DB4_B/102_6.xyt
17,out/xyt/FVC2002_DB4_B/105_5.xyt,out/xyt/FVC2004_DB4_B/108_5.xyt
17,out/xyt/FVC2002_DB4_B/107_4.xyt,out/xyt/FVC2002_DB4_B/108_8.xyt
17,out/xyt/FVC2000_DB4_B/105_7.xyt,out/xyt/FVC2004_DB4_B/109_6.xyt
17,out/xyt/FVC2000_DB2_B/106_8.xyt,out/xyt/FVC2002_DB3_B/107_1.xyt
17,out/xyt/FVC2002_DB1_B/102_7.xyt,out/xyt/FVC2002_DB2_B/109_3.xyt
17,out/xyt/FVC2002_DB3_B/104_2.xyt,out/xyt/FVC2002_DB3_B/109_2.xyt
17,out/xyt/FVC2002_DB3_B/105_4.xyt,out/xyt/FVC2002_DB4_B/105_8.xyt
17,out/xyt/FVC2000_DB2_B/105_1.xyt,out/xyt/FVC2002_DB4_B/102_7.xyt
17,out/xyt/FVC2002_DB4_B/103_7.xyt,out/xyt/FVC2004_DB4_B/106_7.xyt
17,out/xyt/FVC2002_DB1_B/102_1.xyt,out/xyt/FVC2004_DB3_B/105_6.xyt
17,out/xyt/FVC2000_DB4_B/109_2.xyt,out/xyt/FVC2002_DB1_B/106_1.xyt
17,out/xyt/FVC2000_DB1_B/108_3.xyt,out/xyt/FVC2000_DB4_B/109_3.xyt
17,out/xyt/FVC2002_DB3_B/105_2.xyt,out/xyt/FVC2002_DB4_B/109_1.xyt
17,out/xyt/FVC2004_DB4_B/101_4.xyt,out/xyt/FVC2004_DB4_B/102_7.xyt
17,out/xyt/FVC2004_DB2_B/109_3.xyt,out/xyt/FVC2004_DB3_B/101_6.xyt
17,out/xyt/FVC2002_DB2_B/105_5.xyt,out/xyt/FVC2004_DB3_B/105_2.xyt
17,out/xyt/FVC2000_DB4_B/109_6.xyt,out/xyt/FVC2002_DB4_B/105_8.xyt
17,out/xyt/FVC2000_DB3_B/109_7.xyt,out/xyt/FVC2002_DB3_B/110_3.xyt
17,out/xyt/FVC2002_DB4_B/101_4.xyt,out/xyt/FVC2004_DB4_B/106_7.xyt
17,out/xyt/FVC2002_DB2_B/103_5.xyt,out/xyt/FVC2002_DB2_B/108_1.xyt
17,out/xyt/FVC2000_DB1_B/107_6.xyt,out/xyt/FVC2002_DB4_B/101_6.xyt
17,out/xyt/FVC2004_DB3_B/103_2.xyt,out/xyt/FVC2004_DB3_B/104_3.xyt
17,out/xyt/FVC2002_DB1_B/105_6.xyt,out/xyt/FVC2004_DB4_B/106_7.xyt
17,out/xyt/FVC2002_DB1_B/105_1.xyt,out/xyt/FVC2002_DB4_B/103_7.xyt
17,out/xyt/FVC2000_DB1_B/104_5.xyt,out/xyt/FVC2002_DB1_B/110_4.xyt
17,out/xyt/FVC2002_DB4_B/101_1.xyt,out/xyt/FVC2004_DB2_B/108_4.xyt
17,out/xyt/FVC2000_DB4_B/110_4.xyt,out/xyt/FVC2004_DB1_B/107_1.xyt
17,out/xyt/FVC2002_DB1_B/102_4.xyt,out/xyt/FVC2002_DB1_B/104_1.xyt
17,out/xyt/FVC2002_DB2_B/109_2.xyt,out/xyt/FVC2004_DB4_B/110_1.xyt
17,out/xyt/FVC2000_DB4_B/101_4.xyt,out/xyt/FVC2002_DB4_B/107_2.xyt
17,out/xyt/FVC2002_DB1_B/102_4.xyt,out/xyt/FVC2002_DB1_B/106_2.xyt
17,out/xyt/FVC2002_DB4_B/107_4.xyt,out/xyt/FVC2004_DB3_B/105_2.xyt
17,out/xyt/FVC2002_DB1_B/105_1.xyt,out/xyt/FVC2002_DB4_B/101_4.xyt
17,out/xyt/FVC2000_DB4_B/104_8.xyt,out/xyt/FVC2004_DB2_B/105_6.xyt
17,out/xyt/FVC2000_DB1_B/106_1.xyt,out/xyt/FVC2004_DB1_B/107_4.xyt
17,out/xyt/FVC2002_DB1_B/104_8.xyt,out/xyt/FVC2004_DB1_B/104_3.xyt
17,out/xyt/FVC2002_DB4_B/102_4.xyt,out/xyt/FVC2002_DB4_B/106_4.xyt
17,out/xyt/FVC2000_DB1_B/104_4.xyt,out/xyt/FVC2000_DB1_B/109_3.xyt
17,out/xyt/FVC2002_DB1_B/110_4.xyt,out/xyt/FVC2004_DB2_B/104_7.xyt
17,out/xyt/FVC2000_DB4_B/104_8.xyt,out/xyt/FVC2002_DB1_B/106_8.xyt
17,out/xyt/FVC2000_DB4_B/101_4.xyt,out/xyt/FVC2002_DB4_B/107_4.xyt
17,out/xyt/FVC2002_DB1_B/106_5.xyt,out/xyt/FVC2002_DB4_B/101_4.xyt
17,out/xyt/FVC2000_DB2_B/106_4.xyt,out/xyt/FVC2002_DB4_B/110_6.xyt
17,out/xyt/FVC2002_DB1_B/107_2.xyt,out/xyt/FVC2002_DB4_B/102_7.xyt
17,out/xyt/FVC2000_DB4_B/101_4.xyt,out/xyt/FVC2004_DB4_B/106_8.xyt
17,out/xyt/FVC2000_DB2_B/106_5.xyt,out/xyt/FVC2002_DB1_B/109_5.xyt
17,out/xyt/FVC2000_DB2_B/109_3.xyt,out/xyt/FVC2002_DB4_B/108_3.xyt
17,out/xyt/FVC2000_DB1_B/109_7.xyt,out/xyt/FVC2004_DB4_B/106_7.xyt
17,out/xyt/FVC2004_DB1_B/104_4.xyt,out/xyt/FVC2004_DB2_B/109_6.xyt
17,out/xyt/FVC2002_DB2_B/106_7.xyt,out/xyt/FVC2004_DB1_B/101_3.xyt
17,out/xyt/FVC2000_DB4_B/106_5.xyt,out/xyt/FVC2002_DB4_B/105_7.xyt
17,out/xyt/FVC2004_DB4_B/102_8.xyt,out/xyt/FVC2004_DB4_B/106_4.xyt
17,out/xyt/FVC2002_DB2_B/101_3.xyt,out/xyt/FVC2002_DB2_B/110_6.xyt
17,out/xyt/FVC2004_DB1_B/110_5.xyt,out/xyt/FVC2004_DB2_B/102_1.xyt
17,out/xyt/FVC2002_DB2_B/103_2.xyt,out/xyt/FVC2002_DB4_B/101_8.xyt
17,out/xyt/FVC2002_DB2_B/106_7.xyt,out/xyt/FVC2004_DB1_B/108_5.xyt
17,out/xyt/FVC2000_DB2_B/105_2.xyt,out/xyt/FVC2000_DB2_B/107_8.xyt
17,out/xyt/FVC2002_DB2_B/106_2.xyt,out/xyt/FVC2004_DB2_B/108_4.xyt
17,out/xyt/FVC2002_DB4_B/109_3.xyt,out/xyt/FVC2004_DB2_B/108_7.xyt
17,out/xyt/FVC2000_DB2_B/110_6.xyt,out/xyt/FVC2004_DB1_B/103_4.xyt
17,out/xyt/FVC2004_DB4_B/102_5.xyt,out/xyt/FVC2004_DB4_B/103_6.xyt
17,out/xyt/FVC2002_DB3_B/109_1.xyt,out/xyt/FVC2004_DB1_B/102_2.xyt
17,out/xyt/FVC2000_DB4_B/101_6.xyt,out/xyt/FVC2002_DB3_B/110_6.xyt
17,out/xyt/FVC2000_DB1_B/102_8.xyt,out/xyt/FVC2004_DB2_B/103_1.xyt
17,out/xyt/FVC2004_DB2_B/104_1.xyt,out/xyt/FVC2004_DB4_B/108_5.xyt
17,out/xyt/FVC2004_DB4_B/105_3.xyt,out/xyt/FVC2004_DB4_B/106_8.xyt
17,out/xyt/FVC2004_DB3_B/106_7.xyt,out/xyt/FVC2004_DB4_B/106_4.xyt
17,out/xyt/FVC2002_DB3_B/104_3.xyt,out/xyt/FVC2004_DB4_B/108_1.xyt
17,out/xyt/FVC2002_DB4_B/105_3.xyt,out/xyt/FVC2004_DB4_B/102_6.xyt
17,out/xyt/FVC2000_DB4_B/103_4.xyt,out/xyt/FVC2002_DB4_B/102_7.xyt
17,out/xyt/FVC2000_DB3_B/108_8.xyt,out/xyt/FVC2004_DB2_B/108_2.xyt
17,out/xyt/FVC2002_DB4_B/109_1.xyt,out/xyt/FVC2004_DB4_B/103_5.xyt
17,out/xyt/FVC2000_DB4_B/105_7.xyt,out/xyt/FVC2002_DB4_B/103_7.xyt
17,out/xyt/FVC2002_DB4_B/102_2.xyt,out/xyt/FVC2004_DB2_B/101_5.xyt
17,out/xyt/FVC2002_DB1_B/106_3.xyt,out/xyt/FVC2004_DB1_B/103_6.xyt
17,out/xyt/FVC2000_DB4_B/108_2.xyt,out/xyt/FVC2002_DB4_B/108_1.xyt
17,out/xyt/FVC2000_DB3_B/105_4.xyt,out/xyt/FVC2000_DB3_B/108_8.xyt
17,out/xyt/FVC2000_DB4_B/106_8.xyt,out/xyt/FVC2002_DB3_B/109_2.xyt
17,out/xyt/FVC2000_DB1_B/106_2.xyt,out/xyt/FVC2004_DB2_B/104_6.xyt
17,out/xyt/FVC2000_DB2_B/105_7.xyt,out/xyt/FVC2004_DB1_B/108_6.xyt
17,out/xyt/FVC2004_DB1_B/101_6.xyt,out/xyt/FVC2004_DB1_B/105_6.xyt
17,out/xyt/FVC2000_DB3_B/108_5.xyt,out/xyt/FVC2004_DB4_B/102_4.xyt
17,out/xyt/FVC2000_DB2_B/107_6.xyt,out/xyt/FVC2002_DB4_B/105_3.xyt
17,out/xyt/FVC2000_DB4_B/103_6.xyt,out/xyt/FVC2002_DB4_B/106_7.xyt
17,out/xyt/FVC2000_DB2_B/105_1.xyt,out/xyt/FVC2000_DB4_B/109_3.xyt
17,out/xyt/FVC2004_DB3_B/102_1.xyt,out/xyt/FVC2004_DB4_B/102_8.xyt
17,out/xyt/FVC2002_DB1_B/107_3.xyt,out/xyt/FVC2002_DB2_B/102_1.xyt
17,out/xyt/FVC2002_DB4_B/110_2.xyt,out/xyt/FVC2004_DB4_B/103_6.xyt
17,out/xyt/FVC2002_DB1_B/105_6.xyt,out/xyt/FVC2002_DB2_B/109_2.xyt
17,out/xyt/FVC2000_DB1_B/109_3.xyt,out/xyt/FVC2002_DB2_B/105_6.xyt
17,out/xyt/FVC2000_DB1_B/109_5.xyt,out/xyt/FVC2002_DB2_B/108_8.xyt
17,out/xyt/FVC2000_DB2_B/102_6.xyt,out/xyt/FVC2004_DB2_B/108_8.xyt
17,out/xyt/FVC2004_DB3_B/105_4.xyt,out/xyt/FVC2004_DB3_B/107_3.xyt
17,out/xyt/FVC2002_DB1_B/102_6.xyt,out/xyt/FVC2004_DB2_B/105_2.xyt
17,out/xyt/FVC2002_DB1_B/110_1.xyt,out/xyt/FVC2004_DB4_B/106_7.xyt
17,out/xyt/FVC2000_DB4_B/108_7.xyt,out/xyt/FVC2002_DB4_B/108_8.xyt
17,out/xyt/FVC2002_DB1_B/106_3.xyt,out/xyt/FVC2004_DB2_B/109_3.xyt
17,out/xyt/FVC2000_DB4_B/109_1.xyt,out/xyt/FVC2002_DB4_B/101_6.xyt
17,out/xyt/FVC2002_DB1_B/102_2.xyt,out/xyt/FVC2002_DB4_B/107_1.xyt
17,out/xyt/FVC2002_DB4_B/103_5.xyt,out/xyt/FVC2002_DB4_B/108_3.xyt
17,out/xyt/FVC2000_DB3_B/105_3.xyt,out/xyt/FVC2000_DB3_B/109_7.xyt
17,out/xyt/FVC2004_DB2_B/101_3.xyt,out/xyt/FVC2004_DB4_B/108_4.xyt
17,out/xyt/FVC2002_DB4_B/109_2.xyt,out/xyt/FVC2002_DB4_B/110_3.xyt
17,out/xyt/FVC2002_DB2_B/103_5.xyt,out/xyt/FVC2002_DB4_B/102_3.xyt
17,out/xyt/FVC2000_DB4_B/101_4.xyt,out/xyt/FVC2002_DB1_B/109_7.xyt
17,out/xyt/FVC2002_DB2_B/108_1.xyt,out/xyt/FVC2002_DB4_B/103_7.xyt
17,out/xyt/FVC2000_DB4_B/110_7.xyt,out/xyt/FVC2004_DB1_B/105_6.xyt
17,out/xyt/FVC2000_DB1_B/102_1.xyt,out/xyt/FVC2002_DB1_B/102_1.xyt
17,out/xyt/FVC2002_DB4_B/102_4.xyt,out/xyt/FVC2002_DB4_B/105_4.xyt
17,out/xyt/FVC2002_DB3_B/104_8.xyt,out/xyt/FVC2002_DB3_B/109_3.xyt
17,out/xyt/FVC2000_DB4_B/103_3.xyt,out/xyt/FVC2002_DB2_B/103_7.xyt
17,out/xyt/FVC2002_DB2_B/103_7.xyt,out/xyt/FVC2002_DB2_B/109_2.xyt
17,out/xyt/FVC2002_DB2_B/102_2.xyt,out/xyt/FVC2002_DB2_B/106_3.xyt
17,out/xyt/FVC2002_DB1_B/105_8.xyt,out/xyt/FVC2002_DB4_B/108_2.xyt
17,out/xyt/FVC2004_DB1_B/107_1.xyt,out/xyt/FVC2004_DB4_B/109_5.xyt
17,out/xyt/FVC2002_DB4_B/108_6.xyt,out/xyt/FVC2004_DB4_B/108_8.xyt
17,out/xyt/FVC2000_DB4_B/107_8.xyt,out/xyt/FVC2002_DB3_B/107_5.xyt
17,out/xyt/FVC2002_DB4_B/110_3.xyt,out/xyt/FVC2004_DB4_B/105_2.xyt
17,out/xyt/FVC2002_DB4_B/107_2.xyt,out/xyt/FVC2004_DB1_B/107_1.xyt
17,out/xyt/FVC2002_DB2_B/109_7.xyt,out/xyt/FVC2002_DB4_B/105_7.xyt
17,out/xyt/FVC2002_DB4_B/101_2.xyt,out/xyt/FVC2002_DB4_B/106_4.xyt
17,out/xyt/FVC2000_DB1_B/105_1.xyt,out/xyt/FVC2000_DB1_B/107_5.xyt
17,out/xyt/FVC2002_DB2_B/103_7.xyt,out/xyt/FVC2002_DB2_B/109_5.xyt
17,out/xyt/FVC2002_DB1_B/106_6.xyt,out/xyt/FVC2002_DB4_B/106_3.xyt
17,out/xyt/FVC2002_DB3_B/103_3.xyt,out/xyt/FVC2002_DB3_B/109_5.xyt
17,out/xyt/FVC2000_DB2_B/105_2.xyt,out/xyt/FVC2004_DB4_B/108_5.xyt
17,out/xyt/FVC2002_DB1_B/102_6.xyt,out/xyt/FVC2002_DB1_B/109_1.xyt
17,out/xyt/FVC2004_DB4_B/103_5.xyt,out/xyt/FVC2004_DB4_B/108_7.xyt
17,out/xyt/FVC2002_DB2_B/108_3.xyt,out/xyt/FVC2004_DB1_B/102_8.xyt
17,out/xyt/FVC2002_DB1_B/110_2.xyt,out/xyt/FVC2004_DB4_B/104_1.xyt
17,out/xyt/FVC2000_DB2_B/104_1.xyt,out/xyt/FVC2004_DB2_B/101_5.xyt
17,out/xyt/FVC2002_DB1_B/102_4.xyt,out/xyt/FVC2004_DB3_B/106_1.xyt
17,out/xyt/FVC2004_DB2_B/105_2.xyt,out/xyt/FVC2004_DB4_B/106_4.xyt
17,out/xyt/FVC2002_DB4_B/105_6.xyt,out/xyt/FVC2004_DB2_B/101_6.xyt
17,out/xyt/FVC2002_DB1_B/102_7.xyt,out/xyt/FVC2002_DB3_B/109_4.xyt
17,out/xyt/FVC2000_DB1_B/108_2.xyt,out/xyt/FVC2002_DB2_B/105_7.xyt
17,out/xyt/FVC2000_DB2_B/109_1.xyt,out/xyt/FVC2004_DB4_B/102_2.xyt
17,out/xyt/FVC2002_DB4_B/102_1.xyt,out/xyt/FVC2002_DB4_B/110_6.xyt
17,out/xyt/FVC2002_DB3_B/104_3.xyt,out/xyt/FVC2004_DB2_B/108_3.xyt
17,out/xyt/FVC2000_DB4_B/110_8.xyt,out/xyt/FVC2004_DB3_B/105_2.xyt
17,out/xyt/FVC2002_DB1_B/102_2.xyt,out/xyt/FVC2002_DB3_B/103_4.xyt
17,out/xyt/FVC2000_DB4_B/102_3.xyt,out/xyt/FVC2000_DB4_B/109_2.xyt
17,out/xyt/FVC2002_DB1_B/107_1.xyt,out/xyt/FVC2004_DB4_B/110_3.xyt
17,out/xyt/FVC2002_DB2_B/108_4.xyt,out/xyt/FVC2004_DB3_B/105_3.xyt
17,out/xyt/FVC2000_DB1_B/106_2.xyt,out/xyt/FVC2000_DB1_B/109_3.xyt
17,out/xyt/FVC2002_DB1_B/107_2.xyt,out/xyt/FVC2004_DB3_B/106_2.xyt
17,out/xyt/FVC2000_DB4_B/109_7.xyt,out/xyt/FVC2004_DB4_B/108_7.xyt
17,out/xyt/FVC2002_DB2_B/103_2.xyt,out/xyt/FVC2004_DB3_B/105_6.xyt
17,out/xyt/FVC2002_DB2_B/104_8.xyt,out/xyt/FVC2004_DB2_B/105_2.xyt
17,out/xyt/FVC2002_DB3_B/109_1.xyt,out/xyt/FVC2002_DB4_B/107_2.xyt
17,out/xyt/FVC2000_DB2_B/107_3.xyt,out/xyt/FVC2002_DB1_B/101_2.xyt
17,out/xyt/FVC2004_DB1_B/109_6.xyt,out/xyt/FVC2004_DB1_B/110_4.xyt
17,out/xyt/FVC2002_DB1_B/110_1.xyt,out/xyt/FVC2002_DB4_B/107_5.xyt
17,out/xyt/FVC2000_DB1_B/104_3.xyt,out/xyt/FVC2000_DB2_B/107_3.xyt
17,out/xyt/FVC2000_DB4_B/109_2.xyt,out/xyt/FVC2002_DB4_B/107_3.xyt
17,out/xyt/FVC2000_DB4_B/104_6.xyt,out/xyt/FVC2002_DB4_B/105_2.xyt
17,out/xyt/FVC2004_DB1_B/103_6.xyt,out/xyt/FVC2004_DB4_B/109_3.xyt
17,out/xyt/FVC2000_DB1_B/102_4.xyt,out/xyt/FVC2000_DB4_B/102_5.xyt
17,out/xyt/FVC2000_DB1_B/102_5.xyt,out/xyt/FVC2004_DB1_B/101_5.xyt
17,out/xyt/FVC2002_DB2_B/105_7.xyt,out/xyt/FVC2004_DB2_B/109_1.xyt
17,out/xyt/FVC2004_DB2_B/103_1.xyt,out/xyt/FVC2004_DB2_B/108_3.xyt
17,out/xyt/FVC2000_DB4_B/102_2.xyt,out/xyt/FVC2004_DB2_B/105_6.xyt
17,out/xyt/FVC2002_DB2_B/108_7.xyt,out/xyt/FVC2002_DB4_B/101_6.xyt
17,out/xyt/FVC2002_DB2_B/108_2.xyt,out/xyt/FVC2002_DB4_B/105_4.xyt
17,out/xyt/FVC2000_DB4_B/102_1.xyt,out/xyt/FVC2004_DB4_B/105_3.xyt
17,out/xyt/FVC2000_DB1_B/109_8.xyt,out/xyt/FVC2002_DB4_B/110_4.xyt
17,out/xyt/FVC2000_DB1_B/103_4.xyt,out/xyt/FVC2000_DB2_B/103_8.xyt
17,out/xyt/FVC2000_DB2_B/105_2.xyt,out/xyt/FVC2002_DB1_B/106_5.xyt
17,out/xyt/FVC2002_DB4_B/107_5.xyt,out/xyt/FVC2004_DB2_B/109_3.xyt
17,out/xyt/FVC2000_DB1_B/109_7.xyt,out/xyt/FVC2004_DB4_B/106_3.xyt
17,out/xyt/FVC2004_DB1_B/104_7.xyt,out/xyt/FVC2004_DB2_B/108_1.xyt
17,out/xyt/FVC2002_DB4_B/105_7.xyt,out/xyt/FVC2004_DB4_B/108_4.xyt
17,out/xyt/FVC2002_DB2_B/109_1.xyt,out/xyt/FVC2004_DB4_B/110_1.xyt
17,out/xyt/FVC2004_DB1_B/102_8.xyt,out/xyt/FVC2004_DB2_B/110_2.xyt
17,out/xyt/FVC2002_DB1_B/110_2.xyt,out/xyt/FVC2002_DB2_B/106_1.xyt
17,out/xyt/FVC2000_DB1_B/102_7.xyt,out/xyt/FVC2002_DB2_B/103_7.xyt
17,out/xyt/FVC2002_DB4_B/101_1.xyt,out/xyt/FVC2004_DB4_B/108_4.xyt
17,out/xyt/FVC2004_DB3_B/102_5.xyt,out/xyt/FVC2004_DB4_B/102_4.xyt
17,out/xyt/FVC2002_DB4_B/103_2.xyt,out/xyt/FVC2004_DB2_B/102_1.xyt
17,out/xyt/FVC2000_DB1_B/106_8.xyt,out/xyt/FVC2000_DB2_B/103_8.xyt
17,out/xyt/FVC2000_DB4_B/108_6.xyt,out/xyt/FVC2002_DB4_B/102_6.xyt
17,out/xyt/FVC2002_DB1_B/105_1.xyt,out/xyt/FVC2004_DB4_B/108_4.xyt
17,out/xyt/FVC2000_DB4_B/102_7.xyt,out/xyt/FVC2004_DB4_B/108_8.xyt
17,out/xyt/FVC2000_DB2_B/109_8.xyt,out/xyt/FVC2004_DB2_B/105_8.xyt
17,out/xyt/FVC2002_DB4_B/109_5.xyt,out/xyt/FVC2004_DB2_B/108_1.xyt
17,out/xyt/FVC2000_DB4_B/103_7.xyt,out/xyt/FVC2002_DB4_B/101_1.xyt
17,out/xyt/FVC2002_DB1_B/102_8.xyt,out/xyt/FVC2002_DB4_B/109_8.xyt
17,out/xyt/FVC2002_DB1_B/106_8.xyt,out/xyt/FVC2004_DB3_B/107_3.xyt
17,out/xyt/FVC2002_DB1_B/110_6.xyt,out/xyt/FVC2002_DB2_B/106_3.xyt
17,out/xyt/FVC2002_DB1_B/106_1.xyt,out/xyt/FVC2002_DB4_B/108_2.xyt
17,out/xyt/FVC2002_DB4_B/108_4.xyt,out/xyt/FVC2004_DB4_B/106_4.xyt
17,out/xyt/FVC2002_DB4_B/108_6.xyt,out/xyt/FVC2004_DB4_B/106_8.xyt
17,out/xyt/FVC2002_DB3_B/108_3.xyt,out/xyt/FVC2004_DB3_B/102_7.xyt
17,out/xyt/FVC2000_DB1_B/106_1.xyt,out/xyt/FVC2002_DB3_B/107_4.xyt
17,out/xyt/FVC2000_DB4_B/109_6.xyt,out/xyt/FVC2004_DB2_B/109_1.xyt
17,out/xyt/FVC2000_DB2_B/103_6.xyt,out/xyt/FVC2002_DB2_B/101_4.xyt
17,out/xyt/FVC2000_DB4_B/102_3.xyt,out/xyt/FVC2004_DB4_B/108_1.xyt
17,out/xyt/FVC2004_DB1_B/101_6.xyt,out/xyt/FVC2004_DB1_B/103_6.xyt
17,out/xyt/FVC2004_DB2_B/108_4.xyt,out/xyt/FVC2004_DB3_B/106_1.xyt
17,out/xyt/FVC2000_DB4_B/102_2.xyt,out/xyt/FVC2002_DB4_B/105_1.xyt
17,out/xyt/FVC2000_DB2_B/104_1.xyt,out/xyt/FVC2002_DB4_B/110_5.xyt
17,out/xyt/FVC2000_DB1_B/109_6.xyt,out/xyt/FVC2000_DB4_B/109_2.xyt
17,out/xyt/FVC2000_DB1_B/109_4.xyt,out/xyt/FVC2000_DB4_B/105_6.xyt
17,out/xyt/FVC2002_DB2_B/108_3.xyt,out/xyt/FVC2002_DB4_B/103_1.xyt
17,out/xyt/FVC2004_DB2_B/104_1.xyt,out/xyt/FVC2004_DB4_B/110_5.xyt
17,out/xyt/FVC2002_DB3_B/110_1.xyt,out/xyt/FVC2002_DB4_B/107_5.xyt
17,out/xyt/FVC2004_DB1_B/104_7.xyt,out/xyt/FVC2004_DB3_B/107_3.xyt
17,out/xyt/FVC2004_DB3_B/103_2.xyt,out/xyt/FVC2004_DB3_B/104_7.xyt
17,out/xyt/FVC2002_DB2_B/109_2.xyt,out/xyt/FVC2004_DB1_B/104_4.xyt
17,out/xyt/FVC2002_DB3_B/108_7.xyt,out/xyt/FVC2002_DB4_B/102_6.xyt
17,out/xyt/FVC2002_DB3_B/108_7.xyt,out/xyt/FVC2004_DB2_B/101_5.xyt
17,out/xyt/FVC2002_DB4_B/110_8.xyt,out/xyt/FVC2004_DB1_B/103_3.xyt
17,out/xyt/FVC2000_DB2_B/105_8.xyt,out/xyt/FVC2002_DB1_B/110_5.xyt
17,out/xyt/FVC2002_DB4_B/103_8.xyt,out/xyt/FVC2004_DB4_B/102_5.xyt
17,out/xyt/FVC2000_DB1_B/109_7.xyt,out/xyt/FVC2000_DB2_B/105_4.xyt
17,out/xyt/FVC2002_DB1_B/105_7.xyt,out/xyt/FVC2002_DB4_B/105_4.xyt
17,out/xyt/FVC2002_DB1_B/106_2.xyt,out/xyt/FVC2002_DB2_B/106_5.xyt
17,out/xyt/FVC2000_DB1_B/102_2.xyt,out/xyt/FVC2000_DB1_B/108_5.xyt
17,out/xyt/FVC2002_DB1_B/107_3.xyt,out/xyt/FVC2004_DB2_B/108_1.xyt
17,out/xyt/FVC2000_DB2_B/102_5.xyt,out/xyt/FVC2000_DB3_B/107_4.xyt
17,out/xyt/FVC2000_DB2_B/110_7.xyt,out/xyt/FVC2002_DB2_B/103_7.xyt
17,out/xyt/FVC2000_DB1_B/106_3.xyt,out/xyt/FVC2002_DB4_B/107_2.xyt
17,out/xyt/FVC2002_DB2_B/105_1.xyt,out/xyt/FVC2004_DB2_B/109_3.xyt
17,out/xyt/FVC2000_DB4_B/102_7.xyt,out/xyt/FVC2002_DB1_B/105_6.xyt
17,out/xyt/FVC2002_DB3_B/104_1.xyt,out/xyt/FVC2002_DB4_B/107_3.xyt
17,out/xyt/FVC2000_DB1_B/107_4.xyt,out/xyt/FVC2000_DB1_B/109_7.xyt
17,out/xyt/FVC2002_DB1_B/102_2.xyt,out/xyt/FVC2002_DB2_B/108_8.xyt
17,out/xyt/FVC2002_DB4_B/109_8.xyt,out/xyt/FVC2004_DB2_B/104_6.xyt
17,out/xyt/FVC2004_DB2_B/101_5.xyt,out/xyt/FVC2004_DB2_B/110_2.xyt
17,out/xyt/FVC2002_DB1_B/102_4.xyt,out/xyt/FVC2004_DB4_B/108_8.xyt
17,out/xyt/FVC2002_DB1_B/106_2.xyt,out/xyt/FVC2002_DB4_B/107_4.xyt
17,out/xyt/FVC2002_DB2_B/103_8.xyt,out/xyt/FVC2004_DB2_B/108_4.xyt
17,out/xyt/FVC2000_DB1_B/102_8.xyt,out/xyt/FVC2002_DB1_B/102_4.xyt
17,out/xyt/FVC2002_DB1_B/109_4.xyt,out/xyt/FVC2004_DB4_B/101_8.xyt
17,out/xyt/FVC2004_DB4_B/105_8.xyt,out/xyt/FVC2004_DB4_B/110_8.xyt
17,out/xyt/FVC2002_DB4_B/102_4.xyt,out/xyt/FVC2004_DB4_B/110_3.xyt
17,out/xyt/FVC2000_DB4_B/109_5.xyt,out/xyt/FVC2000_DB4_B/110_3.xyt
17,out/xyt/FVC2000_DB1_B/109_4.xyt,out/xyt/FVC2004_DB2_B/104_1.xyt
17,out/xyt/FVC2002_DB4_B/103_4.xyt,out/xyt/FVC2004_DB4_B/110_6.xyt
17,out/xyt/FVC2000_DB4_B/109_3.xyt,out/xyt/FVC2004_DB3_B/106_2.xyt
17,out/xyt/FVC2000_DB2_B/104_5.xyt,out/xyt/FVC2002_DB1_B/104_2.xyt
17,out/xyt/FVC2000_DB1_B/109_3.xyt,out/xyt/FVC2004_DB4_B/109_8.xyt
17,out/xyt/FVC2000_DB2_B/107_5.xyt,out/xyt/FVC2002_DB1_B/105_7.xyt
17,out/xyt/FVC2000_DB4_B/102_6.xyt,out/xyt/FVC2004_DB1_B/109_1.xyt
17,out/xyt/FVC2000_DB1_B/103_3.xyt,out/xyt/FVC2000_DB1_B/108_5.xyt
17,out/xyt/FVC2002_DB1_B/101_7.xyt,out/xyt/FVC2002_DB4_B/106_7.xyt
17,out/xyt/FVC2000_DB2_B/104_5.xyt,out/xyt/FVC2000_DB2_B/105_3.xyt
17,out/xyt/FVC2002_DB4_B/102_4.xyt,out/xyt/FVC2002_DB4_B/110_1.xyt
17,out/xyt/FVC2002_DB1_B/102_1.xyt,out/xyt/FVC2004_DB4_B/106_3.xyt
17,out/xyt/FVC2002_DB4_B/110_2.xyt,out/xyt/FVC2004_DB4_B/105_5.xyt
17,out/xyt/FVC2002_DB2_B/108_8.xyt,out/xyt/FVC2004_DB4_B/106_3.xyt
17,out/xyt/FVC2002_DB3_B/106_2.xyt,out/xyt/FVC2004_DB4_B/104_3.xyt
17,out/xyt/FVC2002_DB2_B/102_2.xyt,out/xyt/FVC2004_DB3_B/106_1.xyt
17,out/xyt/FVC2000_DB2_B/104_1.xyt,out/xyt/FVC2000_DB4_B/103_7.xyt
17,out/xyt/FVC2000_DB4_B/105_7.xyt,out/xyt/FVC2002_DB2_B/108_7.xyt
17,out/xyt/FVC2004_DB2_B/103_1.xyt,out/xyt/FVC2004_DB2_B/104_5.xyt
17,out/xyt/FVC2002_DB3_B/105_3.xyt,out/xyt/FVC2002_DB3_B/108_7.xyt
17,out/xyt/FVC2000_DB4_B/105_4.xyt,out/xyt/FVC2004_DB4_B/106_5.xyt
17,out/xyt/FVC2002_DB2_B/103_2.xyt,out/xyt/FVC2002_DB4_B/103_8.xyt
17,out/xyt/FVC2000_DB2_B/102_1.xyt,out/xyt/FVC2002_DB3_B/109_6.xyt
17,out/xyt/FVC2002_DB1_B/106_2.xyt,out/xyt/FVC2004_DB4_B/102_7.xyt
17,out/xyt/FVC2002_DB1_B/102_4.xyt,out/xyt/FVC2002_DB1_B/105_2.xyt
17,out/xyt/FVC2002_DB1_B/105_1.xyt,out/xyt/FVC2004_DB3_B/107_1.xyt
17,out/xyt/FVC2000_DB1_B/106_4.xyt,out/xyt/FVC2002_DB1_B/109_2.xyt
17,out/xyt/FVC2004_DB1_B/104_1.xyt,out/xyt/FVC2004_DB1_B/107_5.xyt
17,out/xyt/FVC2004_DB4_B/101_5.xyt,out/xyt/FVC2004_DB4_B/102_8.xyt
17,out/xyt/FVC2000_DB1_B/107_2.xyt,out/xyt/FVC2002_DB4_B/105_7.xyt
17,out/xyt/FVC2002_DB2_B/105_1.xyt,out/xyt/FVC2004_DB3_B/106_2.xyt
17,out/xyt/FVC2002_DB1_B/106_6.xyt,out/xyt/FVC2004_DB4_B/110_6.xyt
17,out/xyt/FVC2004_DB3_B/102_5.xyt,out/xyt/FVC2004_DB3_B/103_7.xyt
17,out/xyt/FVC2002_DB2_B/103_7.xyt,out/xyt/FVC2002_DB2_B/106_5.xyt
17,out/xyt/FVC2002_DB4_B/107_5.xyt,out/xyt/FVC2004_DB3_B/106_2.xyt
17,out/xyt/FVC2002_DB4_B/103_3.xyt,out/xyt/FVC2002_DB4_B/107_2.xyt
17,out/xyt/FVC2002_DB1_B/105_1.xyt,out/xyt/FVC2004_DB4_B/110_1.xyt
17,out/xyt/FVC2002_DB1_B/102_2.xyt,out/xyt/FVC2002_DB3_B/109_4.xyt
17,out/xyt/FVC2002_DB1_B/102_7.xyt,out/xyt/FVC2004_DB1_B/104_2.xyt
17,out/xyt/FVC2000_DB4_B/102_5.xyt,out/xyt/FVC2002_DB4_B/105_3.xyt
17,out/xyt/FVC2002_DB2_B/108_1.xyt,out/xyt/FVC2004_DB4_B/106_3.xyt
17,out/xyt/FVC2002_DB3_B/109_1.xyt,out/xyt/FVC2004_DB1_B/103_7.xyt
17,out/xyt/FVC2000_DB2_B/109_5.xyt,out/xyt/FVC2004_DB4_B/106_3.xyt
17,out/xyt/FVC2000_DB1_B/105_3.xyt,out/xyt/FVC2004_DB4_B/109_1.xyt
17,out/xyt/FVC2000_DB1_B/102_7.xyt,out/xyt/FVC2004_DB2_B/104_1.xyt
17,out/xyt/FVC2000_DB4_B/109_2.xyt,out/xyt/FVC2004_DB4_B/110_1.xyt
17,out/xyt/FVC2000_DB1_B/102_5.xyt,out/xyt/FVC2002_DB2_B/109_6.xyt
17,out/xyt/FVC2004_DB2_B/110_8.xyt,out/xyt/FVC2004_DB3_B/106_1.xyt
17,out/xyt/FVC2000_DB4_B/102_1.xyt,out/xyt/FVC2002_DB4_B/109_5.xyt
17,out/xyt/FVC2002_DB2_B/101_2.xyt,out/xyt/FVC2004_DB1_B/104_3.xyt
17,out/xyt/FVC2000_DB4_B/102_5.xyt,out/xyt/FVC2002_DB1_B/105_3.xyt
17,out/xyt/FVC2002_DB1_B/106_3.xyt,out/xyt/FVC2004_DB1_B/106_2.xyt
17,out/xyt/FVC2000_DB2_B/107_8.xyt,out/xyt/FVC2002_DB1_B/107_3.xyt
17,out/xyt/FVC2004_DB3_B/102_2.xyt,out/xyt/FVC2004_DB3_B/104_2.xyt
17,out/xyt/FVC2002_DB1_B/107_7.xyt,out/xyt/FVC2004_DB1_B/108_4.xyt
17,out/xyt/FVC2004_DB2_B/102_6.xyt,out/xyt/FVC2004_DB2_B/110_6.xyt
17,out/xyt/FVC2004_DB1_B/103_6.xyt,out/xyt/FVC2004_DB2_B/108_4.xyt
17,out/xyt/FVC2004_DB2_B/102_1.xyt,out/xyt/FVC2004_DB4_B/108_8.xyt
17,out/xyt/FVC2002_DB2_B/109_7.xyt,out/xyt/FVC2002_DB3_B/109_6.xyt
17,out/xyt/FVC2002_DB1_B/102_4.xyt,out/xyt/FVC2002_DB1_B/109_1.xyt
17,out/xyt/FVC2002_DB1_B/109_4.xyt,out/xyt/FVC2002_DB2_B/101_8.xyt
17,out/xyt/FVC2002_DB4_B/102_4.xyt,out/xyt/FVC2002_DB4_B/107_5.xyt
17,out/xyt/FVC2004_DB1_B/101_4.xyt,out/xyt/FVC2004_DB2_B/108_7.xyt
17,out/xyt/FVC2000_DB4_B/105_7.xyt,out/xyt/FVC2004_DB4_B/106_5.xyt
17,out/xyt/FVC2000_DB2_B/109_8.xyt,out/xyt/FVC2002_DB1_B/106_2.xyt
17,out/xyt/FVC2000_DB4_B/102_4.xyt,out/xyt/FVC2002_DB2_B/105_7.xyt
17,out/xyt/FVC2002_DB1_B/106_5.xyt,out/xyt/FVC2004_DB2_B/104_2.xyt
17,out/xyt/FVC2000_DB4_B/102_2.xyt,out/xyt/FVC2004_DB1_B/103_8.xyt
17,out/xyt/FVC2000_DB2_B/107_4.xyt,out/xyt/FVC2002_DB4_B/108_8.xyt
17,out/xyt/FVC2002_DB1_B/107_7.xyt,out/xyt/FVC2004_DB4_B/108_4.xyt
17,out/xyt/FVC2002_DB1_B/107_2.xyt,out/xyt/FVC2004_DB1_B/102_2.xyt
17,out/xyt/FVC2002_DB3_B/106_4.xyt,out/xyt/FVC2004_DB4_B/104_3.xyt
17,out/xyt/FVC2000_DB4_B/102_4.xyt,out/xyt/FVC2002_DB2_B/103_7.xyt
17,out/xyt/FVC2000_DB1_B/109_8.xyt,out/xyt/FVC2002_DB3_B/108_5.xyt
17,out/xyt/FVC2004_DB2_B/108_7.xyt,out/xyt/FVC2004_DB4_B/110_3.xyt
17,out/xyt/FVC2002_DB4_B/101_7.xyt,out/xyt/FVC2004_DB4_B/106_8.xyt
17,out/xyt/FVC2000_DB3_B/105_4.xyt,out/xyt/FVC2000_DB3_B/109_1.xyt
17,out/xyt/FVC2002_DB2_B/101_8.xyt,out/xyt/FVC2002_DB3_B/109_8.xyt
17,out/xyt/FVC2000_DB1_B/102_7.xyt,out/xyt/FVC2002_DB3_B/103_8.xyt
17,out/xyt/FVC2002_DB3_B/108_7.xyt,out/xyt/FVC2002_DB4_B/101_4.xyt
17,out/xyt/FVC2000_DB4_B/108_6.xyt,out/xyt/FVC2002_DB4_B/110_5.xyt
17,out/xyt/FVC2000_DB4_B/102_5.xyt,out/xyt/FVC2004_DB4_B/103_7.xyt
17,out/xyt/FVC2000_DB3_B/104_3.xyt,out/xyt/FVC2000_DB3_B/105_7.xyt
17,out/xyt/FVC2002_DB1_B/106_7.xyt,out/xyt/FVC2004_DB3_B/105_4.xyt
17,out/xyt/FVC2000_DB4_B/109_4.xyt,out/xyt/FVC2002_DB2_B/109_1.xyt
17,out/xyt/FVC2000_DB4_B/109_1.xyt,out/xyt/FVC2004_DB2_B/105_4.xyt
17,out/xyt/FVC2000_DB1_B/109_6.xyt,out/xyt/FVC2002_DB1_B/110_3.xyt
17,out/xyt/FVC2004_DB2_B/103_3.xyt,out/xyt/FVC2004_DB4_B/104_3.xyt
17,out/xyt/FVC2002_DB2_B/110_4.xyt,out/xyt/FVC2004_DB3_B/102_7.xyt
17,out/xyt/FVC2004_DB3_B/105_3.xyt,out/xyt/FVC2004_DB4_B/110_3.xyt
17,out/xyt/FVC2002_DB2_B/101_1.xyt,out/xyt/FVC2004_DB1_B/109_6.xyt
17,out/xyt/FVC2002_DB4_B/110_8.xyt,out/xyt/FVC2004_DB3_B/105_8.xyt
17,out/xyt/FVC2004_DB1_B/107_2.xyt,out/xyt/FVC2004_DB2_B/102_6.xyt
17,out/xyt/FVC2000_DB2_B/102_6.xyt,out/xyt/FVC2004_DB2_B/104_5.xyt
17,out/xyt/FVC2002_DB1_B/102_7.xyt,out/xyt/FVC2004_DB1_B/108_3.xyt
17,out/xyt/FVC2000_DB2_B/110_8.xyt,out/xyt/FVC2000_DB4_B/105_4.xyt
17,out/xyt/FVC2000_DB1_B/104_3.xyt,out/xyt/FVC2004_DB1_B/102_7.xyt
17,out/xyt/FVC2000_DB4_B/107_7.xyt,out/xyt/FVC2004_DB1_B/110_3.xyt
17,out/xyt/FVC2002_DB2_B/103_2.xyt,out/xyt/FVC2004_DB2_B/108_1.xyt
17,out/xyt/FVC2000_DB1_B/107_4.xyt,out/xyt/FVC2000_DB1_B/108_3.xyt
17,out/xyt/FVC2000_DB1_B/106_2.xyt,out/xyt/FVC2002_DB1_B/109_4.xyt
17,out/xyt/FVC2002_DB2_B/105_4.xyt,out/xyt/FVC2004_DB2_B/101_5.xyt
17,out/xyt/FVC2002_DB4_B/107_4.xyt,out/xyt/FVC2004_DB1_B/104_5.xyt
17,out/xyt/FVC2000_DB4_B/104_4.xyt,out/xyt/FVC2002_DB4_B/107_2.xyt
17,out/xyt/FVC2002_DB2_B/106_5.xyt,out/xyt/FVC2004_DB2_B/109_6.xyt
17,out/xyt/FVC2000_DB4_B/102_1.xyt,out/xyt/FVC2004_DB4_B/106_7.xyt
17,out/xyt/FVC2002_DB2_B/109_6.xyt,out/xyt/FVC2002_DB4_B/102_5.xyt
17,out/xyt/FVC2000_DB2_B/107_3.xyt,out/xyt/FVC2002_DB4_B/105_3.xyt
17,out/xyt/FVC2002_DB1_B/104_5.xyt,out/xyt/FVC2002_DB3_B/102_6.xyt
17,out/xyt/FVC2000_DB1_B/109_7.xyt,out/xyt/FVC2000_DB2_B/109_2.xyt
17,out/xyt/FVC2004_DB4_B/104_6.xyt,out/xyt/FVC2004_DB4_B/108_1.xyt
17,out/xyt/FVC2002_DB1_B/110_8.xyt,out/xyt/FVC2004_DB1_B/110_5.xyt
17,out/xyt/FVC2000_DB2_B/103_2.xyt,out/xyt/FVC2002_DB3_B/104_1.xyt
17,out/xyt/FVC2000_DB4_B/109_8.xyt,out/xyt/FVC2004_DB4_B/108_7.xyt
17,out/xyt/FVC2000_DB2_B/104_1.xyt,out/xyt/FVC2004_DB4_B/110_6.xyt
17,out/xyt/FVC2000_DB2_B/107_8.xyt,out/xyt/FVC2000_DB2_B/109_5.xyt
17,out/xyt/FVC2002_DB1_B/106_7.xyt,out/xyt/FVC2002_DB4_B/108_2.xyt
17,out/xyt/FVC2000_DB2_B/101_1.xyt,out/xyt/FVC2002_DB2_B/108_2.xyt
17,out/xyt/FVC2000_DB2_B/107_5.xyt,out/xyt/FVC2002_DB1_B/109_4.xyt
17,out/xyt/FVC2000_DB1_B/107_8.xyt,out/xyt/FVC2002_DB2_B/104_8.xyt
17,out/xyt/FVC2000_DB1_B/108_1.xyt,out/xyt/FVC2004_DB2_B/103_3.xyt
17,out/xyt/FVC2004_DB1_B/103_6.xyt,out/xyt/FVC2004_DB4_B/105_6.xyt
17,out/xyt/FVC2002_DB4_B/107_1.xyt,out/xyt/FVC2002_DB4_B/108_4.xyt
17,out/xyt/FVC2004_DB1_B/107_2.xyt,out/xyt/FVC2004_DB4_B/108_2.xyt
17,out/xyt/FVC2000_DB4_B/106_8.xyt,out/xyt/FVC2002_DB3_B/104_2.xyt
17,out/xyt/FVC2000_DB1_B/107_5.xyt,out/xyt/FVC2002_DB2_B/109_5.xyt
17,out/xyt/FVC2002_DB1_B/105_3.xyt,out/xyt/FVC2004_DB4_B/108_8.xyt
17,out/xyt/FVC2002_DB3_B/103_5.xyt,out/xyt/FVC2004_DB1_B/103_3.xyt
17,out/xyt/FVC2000_DB1_B/109_4.xyt,out/xyt/FVC2002_DB1_B/110_2.xyt
17,out/xyt/FVC2000_DB1_B/109_4.xyt,out/xyt/FVC2004_DB3_B/105_6.xyt
17,out/xyt/FVC2000_DB1_B/104_8.xyt,out/xyt/FVC2004_DB4_B/110_6.xyt
17,out/xyt/FVC2002_DB4_B/101_3.xyt,out/xyt/FVC2002_DB4_B/102_4.xyt
17,out/xyt/FVC2002_DB2_B/109_2.xyt,out/xyt/FVC2004_DB3_B/105_1.xyt
17,out/xyt/FVC2000_DB1_B/107_5.xyt,out/xyt/FVC2002_DB2_B/102_2.xyt
17,out/xyt/FVC2000_DB4_B/103_1.xyt,out/xyt/FVC2002_DB1_B/107_3.xyt
17,out/xyt/FVC2000_DB2_B/105_3.xyt,out/xyt/FVC2002_DB1_B/106_6.xyt
17,out/xyt/FVC2000_DB4_B/109_3.xyt,out/xyt/FVC2002_DB1_B/107_6.xyt
17,out/xyt/FVC2000_DB4_B/103_4.xyt,out/xyt/FVC2002_DB4_B/110_2.xyt
17,out/xyt/FVC2000_DB4_B/102_2.xyt,out/xyt/FVC2004_DB2_B/105_7.xyt
17,out/xyt/FVC2000_DB2_B/102_4.xyt,out/xyt/FVC2002_DB2_B/109_6.xyt
17,out/xyt/FVC2000_DB4_B/102_5.xyt,out/xyt/FVC2002_DB2_B/108_3.xyt
17,out/xyt/FVC2004_DB4_B/104_1.xyt,out/xyt/FVC2004_DB4_B/110_4.xyt
17,out/xyt/FVC2002_DB2_B/103_2.xyt,out/xyt/FVC2002_DB2_B/106_1.xyt
17,out/xyt/FVC2000_DB1_B/104_3.xyt,out/xyt/FVC2000_DB1_B/109_6.xyt
17,out/xyt/FVC2000_DB4_B/109_7.xyt,out/xyt/FVC2004_DB4_B/108_4.xyt
17,out/xyt/FVC2000_DB2_B/107_3.xyt,out/xyt/FVC2000_DB4_B/109_1.xyt
17,out/xyt/FVC2000_DB2_B/102_2.xyt,out/xyt/FVC2004_DB1_B/107_2.xyt
17,out/xyt/FVC2002_DB1_B/107_1.xyt,out/xyt/FVC2004_DB4_B/102_6.xyt
17,out/xyt/FVC2000_DB2_B/105_3.xyt,out/xyt/FVC2002_DB1_B/107_2.xyt
17,out/xyt/FVC2000_DB1_B/106_7.xyt,out/xyt/FVC2000_DB2_B/107_8.xyt
17,out/xyt/FVC2000_DB2_B/110_8.xyt,out/xyt/FVC2002_DB2_B/103_4.xyt
17,out/xyt/FVC2004_DB3_B/102_6.xyt,out/xyt/FVC2004_DB4_B/102_4.xyt
17,out/xyt/FVC2004_DB4_B/105_5.xyt,out/xyt/FVC2004_DB4_B/110_6.xyt
17,out/xyt/FVC2000_DB1_B/109_3.xyt,out/xyt/FVC2002_DB2_B/103_4.xyt
17,out/xyt/FVC2002_DB2_B/103_7.xyt,out/xyt/FVC2004_DB4_B/110_1.xyt
17,out/xyt/FVC2002_DB4_B/101_4.xyt,out/xyt/FVC2004_DB4_B/105_7.xyt
17,out/xyt/FVC2002_DB1_B/106_8.xyt,out/xyt/FVC2002_DB1_B/110_3.xyt
17,out/xyt/FVC2002_DB1_B/107_7.xyt,out/xyt/FVC2002_DB3_B/105_1.xyt
17,out/xyt/FVC2002_DB4_B/102_4.xyt,out/xyt/FVC2002_DB4_B/108_5.xyt
17,out/xyt/FVC2002_DB4_B/102_5.xyt,out/xyt/FVC2002_DB4_B/110_8.xyt
17,out/xyt/FVC2000_DB4_B/108_4.xyt,out/xyt/FVC2002_DB2_B/102_8.xyt
17,out/xyt/FVC2002_DB4_B/101_5.xyt,out/xyt/FVC2002_DB4_B/110_7.xyt
17,out/xyt/FVC2002_DB3_B/108_4.xyt,out/xyt/FVC2004_DB3_B/102_1.xyt
17,out/xyt/FVC2000_DB2_B/110_7.xyt,out/xyt/FVC2004_DB2_B/104_7.xyt
17,out/xyt/FVC2002_DB2_B/109_3.xyt,out/xyt/FVC2004_DB4_B/104_1.xyt
17,out/xyt/FVC2002_DB1_B/106_4.xyt,out/xyt/FVC2002_DB2_B/105_7.xyt
17,out/xyt/FVC2000_DB2_B/107_2.xyt,out/xyt/FVC2002_DB1_B/109_5.xyt
17,out/xyt/FVC2000_DB4_B/102_4.xyt,out/xyt/FVC2002_DB4_B/102_5.xyt
17,out/xyt/FVC2002_DB4_B/103_4.xyt,out/xyt/FVC2004_DB1_B/104_5.xyt
17,out/xyt/FVC2002_DB4_B/103_8.xyt,out/xyt/FVC2002_DB4_B/109_5.xyt
17,out/xyt/FVC2000_DB3_B/109_7.xyt,out/xyt/FVC2004_DB3_B/102_1.xyt
17,out/xyt/FVC2000_DB2_B/102_4.xyt,out/xyt/FVC2002_DB2_B/106_5.xyt
17,out/xyt/FVC2000_DB4_B/109_8.xyt,out/xyt/FVC2004_DB4_B/108_8.xyt
17,out/xyt/FVC2000_DB1_B/109_2.xyt,out/xyt/FVC2002_DB2_B/108_2.xyt
17,out/xyt/FVC2002_DB4_B/102_3.xyt,out/xyt/FVC2004_DB4_B/105_3.xyt
17,out/xyt/FVC2000_DB4_B/110_8.xyt,out/xyt/FVC2002_DB4_B/109_5.xyt
17,out/xyt/FVC2002_DB2_B/108_8.xyt,out/xyt/FVC2004_DB2_B/110_5.xyt
17,out/xyt/FVC2000_DB4_B/105_6.xyt,out/xyt/FVC2004_DB1_B/107_1.xyt
17,out/xyt/FVC2000_DB1_B/101_6.xyt,out/xyt/FVC2000_DB2_B/101_3.xyt
17,out/xyt/FVC2000_DB2_B/104_6.xyt,out/xyt/FVC2004_DB2_B/109_1.xyt
17,out/xyt/FVC2000_DB1_B/102_6.xyt,out/xyt/FVC2002_DB4_B/109_6.xyt
17,out/xyt/FVC2002_DB1_B/110_1.xyt,out/xyt/FVC2002_DB4_B/108_1.xyt
17,out/xyt/FVC2000_DB4_B/106_8.xyt,out/xyt/FVC2002_DB2_B/110_6.xyt
17,out/xyt/FVC2002_DB1_B/102_6.xyt,out/xyt/FVC2004_DB3_B/109_4.xyt
17,out/xyt/FVC2002_DB1_B/110_8.xyt,out/xyt/FVC2004_DB1_B/110_3.xyt
17,out/xyt/FVC2000_DB4_B/109_1.xyt,out/xyt/FVC2004_DB2_B/108_1.xyt
17,out/xyt/FVC2000_DB4_B/105_6.xyt,out/xyt/FVC2002_DB4_B/102_2.xyt
17,out/xyt/FVC2004_DB1_B/101_4.xyt,out/xyt/FVC2004_DB2_B/109_4.xyt
17,out/xyt/FVC2000_DB1_B/108_6.xyt,out/xyt/FVC2004_DB1_B/107_2.xyt
17,out/xyt/FVC2002_DB1_B/106_7.xyt,out/xyt/FVC2004_DB2_B/109_8.xyt
17,out/xyt/FVC2002_DB4_B/103_8.xyt,out/xyt/FVC2004_DB3_B/102_1.xyt
17,out/xyt/FVC2000_DB4_B/104_8.xyt,out/xyt/FVC2002_DB4_B/107_4.xyt
17,out/xyt/FVC2002_DB2_B/110_5.xyt,out/xyt/FVC2004_DB1_B/104_7.xyt
17,out/xyt/FVC2002_DB1_B/102_4.xyt,out/xyt/FVC2004_DB1_B/103_4.xyt
17,out/xyt/FVC2000_DB4_B/102_3.xyt,out/xyt/FVC2004_DB1_B/109_2.xyt
17,out/xyt/FVC2002_DB1_B/106_1.xyt,out/xyt/FVC2004_DB3_B/105_7.xyt
17,out/xyt/FVC2002_DB4_B/105_2.xyt,out/xyt/FVC2004_DB4_B/103_5.xyt
17,out/xyt/FVC2004_DB2_B/102_6.xyt,out/xyt/FVC2004_DB2_B/109_4.xyt
17,out/xyt/FVC2000_DB1_B/102_3.xyt,out/xyt/FVC2002_DB1_B/102_1.xyt
17,out/xyt/FVC2002_DB3_B/106_7.xyt,out/xyt/FVC2002_DB3_B/109_2.xyt
17,out/xyt/FVC2000_DB4_B/101_4.xyt,out/xyt/FVC2002_DB3_B/110_1.xyt
17,out/xyt/FVC2004_DB2_B/108_7.xyt,out/xyt/FVC2004_DB4_B/110_4.xyt
17,out/xyt/FVC2000_DB4_B/101_3.xyt,out/xyt/FVC2002_DB1_B/102_2.xyt
17,out/xyt/FVC2002_DB1_B/105_2.xyt,out/xyt/FVC2002_DB2_B/109_6.xyt
17,out/xyt/FVC2004_DB3_B/103_2.xyt,out/xyt/FVC2004_DB4_B/102_1.xyt
17,out/xyt/FVC2000_DB4_B/102_1.xyt,out/xyt/FVC2000_DB4_B/109_1.xyt
17,out/xyt/FVC2000_DB4_B/101_7.xyt,out/xyt/FVC2004_DB4_B/109_7.xyt
17,out/xyt/FVC2002_DB3_B/106_5.xyt,out/xyt/FVC2004_DB4_B/108_8.xyt
17,out/xyt/FVC2004_DB2_B/107_1.xyt,out/xyt/FVC2004_DB3_B/110_7.xyt
17,out/xyt/FVC2004_DB4_B/102_2.xyt,out/xyt/FVC2004_DB4_B/106_4.xyt
17,out/xyt/FVC2002_DB2_B/106_3.xyt,out/xyt/FVC2002_DB4_B/102_5.xyt
17,out/xyt/FVC2002_DB4_B/110_8.xyt,out/xyt/FVC2004_DB1_B/104_4.xyt
17,out/xyt/FVC2000_DB1_B/102_3.xyt,out/xyt/FVC2002_DB1_B/109_5.xyt
17,out/xyt/FVC2000_DB1_B/106_6.xyt,out/xyt/FVC2004_DB2_B/103_5.xyt
17,out/xyt/FVC2000_DB4_B/106_5.xyt,out/xyt/FVC2004_DB2_B/104_5.xyt
17,out/xyt/FVC2000_DB2_B/107_6.xyt,out/xyt/FVC2004_DB1_B/108_4.xyt
17,out/xyt/FVC2002_DB4_B/103_5.xyt,out/xyt/FVC2004_DB1_B/104_5.xyt
17,out/xyt/FVC2004_DB2_B/108_2.xyt,out/xyt/FVC2004_DB3_B/107_4.xyt
17,out/xyt/FVC2002_DB3_B/103_4.xyt,out/xyt/FVC2004_DB1_B/108_5.xyt
17,out/xyt/FVC2000_DB4_B/109_1.xyt,out/xyt/FVC2004_DB1_B/103_8.xyt
17,out/xyt/FVC2002_DB1_B/104_3.xyt,out/xyt/FVC2002_DB1_B/105_7.xyt
17,out/xyt/FVC2000_DB2_B/107_8.xyt,out/xyt/FVC2002_DB2_B/109_5.xyt
17,out/xyt/FVC2002_DB2_B/103_5.xyt,out/xyt/FVC2004_DB4_B/110_1.xyt
17,out/xyt/FVC2002_DB1_B/106_3.xyt,out/xyt/FVC2002_DB4_B/102_5.xyt
17,out/xyt/FVC2000_DB1_B/102_5.xyt,out/xyt/FVC2004_DB2_B/103_7.xyt
17,out/xyt/FVC2002_DB2_B/110_6.xyt,out/xyt/FVC2002_DB3_B/109_2.xyt
17,out/xyt/FVC2000_DB4_B/109_6.xyt,out/xyt/FVC2004_DB4_B/110_4.xyt
17,out/xyt/FVC2000_DB4_B/102_1.xyt,out/xyt/FVC2002_DB4_B/102_5.xyt
17,out/xyt/FVC2000_DB4_B/102_3.xyt,out/xyt/FVC2000_DB4_B/105_7.xyt
17,out/xyt/FVC2004_DB3_B/105_3.xyt,out/xyt/FVC2004_DB4_B/110_1.xyt
17,out/xyt/FVC2000_DB1_B/104_6.xyt,out/xyt/FVC2002_DB1_B/110_5.xyt
17,out/xyt/FVC2002_DB1_B/107_4.xyt,out/xyt/FVC2004_DB1_B/104_5.xyt
17,out/xyt/FVC2000_DB4_B/109_6.xyt,out/xyt/FVC2002_DB2_B/106_1.xyt
16,out/xyt/FVC2000_DB2_B/102_6.xyt,out/xyt/FVC2002_DB1_B/102_3.xyt
16,out/xyt/FVC2000_DB1_B/102_8.xyt,out/xyt/FVC2004_DB1_B/108_4.xyt
16,out/xyt/FVC2000_DB1_B/102_8.xyt,out/xyt/FVC2000_DB4_B/108_4.xyt
16,out/xyt/FVC2000_DB1_B/106_3.xyt,out/xyt/FVC2002_DB1_B/109_3.xyt
16,out/xyt/FVC2000_DB1_B/107_5.xyt,out/xyt/FVC2002_DB2_B/105_6.xyt
16,out/xyt/FVC2000_DB1_B/109_5.xyt,out/xyt/FVC2002_DB4_B/101_1.xyt
16,out/xyt/FVC2000_DB1_B/106_8.xyt,out/xyt/FVC2000_DB2_B/103_1.xyt
16,out/xyt/FVC2000_DB4_B/105_2.xyt,out/xyt/FVC2004_DB2_B/108_1.xyt
16,out/xyt/FVC2000_DB1_B/108_5.xyt,out/xyt/FVC2002_DB1_B/102_6.xyt
16,out/xyt/FVC2000_DB2_B/107_6.xyt,out/xyt/FVC2002_DB4_B/110_1.xyt
16,out/xyt/FVC2000_DB2_B/109_4.xyt,out/xyt/FVC2000_DB3_B/110_8.xyt
16,out/xyt/FVC2000_DB1_B/109_3.xyt,out/xyt/FVC2002_DB1_B/107_8.xyt
16,out/xyt/FVC2002_DB1_B/106_7.xyt,out/xyt/FVC2002_DB4_B/109_3.xyt
16,out/xyt/FVC2000_DB2_B/107_3.xyt,out/xyt/FVC2002_DB2_B/108_8.xyt
16,out/xyt/FVC2000_DB1_B/105_3.xyt,out/xyt/FVC2002_DB4_B/103_3.xyt
16,out/xyt/FVC2000_DB4_B/103_3.xyt,out/xyt/FVC2002_DB4_B/105_5.xyt
16,out/xyt/FVC2000_DB1_B/101_4.xyt,out/xyt/FVC2000_DB2_B/101_1.xyt
16,out/xyt/FVC2000_DB2_B/106_5.xyt,out/xyt/FVC2004_DB1_B/107_5.xyt
16,out/xyt/FVC2000_DB1_B/103_7.xyt,out/xyt/FVC2004_DB2_B/102_3.xyt
16,out/xyt/FVC2000_DB1_B/102_4.xyt,out/xyt/FVC2000_DB1_B/109_7.xyt
16,out/xyt/FVC2000_DB2_B/107_1.xyt,out/xyt/FVC2002_DB2_B/105_7.xyt
16,out/xyt/FVC2000_DB2_B/107_6.xyt,out/xyt/FVC2002_DB4_B/105_5.xyt
16,out/xyt/FVC2000_DB1_B/105_1.xyt,out/xyt/FVC2000_DB2_B/107_5.xyt
16,out/xyt/FVC2000_DB1_B/107_4.xyt,out/xyt/FVC2002_DB4_B/105_4.xyt
16,out/xyt/FVC2000_DB2_B/101_1.xyt,out/xyt/FVC2000_DB2_B/105_1.xyt
16,out/xyt/FVC2000_DB2_B/104_3.xyt,out/xyt/FVC2002_DB2_B/106_1.xyt
16,out/xyt/FVC2000_DB1_B/109_5.xyt,out/xyt/FVC2002_DB2_B/106_8.xyt
16,out/xyt/FVC2000_DB2_B/104_1.xyt,out/xyt/FVC2002_DB2_B/102_5.xyt
16,out/xyt/FVC2000_DB1_B/109_1.xyt,out/xyt/FVC2000_DB2_B/108_6.xyt
16,out/xyt/FVC2000_DB4_B/108_2.xyt,out/xyt/FVC2002_DB4_B/110_1.xyt
16,out/xyt/FVC2000_DB2_B/109_1.xyt,out/xyt/FVC2002_DB4_B/108_3.xyt
16,out/xyt/FVC2000_DB4_B/109_5.xyt,out/xyt/FVC2002_DB1_B/102_7.xyt
16,out/xyt/FVC2000_DB1_B/105_1.xyt,out/xyt/FVC2004_DB4_B/104_1.xyt
16,out/xyt/FVC2000_DB1_B/102_8.xyt,out/xyt/FVC2004_DB1_B/104_5.xyt
16,out/xyt/FVC2000_DB1_B/106_7.xyt,out/xyt/FVC2004_DB2_B/104_5.xyt
16,out/xyt/FVC2000_DB1_B/109_7.xyt,out/xyt/FVC2002_DB2_B/103_6.xyt
16,out/xyt/FVC2000_DB1_B/103_8.xyt,out/xyt/FVC2004_DB1_B/103_6.xyt
16,out/xyt/FVC2000_DB1_B/102_8.xyt,out/xyt/FVC2002_DB2_B/109_2.xyt
16,out/xyt/FVC2000_DB1_B/106_5.xyt,out/xyt/FVC2002_DB1_B/105_7.xyt
16,out/xyt/FVC2002_DB1_B/106_4.xyt,out/xyt/FVC2004_DB1_B/102_2.xyt
16,out/xyt/FVC2000_DB4_B/110_3.xyt,out/xyt/FVC2002_DB4_B/109_8.xyt
16,out/xyt/FVC2000_DB1_B/102_4.xyt,out/xyt/FVC2002_DB1_B/110_1.xyt
16,out/xyt/FVC2000_DB1_B/104_8.xyt,out/xyt/FVC2004_DB3_B/105_6.xyt
16,out/xyt/FVC2000_DB2_B/106_5.xyt,out/xyt/FVC2004_DB2_B/101_3.xyt
16,out/xyt/FVC2000_DB1_B/105_1.xyt,out/xyt/FVC2002_DB1_B/105_7.xyt
16,out/xyt/FVC2000_DB1_B/105_3.xyt,out/xyt/FVC2002_DB2_B/106_2.xyt
16,out/xyt/FVC2000_DB1_B/105_1.xyt,out/xyt/FVC2002_DB1_B/107_8.xyt
16,out/xyt/FVC2000_DB2_B/104_2.xyt,out/xyt/FVC2000_DB3_B/110_8.xyt
16,out/xyt/FVC2002_DB1_B/106_2.xyt,out/xyt/FVC2004_DB1_B/107_5.xyt
16,out/xyt/FVC2000_DB1_B/108_6.xyt,out/xyt/FVC2000_DB4_B/102_6.xyt
16,out/xyt/FVC2000_DB1_B/102_5.xyt,out/xyt/FVC2002_DB2_B/103_7.xyt
16,out/xyt/FVC2000_DB1_B/102_7.xyt,out/xyt/FVC2004_DB1_B/101_5.xyt
16,out/xyt/FVC2002_DB1_B/102_6.xyt,out/xyt/FVC2004_DB1_B/103_6.xyt
16,out/xyt/FVC2000_DB1_B/102_8.xyt,out/xyt/FVC2002_DB1_B/110_6.xyt
16,out/xyt/FVC2000_DB4_B/102_5.xyt,out/xyt/FVC2002_DB4_B/102_5.xyt
16,out/xyt/FVC2000_DB1_B/109_7.xyt,out/xyt/FVC2002_DB4_B/103_7.xyt
16,out/xyt/FVC2000_DB1_B/102_1.xyt,out/xyt/FVC2004_DB2_B/101_5.xyt
16,out/xyt/FVC2000_DB4_B/109_3.xyt,out/xyt/FVC2002_DB1_B/103_1.xyt
16,out/xyt/FVC2000_DB1_B/102_3.xyt,out/xyt/FVC2004_DB1_B/108_3.xyt
16,out/xyt/FVC2000_DB4_B/109_3.xyt,out/xyt/FVC2002_DB1_B/107_8.xyt
16,out/xyt/FVC2002_DB1_B/106_3.xyt,out/xyt/FVC2002_DB4_B/103_7.xyt
16,out/xyt/FVC2000_DB1_B/106_1.xyt,out/xyt/FVC2002_DB4_B/109_8.xyt
16,out/xyt/FVC2000_DB1_B/105_2.xyt,out/xyt/FVC2002_DB4_B/101_1.xyt
16,out/xyt/FVC2000_DB1_B/105_1.xyt,out/xyt/FVC2002_DB1_B/106_6.xyt
16,out/xyt/FVC2002_DB1_B/101_3.xyt,out/xyt/FVC2002_DB2_B/106_7.xyt
16,out/xyt/FVC2000_DB1_B/104_2.xyt,out/xyt/FVC2002_DB3_B/106_3.xyt
16,out/xyt/FVC2000_DB4_B/105_2.xyt,out/xyt/FVC2002_DB4_B/102_5.xyt
16,out/xyt/FVC2000_DB1_B/102_3.xyt,out/xyt/FVC2004_DB1_B/108_6.xyt
16,out/xyt/FVC2000_DB1_B/102_6.xyt,out/xyt/FVC2002_DB2_B/109_2.xyt
16,out/xyt/FVC2000_DB4_B/101_3.xyt,out/xyt/FVC2002_DB4_B/105_6.xyt
16,out/xyt/FVC2000_DB1_B/105_3.xyt,out/xyt/FVC2004_DB4_B/109_8.xyt
16,out/xyt/FVC2000_DB2_B/107_7.xyt,out/xyt/FVC2002_DB2_B/109_7.xyt
16,out/xyt/FVC2000_DB1_B/109_6.xyt,out/xyt/FVC2002_DB1_B/110_1.xyt
16,out/xyt/FVC2000_DB4_B/109_8.xyt,out/xyt/FVC2002_DB1_B/102_4.xyt
16,out/xyt/FVC2000_DB1_B/109_7.xyt,out/xyt/FVC2004_DB4_B/108_8.xyt
16,out/xyt/FVC2000_DB4_B/109_6.xyt,out/xyt/FVC2002_DB3_B/109_4.xyt
16,out/xyt/FVC2000_DB1_B/106_6.xyt,out/xyt/FVC2004_DB1_B/104_1.xyt
16,out/xyt/FVC2000_DB1_B/102_5.xyt,out/xyt/FVC2002_DB4_B/109_8.xyt
16,out/xyt/FVC2000_DB4_B/109_7.xyt,out/xyt/FVC2004_DB4_B/103_5.xyt
16,out/xyt/FVC2000_DB2_B/109_8.xyt,out/xyt/FVC2000_DB3_B/104_3.xyt
16,out/xyt/FVC2000_DB1_B/105_7.xyt,out/xyt/FVC2002_DB2_B/105_3.xyt
16,out/xyt/FVC2000_DB1_B/109_7.xyt,out/xyt/FVC2002_DB2_B/109_5.xyt
16,out/xyt/FVC2000_DB1_B/105_6.xyt,out/xyt/FVC2002_DB4_B/103_3.xyt
16,out/xyt/FVC2000_DB1_B/109_4.xyt,out/xyt/FVC2002_DB2_B/109_5.xyt
16,out/xyt/FVC2000_DB1_B/107_6.xyt,out/xyt/FVC2004_DB4_B/110_3.xyt
16,out/xyt/FVC2000_DB2_B/105_3.xyt,out/xyt/FVC2002_DB2_B/105_7.xyt
16,out/xyt/FVC2000_DB1_B/104_4.xyt,out/xyt/FVC2002_DB2_B/105_8.xyt
16,out/xyt/FVC2004_DB2_B/109_1.xyt,out/xyt/FVC2004_DB3_B/105_5.xyt
16,out/xyt/FVC2000_DB4_B/103_3.xyt,out/xyt/FVC2002_DB4_B/110_1.xyt
16,out/xyt/FVC2000_DB3_B/104_3.xyt,out/xyt/FVC2004_DB4_B/103_3.xyt
16,out/xyt/FVC2000_DB2_B/106_8.xyt,out/xyt/FVC2002_DB4_B/107_7.xyt
16,out/xyt/FVC2000_DB1_B/105_3.xyt,out/xyt/FVC2004_DB1_B/107_1.xyt
16,out/xyt/FVC2000_DB1_B/105_1.xyt,out/xyt/FVC2004_DB4_B/109_8.xyt
16,out/xyt/FVC2000_DB2_B/102_2.xyt,out/xyt/FVC2004_DB4_B/106_3.xyt
16,out/xyt/FVC2000_DB2_B/105_2.xyt,out/xyt/FVC2000_DB4_B/103_1.xyt
16,out/xyt/FVC2002_DB4_B/101_8.xyt,out/xyt/FVC2002_DB4_B/103_5.xyt
16,out/xyt/FVC2000_DB1_B/101_1.xyt,out/xyt/FVC2000_DB2_B/101_7.xyt
16,out/xyt/FVC2002_DB2_B/105_2.xyt,out/xyt/FVC2004_DB4_B/106_3.xyt
16,out/xyt/FVC2002_DB4_B/102_5.xyt,out/xyt/FVC2004_DB4_B/106_7.xyt
16,out/xyt/FVC2002_DB4_B/107_6.xyt,out/xyt/FVC2004_DB1_B/103_6.xyt
16,out/xyt/FVC2000_DB2_B/104_6.xyt,out/xyt/FVC2000_DB4_B/103_8.xyt
16,out/xyt/FVC2000_DB1_B/109_2.xyt,out/xyt/FVC2002_DB2_B/108_1.xyt
16,out/xyt/FVC2000_DB2_B/110_4.xyt,out/xyt/FVC2000_DB3_B/109_5.xyt
16,out/xyt/FVC2004_DB1_B/107_8.xyt,out/xyt/FVC2004_DB4_B/108_7.xyt
16,out/xyt/FVC2000_DB1_B/107_8.xyt,out/xyt/FVC2002_DB3_B/104_7.xyt
16,out/xyt/FVC2000_DB4_B/103_3.xyt,out/xyt/FVC2004_DB3_B/105_2.xyt
16,out/xyt/FVC2000_DB4_B/103_7.xyt,out/xyt/FVC2002_DB1_B/102_1.xyt
16,out/xyt/FVC2002_DB4_B/107_5.xyt,out/xyt/FVC2004_DB4_B/109_4.xyt
16,out/xyt/FVC2004_DB2_B/109_5.xyt,out/xyt/FVC2004_DB3_B/101_6.xyt
16,out/xyt/FVC2002_DB4_B/109_3.xyt,out/xyt/FVC2004_DB1_B/101_5.xyt
16,out/xyt/FVC2002_DB2_B/104_8.xyt,out/xyt/FVC2002_DB4_B/109_1.xyt
16,out/xyt/FVC2002_DB3_B/105_4.xyt,out/xyt/FVC2002_DB4_B/102_8.xyt
16,out/xyt/FVC2000_DB3_B/109_5.xyt,out/xyt/FVC2004_DB2_B/108_4.xyt
16,out/xyt/FVC2000_DB1_B/106_7.xyt,out/xyt/FVC2002_DB1_B/109_5.xyt
16,out/xyt/FVC2000_DB1_B/104_5.xyt,out/xyt/FVC2002_DB4_B/108_2.xyt
16,out/xyt/FVC2000_DB4_B/101_3.xyt,out/xyt/FVC2004_DB4_B/106_7.xyt
16,out/xyt/FVC2004_DB1_B/102_1.xyt,out/xyt/FVC2004_DB2_B/102_3.xyt
16,out/xyt/FVC2000_DB4_B/109_2.xyt,out/xyt/FVC2004_DB4_B/101_4.xyt
16,out/xyt/FVC2000_DB1_B/106_8.xyt,out/xyt/FVC2000_DB1_B/108_4.xyt
16,out/xyt/FVC2000_DB2_B/104_4.xyt,out/xyt/FVC2002_DB1_B/106_8.xyt
16,out/xyt/FVC2000_DB1_B/102_8.xyt,out/xyt/FVC2002_DB2_B/105_4.xyt
16,out/xyt/FVC2000_DB1_B/108_3.xyt,out/xyt/FVC2002_DB1_B/102_2.xyt
16,out/xyt/FVC2002_DB1_B/101_7.xyt,out/xyt/FVC2004_DB1_B/108_7.xyt
16,out/xyt/FVC2000_DB1_B/105_3.xyt,out/xyt/FVC2002_DB2_B/102_5.xyt
16,out/xyt/FVC2000_DB2_B/107_7.xyt,out/xyt/FVC2004_DB4_B/106_3.xyt
16,out/xyt/FVC2000_DB1_B/109_7.xyt,out/xyt/FVC2004_DB2_B/107_1.xyt
16,out/xyt/FVC2000_DB2_B/106_1.xyt,out/xyt/FVC2002_DB1_B/109_4.xyt
16,out/xyt/FVC2000_DB1_B/109_5.xyt,out/xyt/FVC2002_DB2_B/108_1.xyt
16,out/xyt/FVC2000_DB1_B/104_5.xyt,out/xyt/FVC2002_DB4_B/106_7.xyt
16,out/xyt/FVC2000_DB1_B/109_8.xyt,out/xyt/FVC2002_DB4_B/101_4.xyt
16,out/xyt/FVC2000_DB1_B/109_3.xyt,out/xyt/FVC2000_DB4_B/109_2.xyt
16,out/xyt/FVC2002_DB2_B/104_8.xyt,out/xyt/FVC2002_DB2_B/108_8.xyt
16,out/xyt/FVC2000_DB2_B/102_7.xyt,out/xyt/FVC2000_DB4_B/109_3.xyt
16,out/xyt/FVC2004_DB1_B/102_5.xyt,out/xyt/FVC2004_DB2_B/105_7.xyt
16,out/xyt/FVC2002_DB1_B/105_7.xyt,out/xyt/FVC2004_DB4_B/108_2.xyt
16,out/xyt/FVC2002_DB4_B/110_4.xyt,out/xyt/FVC2004_DB4_B/104_2.xyt
16,out/xyt/FVC2002_DB4_B/110_1.xyt,out/xyt/FVC2004_DB4_B/110_4.xyt
16,out/xyt/FVC2000_DB2_B/109_8.xyt,out/xyt/FVC2000_DB3_B/108_7.xyt
16,out/xyt/FVC2002_DB1_B/110_4.xyt,out/xyt/FVC2002_DB4_B/102_5.xyt
16,out/xyt/FVC2000_DB1_B/105_1.xyt,out/xyt/FVC2004_DB4_B/105_6.xyt
16,out/xyt/FVC2002_DB4_B/109_8.xyt,out/xyt/FVC2004_DB4_B/108_7.xyt
16,out/xyt/FVC2002_DB4_B/110_6.xyt,out/xyt/FVC2004_DB2_B/108_2.xyt
16,out/xyt/FVC2004_DB4_B/105_3.xyt,out/xyt/FVC2004_DB4_B/110_3.xyt
16,out/xyt/FVC2002_DB4_B/101_1.xyt,out/xyt/FVC2004_DB4_B/106_5.xyt
16,out/xyt/FVC2000_DB4_B/108_4.xyt,out/xyt/FVC2002_DB4_B/102_7.xyt
16,out/xyt/FVC2000_DB3_B/104_8.xyt,out/xyt/FVC2004_DB3_B/102_7.xyt
16,out/xyt/FVC2000_DB2_B/107_6.xyt,out/xyt/FVC2002_DB2_B/108_6.xyt
16,out/xyt/FVC2000_DB4_B/102_4.xyt,out/xyt/FVC2004_DB4_B/105_4.xyt
16,out/xyt/FVC2000_DB1_B/109_8.xyt,out/xyt/FVC2002_DB4_B/102_3.xyt
16,out/xyt/FVC2000_DB2_B/106_1.xyt,out/xyt/FVC2002_DB2_B/104_4.xyt
16,out/xyt/FVC2002_DB2_B/101_6.xyt,out/xyt/FVC2004_DB1_B/103_7.xyt
16,out/xyt/FVC2002_DB2_B/103_1.xyt,out/xyt/FVC2004_DB4_B/109_1.xyt
16,out/xyt/FVC2000_DB1_B/103_1.xyt,out/xyt/FVC2002_DB3_B/107_1.xyt
16,out/xyt/FVC2004_DB1_B/104_1.xyt,out/xyt/FVC2004_DB2_B/109_1.xyt
16,out/xyt/FVC2000_DB1_B/103_1.xyt,out/xyt/FVC2000_DB2_B/102_1.xyt
16,out/xyt/FVC2000_DB1_B/108_7.xyt,out/xyt/FVC2004_DB1_B/110_5.xyt
16,out/xyt/FVC2000_DB4_B/106_5.xyt,out/xyt/FVC2004_DB1_B/102_1.xyt
16,out/xyt/FVC2002_DB1_B/106_8.xyt,out/xyt/FVC2002_DB1_B/107_3.xyt
16,out/xyt/FVC2000_DB2_B/105_2.xyt,out/xyt/FVC2000_DB4_B/103_7.xyt
16,out/xyt/FVC2000_DB1_B/106_2.xyt,out/xyt/FVC2000_DB2_B/109_5.xyt
16,out/xyt/FVC2000_DB2_B/107_3.xyt,out/xyt/FVC2002_DB1_B/110_6.xyt
16,out/xyt/FVC2000_DB2_B/105_2.xyt,out/xyt/FVC2002_DB3_B/110_1.xyt
16,out/xyt/FVC2000_DB1_B/105_1.xyt,out/xyt/FVC2004_DB4_B/110_8.xyt
16,out/xyt/FVC2002_DB2_B/104_8.xyt,out/xyt/FVC2002_DB3_B/102_6.xyt
16,out/xyt/FVC2002_DB1_B/106_8.xyt,out/xyt/FVC2004_DB2_B/102_1.xyt
16,out/xyt/FVC2002_DB3_B/103_6.xyt,out/xyt/FVC2004_DB1_B/108_1.xyt
16,out/xyt/FVC2002_DB4_B/110_6.xyt,out/xyt/FVC2004_DB2_B/108_4.xyt
16,out/xyt/FVC2000_DB1_B/109_8.xyt,out/xyt/FVC2002_DB1_B/107_6.xyt
16,out/xyt/FVC2000_DB2_B/105_2.xyt,out/xyt/FVC2004_DB2_B/102_7.xyt
16,out/xyt/FVC2000_DB4_B/103_3.xyt,out/xyt/FVC2002_DB2_B/108_6.xyt
16,out/xyt/FVC2004_DB2_B/108_3.xyt,out/xyt/FVC2004_DB2_B/109_5.xyt
16,out/xyt/FVC2000_DB1_B/102_7.xyt,out/xyt/FVC2000_DB1_B/108_3.xyt
16,out/xyt/FVC2000_DB1_B/106_7.xyt,out/xyt/FVC2000_DB4_B/110_1.xyt
16,out/xyt/FVC2000_DB2_B/110_6.xyt,out/xyt/FVC2002_DB2_B/103_6.xyt
16,out/xyt/FVC2000_DB2_B/104_5.xyt,out/xyt/FVC2002_DB3_B/106_3.xyt
16,out/xyt/FVC2000_DB1_B/108_1.xyt,out/xyt/FVC2002_DB4_B/102_4.xyt
16,out/xyt/FVC2000_DB1_B/109_7.xyt,out/xyt/FVC2004_DB1_B/108_6.xyt
16,out/xyt/FVC2000_DB4_B/103_7.xyt,out/xyt/FVC2002_DB4_B/108_2.xyt
16,out/xyt/FVC2002_DB1_B/104_8.xyt,out/xyt/FVC2002_DB4_B/110_8.xyt
16,out/xyt/FVC2004_DB3_B/102_2.xyt,out/xyt/FVC2004_DB3_B/104_8.xyt
16,out/xyt/FVC2000_DB1_B/107_5.xyt,out/xyt/FVC2002_DB1_B/109_8.xyt
16,out/xyt/FVC2000_DB1_B/104_3.xyt,out/xyt/FVC2002_DB2_B/109_5.xyt
16,out/xyt/FVC2002_DB4_B/109_4.xyt,out/xyt/FVC2004_DB3_B/105_6.xyt
16,out/xyt/FVC2000_DB4_B/103_5.xyt,out/xyt/FVC2002_DB4_B/102_7.xyt
16,out/xyt/FVC2000_DB4_B/101_3.xyt,out/xyt/FVC2004_DB3_B/106_2.xyt
16,out/xyt/FVC2000_DB1_B/108_3.xyt,out/xyt/FVC2002_DB4_B/108_2.xyt
16,out/xyt/FVC2000_DB4_B/102_8.xyt,out/xyt/FVC2004_DB1_B/103_7.xyt
16,out/xyt/FVC2000_DB1_B/102_7.xyt,out/xyt/FVC2000_DB4_B/102_2.xyt
16,out/xyt/FVC2000_DB2_B/105_8.xyt,out/xyt/FVC2002_DB1_B/104_2.xyt
16,out/xyt/FVC2000_DB1_B/108_8.xyt,out/xyt/FVC2002_DB1_B/110_1.xyt
16,out/xyt/FVC2000_DB4_B/103_6.xyt,out/xyt/FVC2002_DB4_B/102_2.xyt
16,out/xyt/FVC2000_DB2_B/104_3.xyt,out/xyt/FVC2002_DB1_B/110_2.xyt
16,out/xyt/FVC2002_DB4_B/109_5.xyt,out/xyt/FVC2004_DB3_B/106_7.xyt
16,out/xyt/FVC2002_DB2_B/106_3.xyt,out/xyt/FVC2004_DB4_B/104_1.xyt
16,out/xyt/FVC2004_DB1_B/108_5.xyt,out/xyt/FVC2004_DB2_B/108_3.xyt
16,out/xyt/FVC2004_DB2_B/110_8.xyt,out/xyt/FVC2004_DB3_B/106_8.xyt
16,out/xyt/FVC2002_DB2_B/104_8.xyt,out/xyt/FVC2004_DB4_B/104_3.xyt
16,out/xyt/FVC2002_DB1_B/104_8.xyt,out/xyt/FVC2004_DB2_B/108_2.xyt
16,out/xyt/FVC2002_DB1_B/104_4.xyt,out/xyt/FVC2004_DB2_B/103_5.xyt
16,out/xyt/FVC2002_DB4_B/110_6.xyt,out/xyt/FVC2004_DB2_B/109_5.xyt
16,out/xyt/FVC2000_DB1_B/102_4.xyt,out/xyt/FVC2004_DB1_B/104_5.xyt
16,out/xyt/FVC2000_DB2_B/104_2.xyt,out/xyt/FVC2000_DB4_B/103_8.xyt
16,out/xyt/FVC2000_DB1_B/106_2.xyt,out/xyt/FVC2002_DB1_B/106_8.xyt
16,out/xyt/FVC2002_DB1_B/102_7.xyt,out/xyt/FVC2002_DB2_B/102_8.xyt
16,out/xyt/FVC2002_DB1_B/105_8.xyt,out/xyt/FVC2002_DB4_B/107_2.xyt
16,out/xyt/FVC2000_DB3_B/105_4.xyt,out/xyt/FVC2000_DB3_B/109_7.xyt
16,out/xyt/FVC2000_DB1_B/108_1.xyt,out/xyt/FVC2000_DB2_B/103_3.xyt
16,out/xyt/FVC2000_DB1_B/109_3.xyt,out/xyt/FVC2004_DB2_B/109_6.xyt
16,out/xyt/FVC2000_DB4_B/101_3.xyt,out/xyt/FVC2002_DB4_B/109_3.xyt
16,out/xyt/FVC2000_DB3_B/109_7.xyt,out/xyt/FVC2004_DB2_B/108_1.xyt
16,out/xyt/FVC2002_DB1_B/104_4.xyt,out/xyt/FVC2004_DB3_B/101_4.xyt
16,out/xyt/FVC2000_DB4_B/102_5.xyt,out/xyt/FVC2004_DB4_B/105_3.xyt
16,out/xyt/FVC2000_DB4_B/103_4.xyt,out/xyt/FVC2002_DB4_B/101_1.xyt
16,out/xyt/FVC2000_DB1_B/107_5.xyt,out/xyt/FVC2002_DB4_B/108_6.xyt
16,out/xyt/FVC2000_DB4_B/108_6.xyt,out/xyt/FVC2002_DB4_B/103_7.xyt
16,out/xyt/FVC2000_DB2_B/107_8.xyt,out/xyt/FVC2002_DB2_B/110_6.xyt
16,out/xyt/FVC2002_DB1_B/109_8.xyt,out/xyt/FVC2002_DB4_B/107_5.xyt
16,out/xyt/FVC2000_DB1_B/109_5.xyt,out/xyt/FVC2004_DB2_B/110_5.xyt
16,out/xyt/FVC2000_DB2_B/107_8.xyt,out/xyt/FVC2002_DB2_B/106_1.xyt
16,out/xyt/FVC2002_DB1_B/105_8.xyt,out/xyt/FVC2004_DB2_B/108_3.xyt
16,out/xyt/FVC2000_DB1_B/106_7.xyt,out/xyt/FVC2002_DB1_B/109_7.xyt
16,out/xyt/FVC2004_DB1_B/103_7.xyt,out/xyt/FVC2004_DB1_B/110_7.xyt
16,out/xyt/FVC2002_DB2_B/103_1.xyt,out/xyt/FVC2004_DB4_B/109_5.xyt
16,out/xyt/FVC2004_DB2_B/107_1.xyt,out/xyt/FVC2004_DB3_B/102_6.xyt
16,out/xyt/FVC2000_DB1_B/109_5.xyt,out/xyt/FVC2000_DB2_B/109_3.xyt
16,out/xyt/FVC2000_DB1_B/109_7.xyt,out/xyt/FVC2002_DB4_B/110_1.xyt
16,out/xyt/FVC2000_DB2_B/104_2.xyt,out/xyt/FVC2004_DB1_B/101_2.xyt
16,out/xyt/FVC2000_DB2_B/105_3.xyt,out/xyt/FVC2004_DB1_B/106_8.xyt
16,out/xyt/FVC2000_DB2_B/107_6.xyt,out/xyt/FVC2004_DB2_B/104_1.xyt
16,out/xyt/FVC2002_DB1_B/104_4.xyt,out/xyt/FVC2002_DB3_B/107_1.xyt
16,out/xyt/FVC2000_DB2_B/106_6.xyt,out/xyt/FVC2004_DB4_B/108_1.xyt
16,out/xyt/FVC2000_DB2_B/103_1.xyt,out/xyt/FVC2002_DB1_B/109_7.xyt
16,out/xyt/FVC2000_DB2_B/107_7.xyt,out/xyt/FVC2004_DB1_B/103_6.xyt
16,out/xyt/FVC2002_DB1_B/104_4.xyt,out/xyt/FVC2002_DB3_B/103_6.xyt
16,out/xyt/FVC2000_DB4_B/109_1.xyt,out/xyt/FVC2004_DB2_B/108_4.xyt
16,out/xyt/FVC2000_DB1_B/102_5.xyt,out/xyt/FVC2000_DB1_B/105_2.xyt
16,out/xyt/FVC2000_DB2_B/105_4.xyt,out/xyt/FVC2002_DB2_B/105_1.xyt
16,out/xyt/FVC2000_DB1_B/108_7.xyt,out/xyt/FVC2002_DB4_B/109_8.xyt
16,out/xyt/FVC2000_DB1_B/109_8.xyt,out/xyt/FVC2000_DB2_B/109_1.xyt
16,out/xyt/FVC2000_DB4_B/103_4.xyt,out/xyt/FVC2002_DB4_B/103_1.xyt
16,out/xyt/FVC2000_DB2_B/105_7.xyt,out/xyt/FVC2004_DB1_B/108_3.xyt
16,out/xyt/FVC2002_DB1_B/102_6.xyt,out/xyt/FVC2002_DB4_B/103_2.xyt
16,out/xyt/FVC2000_DB4_B/109_3.xyt,out/xyt/FVC2004_DB4_B/103_5.xyt
16,out/xyt/FVC2000_DB4_B/102_8.xyt,out/xyt/FVC2004_DB2_B/109_5.xyt
16,out/xyt/FVC2002_DB4_B/108_2.xyt,out/xyt/FVC2004_DB1_B/104_6.xyt
16,out/xyt/FVC2002_DB1_B/109_7.xyt,out/xyt/FVC2002_DB4_B/106_1.xyt
16,out/xyt/FVC2000_DB2_B/106_6.xyt,out/xyt/FVC2004_DB2_B/105_7.xyt
16,out/xyt/FVC2000_DB2_B/109_3.xyt,out/xyt/FVC2002_DB4_B/103_8.xyt
16,out/xyt/FVC2002_DB1_B/102_6.xyt,out/xyt/FVC2002_DB4_B/109_2.xyt
16,out/xyt/FVC2000_DB4_B/105_6.xyt,out/xyt/FVC2004_DB1_B/104_5.xyt
16,out/xyt/FVC2002_DB1_B/107_3.xyt,out/xyt/FVC2002_DB4_B/103_5.xyt
16,out/xyt/FVC2000_DB1_B/106_6.xyt,out/xyt/FVC2000_DB1_B/107_5.xyt
16,out/xyt/FVC2000_DB1_B/102_3.xyt,out/xyt/FVC2004_DB1_B/103_6.xyt
16,out/xyt/FVC2000_DB3_B/110_7.xyt,out/xyt/FVC2004_DB4_B/101_2.xyt
16,out/xyt/FVC2000_DB4_B/109_7.xyt,out/xyt/FVC2002_DB2_B/106_3.xyt
16,out/xyt/FVC2000_DB2_B/107_3.xyt,out/xyt/FVC2004_DB4_B/106_7.xyt
16,out/xyt/FVC2002_DB3_B/104_3.xyt,out/xyt/FVC2004_DB1_B/107_4.xyt
16,out/xyt/FVC2000_DB2_B/109_6.xyt,out/xyt/FVC2004_DB3_B/106_4.xyt
16,out/xyt/FVC2002_DB4_B/103_7.xyt,out/xyt/FVC2002_DB4_B/108_2.xyt
16,out/xyt/FVC2004_DB4_B/109_1.xyt,out/xyt/FVC2004_DB4_B/110_8.xyt
16,out/xyt/FVC2000_DB4_B/109_4.xyt,out/xyt/FVC2002_DB4_B/109_1.xyt
16,out/xyt/FVC2000_DB1_B/108_6.xyt,out/xyt/FVC2000_DB4_B/110_6.xyt
16,out/xyt/FVC2000_DB1_B/104_3.xyt,out/xyt/FVC2002_DB3_B/106_4.xyt
16,out/xyt/FVC2000_DB1_B/102_5.xyt,out/xyt/FVC2000_DB2_B/103_6.xyt
16,out/xyt/FVC2000_DB4_B/109_2.xyt,out/xyt/FVC2002_DB1_B/108_4.xyt
16,out/xyt/FVC2000_DB2_B/109_8.xyt,out/xyt/FVC2004_DB3_B/106_8.xyt
16,out/xyt/FVC2004_DB1_B/105_8.xyt,out/xyt/FVC2004_DB4_B/101_4.xyt
16,out/xyt/FVC2000_DB2_B/104_1.xyt,out/xyt/FVC2002_DB2_B/109_2.xyt
16,out/xyt/FVC2000_DB2_B/104_1.xyt,out/xyt/FVC2004_DB1_B/103_3.xyt
16,out/xyt/FVC2000_DB2_B/105_2.xyt,out/xyt/FVC2002_DB2_B/106_5.xyt
16,out/xyt/FVC2000_DB2_B/109_5.xyt,out/xyt/FVC2002_DB1_B/101_3.xyt
16,out/xyt/FVC2000_DB3_B/109_8.xyt,out/xyt/FVC2004_DB3_B/102_1.xyt
16,out/xyt/FVC2000_DB3_B/104_3.xyt,out/xyt/FVC2004_DB3_B/104_6.xyt
16,out/xyt/FVC2000_DB4_B/103_3.xyt,out/xyt/FVC2004_DB4_B/108_5.xyt
16,out/xyt/FVC2000_DB1_B/108_6.xyt,out/xyt/FVC2004_DB3_B/108_5.xyt
16,out/xyt/FVC2000_DB3_B/103_1.xyt,out/xyt/FVC2000_DB3_B/104_3.xyt
16,out/xyt/FVC2000_DB2_B/104_1.xyt,out/xyt/FVC2004_DB1_B/101_4.xyt
16,out/xyt/FVC2002_DB4_B/101_8.xyt,out/xyt/FVC2004_DB4_B/106_8.xyt
16,out/xyt/FVC2000_DB1_B/109_4.xyt,out/xyt/FVC2002_DB2_B/103_4.xyt
16,out/xyt/FVC2000_DB2_B/102_6.xyt,out/xyt/FVC2002_DB2_B/109_2.xyt
16,out/xyt/FVC2000_DB1_B/109_4.xyt,out/xyt/FVC2002_DB1_B/104_2.xyt
16,out/xyt/FVC2000_DB4_B/110_3.xyt,out/xyt/FVC2002_DB1_B/106_7.xyt
16,out/xyt/FVC2000_DB1_B/107_2.xyt,out/xyt/FVC2002_DB4_B/105_1.xyt
16,out/xyt/FVC2000_DB1_B/102_8.xyt,out/xyt/FVC2004_DB2_B/102_1.xyt
16,out/xyt/FVC2002_DB2_B/109_1.xyt,out/xyt/FVC2004_DB2_B/108_1.xyt
16,out/xyt/FVC2000_DB1_B/109_3.xyt,out/xyt/FVC2000_DB4_B/110_7.xyt
16,out/xyt/FVC2004_DB2_B/104_1.xyt,out/xyt/FVC2004_DB2_B/108_7.xyt
16,out/xyt/FVC2000_DB4_B/102_6.xyt,out/xyt/FVC2000_DB4_B/105_4.xyt
16,out/xyt/FVC2000_DB1_B/105_1.xyt,out/xyt/FVC2000_DB4_B/104_3.xyt
16,out/xyt/FVC2000_DB2_B/106_1.xyt,out/xyt/FVC2002_DB1_B/109_7.xyt
16,out/xyt/FVC2002_DB1_B/110_4.xyt,out/xyt/FVC2002_DB3_B/103_6.xyt
16,out/xyt/FVC2002_DB1_B/106_7.xyt,out/xyt/FVC2002_DB4_B/103_5.xyt
16,out/xyt/FVC2000_DB1_B/104_5.xyt,out/xyt/FVC2000_DB2_B/107_1.xyt
16,out/xyt/FVC2000_DB1_B/108_2.xyt,out/xyt/FVC2002_DB3_B/109_7.xyt
16,out/xyt/FVC2002_DB1_B/103_2.xyt,out/xyt/FVC2002_DB4_B/107_3.xyt
16,out/xyt/FVC2000_DB4_B/109_3.xyt,out/xyt/FVC2002_DB4_B/105_8.xyt
16,out/xyt/FVC2000_DB1_B/102_6.xyt,out/xyt/FVC2002_DB4_B/109_3.xyt
16,out/xyt/FVC2002_DB1_B/107_2.xyt,out/xyt/FVC2002_DB2_B/109_6.xyt
16,out/xyt/FVC2002_DB1_B/104_1.xyt,out/xyt/FVC2004_DB1_B/107_6.xyt
16,out/xyt/FVC2002_DB1_B/106_1.xyt,out/xyt/FVC2004_DB1_B/101_5.xyt
16,out/xyt/FVC2000_DB1_B/102_5.xyt,out/xyt/FVC2000_DB1_B/103_7.xyt
16,out/xyt/FVC2002_DB1_B/107_4.xyt,out/xyt/FVC2004_DB4_B/109_5.xyt
16,out/xyt/FVC2000_DB2_B/102_2.xyt,out/xyt/FVC2004_DB1_B/104_3.xyt
16,out/xyt/FVC2002_DB2_B/109_5.xyt,out/xyt/FVC2004_DB1_B/103_8.xyt
16,out/xyt/FVC2000_DB4_B/105_6.xyt,out/xyt/FVC2002_DB4_B/108_2.xyt
16,out/xyt/FVC2002_DB1_B/105_1.xyt,out/xyt/FVC2004_DB4_B/104_2.xyt
16,out/xyt/FVC2000_DB2_B/102_8.xyt,out/xyt/FVC2002_DB1_B/104_8.xyt
16,out/xyt/FVC2000_DB2_B/107_7.xyt,out/xyt/FVC2000_DB4_B/109_3.xyt
16,out/xyt/FVC2000_DB4_B/102_1.xyt,out/xyt/FVC2004_DB2_B/104_3.xyt
16,out/xyt/FVC2000_DB1_B/107_3.xyt,out/xyt/FVC2004_DB2_B/104_2.xyt
16,out/xyt/FVC2000_DB1_B/104_8.xyt,out/xyt/FVC2004_DB3_B/105_2.xyt
16,out/xyt/FVC2002_DB1_B/101_7.xyt,out/xyt/FVC2004_DB4_B/105_7.xyt
16,out/xyt/FVC2000_DB1_B/108_7.xyt,out/xyt/FVC2004_DB4_B/103_5.xyt
16,out/xyt/FVC2002_DB2_B/106_2.xyt,out/xyt/FVC2004_DB1_B/102_8.xyt
16,out/xyt/FVC2000_DB1_B/109_8.xyt,out/xyt/FVC2002_DB2_B/109_5.xyt
16,out/xyt/FVC2002_DB4_B/110_1.xyt,out/xyt/FVC2004_DB1_B/104_5.xyt
16,out/xyt/FVC2002_DB1_B/106_8.xyt,out/xyt/FVC2002_DB4_B/108_4.xyt
16,out/xyt/FVC2002_DB1_B/106_1.xyt,out/xyt/FVC2004_DB1_B/107_1.xyt
16,out/xyt/FVC2000_DB1_B/103_6.xyt,out/xyt/FVC2000_DB4_B/110_8.xyt
16,out/xyt/FVC2002_DB1_B/106_8.xyt,out/xyt/FVC2002_DB4_B/109_6.xyt
16,out/xyt/FVC2000_DB1_B/107_4.xyt,out/xyt/FVC2002_DB1_B/109_4.xyt
16,out/xyt/FVC2000_DB1_B/109_5.xyt,out/xyt/FVC2002_DB1_B/101_7.xyt
16,out/xyt/FVC2000_DB4_B/110_6.xyt,out/xyt/FVC2004_DB4_B/108_1.xyt
16,out/xyt/FVC2002_DB4_B/107_7.xyt,out/xyt/FVC2004_DB4_B/108_8.xyt
16,out/xyt/FVC2000_DB3_B/109_7.xyt,out/xyt/FVC2004_DB3_B/106_6.xyt
16,out/xyt/FVC2002_DB2_B/108_3.xyt,out/xyt/FVC2004_DB4_B/106_8.xyt
16,out/xyt/FVC2000_DB1_B/102_6.xyt,out/xyt/FVC2002_DB4_B/101_6.xyt
16,out/xyt/FVC2000_DB1_B/105_3.xyt,out/xyt/FVC2000_DB4_B/108_4.xyt
16,out/xyt/FVC2000_DB1_B/104_5.xyt,out/xyt/FVC2000_DB3_B/110_6.xyt
16,out/xyt/FVC2000_DB4_B/102_2.xyt,out/xyt/FVC2002_DB1_B/107_2.xyt
16,out/xyt/FVC2000_DB2_B/104_5.xyt,out/xyt/FVC2002_DB3_B/103_1.xyt
16,out/xyt/FVC2002_DB1_B/102_4.xyt,out/xyt/FVC2002_DB1_B/105_6.xyt
16,out/xyt/FVC2000_DB1_B/104_3.xyt,out/xyt/FVC2004_DB4_B/101_5.xyt
16,out/xyt/FVC2002_DB2_B/106_3.xyt,out/xyt/FVC2002_DB4_B/102_4.xyt
16,out/xyt/FVC2000_DB4_B/108_4.xyt,out/xyt/FVC2002_DB1_B/107_3.xyt
16,out/xyt/FVC2000_DB1_B/108_8.xyt,out/xyt/FVC2004_DB1_B/108_4.xyt
16,out/xyt/FVC2000_DB4_B/102_1.xyt,out/xyt/FVC2004_DB1_B/103_3.xyt
16,out/xyt/FVC2000_DB2_B/105_8.xyt,out/xyt/FVC2002_DB1_B/110_3.xyt
16,out/xyt/FVC2000_DB4_B/103_8.xyt,out/xyt/FVC2002_DB1_B/107_3.xyt
16,out/xyt/FVC2000_DB1_B/106_4.xyt,out/xyt/FVC2000_DB2_B/103_8.xyt
16,out/xyt/FVC2002_DB1_B/109_7.xyt,out/xyt/FVC2004_DB1_B/109_4.xyt
16,out/xyt/FVC2002_DB1_B/106_8.xyt,out/xyt/FVC2004_DB4_B/108_7.xyt
16,out/xyt/FVC2002_DB2_B/103_7.xyt,out/xyt/FVC2004_DB1_B/104_7.xyt
16,out/xyt/FVC2002_DB4_B/105_6.xyt,out/xyt/FVC2002_DB4_B/110_3.xyt
16,out/xyt/FVC2002_DB1_B/107_4.xyt,out/xyt/FVC2004_DB3_B/106_2.xyt
16,out/xyt/FVC2000_DB2_B/102_7.xyt,out/xyt/FVC2004_DB3_B/108_6.xyt
16,out/xyt/FVC2000_DB2_B/102_5.xyt,out/xyt/FVC2004_DB3_B/104_1.xyt
16,out/xyt/FVC2000_DB1_B/104_3.xyt,out/xyt/FVC2002_DB4_B/103_5.xyt
16,out/xyt/FVC2000_DB1_B/102_8.xyt,out/xyt/FVC2004_DB1_B/104_7.xyt
16,out/xyt/FVC2002_DB2_B/110_6.xyt,out/xyt/FVC2002_DB4_B/102_3.xyt
16,out/xyt/FVC2002_DB1_B/101_6.xyt,out/xyt/FVC2002_DB3_B/102_6.xyt
16,out/xyt/FVC2002_DB2_B/106_1.xyt,out/xyt/FVC2002_DB2_B/108_8.xyt
16,out/xyt/FVC2002_DB4_B/107_2.xyt,out/xyt/FVC2004_DB3_B/105_5.xyt
16,out/xyt/FVC2002_DB1_B/110_1.xyt,out/xyt/FVC2002_DB3_B/102_1.xyt
16,out/xyt/FVC2000_DB2_B/109_1.xyt,out/xyt/FVC2004_DB1_B/110_5.xyt
16,out/xyt/FVC2000_DB1_B/102_8.xyt,out/xyt/FVC2000_DB1_B/109_4.xyt
16,out/xyt/FVC2000_DB4_B/102_4.xyt,out/xyt/FVC2002_DB4_B/110_3.xyt
16,out/xyt/FVC2000_DB1_B/109_3.xyt,out/xyt/FVC2004_DB1_B/105_5.xyt
16,out/xyt/FVC2002_DB4_B/106_1.xyt,out/xyt/FVC2002_DB4_B/110_6.xyt
16,out/xyt/FVC2002_DB1_B/107_6.xyt,out/xyt/FVC2004_DB2_B/104_3.xyt
16,out/xyt/FVC2000_DB2_B/105_7.xyt,out/xyt/FVC2004_DB2_B/110_2.xyt
16,out/xyt/FVC2000_DB1_B/106_8.xyt,out/xyt/FVC2002_DB2_B/106_3.xyt
16,out/xyt/FVC2000_DB2_B/109_5.xyt,out/xyt/FVC2004_DB1_B/106_2.xyt
16,out/xyt/FVC2000_DB3_B/106_6.xyt,out/xyt/FVC2004_DB3_B/104_8.xyt
16,out/xyt/FVC2000_DB1_B/109_8.xyt,out/xyt/FVC2002_DB3_B/108_8.xyt
16,out/xyt/FVC2002_DB2_B/105_4.xyt,out/xyt/FVC2002_DB2_B/109_2.xyt
16,out/xyt/FVC2002_DB4_B/110_5.xyt,out/xyt/FVC2004_DB1_B/109_5.xyt
16,out/xyt/FVC2000_DB1_B/102_8.xyt,out/xyt/FVC2004_DB1_B/104_6.xyt
16,out/xyt/FVC2002_DB2_B/103_5.xyt,out/xyt/FVC2002_DB2_B/109_2.xyt
16,out/xyt/FVC2000_DB4_B/104_2.xyt,out/xyt/FVC2004_DB1_B/107_1.xyt
16,out/xyt/FVC2002_DB1_B/103_7.xyt,out/xyt/FVC2004_DB1_B/103_1.xyt
16,out/xyt/FVC2000_DB1_B/109_3.xyt,out/xyt/FVC2002_DB1_B/110_1.xyt
16,out/xyt/FVC2000_DB3_B/105_2.xyt,out/xyt/FVC2000_DB3_B/110_2.xyt
16,out/xyt/FVC2002_DB2_B/103_2.xyt,out/xyt/FVC2004_DB1_B/104_1.xyt
16,out/xyt/FVC2000_DB3_B/105_7.xyt,out/xyt/FVC2004_DB2_B/107_1.xyt
16,out/xyt/FVC2004_DB2_B/102_1.xyt,out/xyt/FVC2004_DB4_B/108_1.xyt
16,out/xyt/FVC2002_DB4_B/107_2.xyt,out/xyt/FVC2002_DB4_B/109_1.xyt
16,out/xyt/FVC2002_DB2_B/106_3.xyt,out/xyt/FVC2002_DB4_B/110_4.xyt
16,out/xyt/FVC2002_DB4_B/101_7.xyt,out/xyt/FVC2002_DB4_B/102_7.xyt
16,out/xyt/FVC2000_DB4_B/105_7.xyt,out/xyt/FVC2004_DB4_B/110_7.xyt
16,out/xyt/FVC2000_DB4_B/102_8.xyt,out/xyt/FVC2004_DB3_B/107_2.xyt
16,out/xyt/FVC2000_DB2_B/107_6.xyt,out/xyt/FVC2000_DB4_B/110_3.xyt
16,out/xyt/FVC2000_DB2_B/104_2.xyt,out/xyt/FVC2000_DB4_B/110_8.xyt
16,out/xyt/FVC2000_DB4_B/106_4.xyt,out/xyt/FVC2002_DB4_B/102_2.xyt
16,out/xyt/FVC2004_DB2_B/103_6.xyt,out/xyt/FVC2004_DB2_B/104_1.xyt
16,out/xyt/FVC2000_DB1_B/109_7.xyt,out/xyt/FVC2000_DB2_B/107_8.xyt
16,out/xyt/FVC2000_DB1_B/107_2.xyt,out/xyt/FVC2002_DB2_B/103_8.xyt
16,out/xyt/FVC2002_DB2_B/103_8.xyt,out/xyt/FVC2004_DB2_B/101_5.xyt
16,out/xyt/FVC2000_DB4_B/103_5.xyt,out/xyt/FVC2002_DB4_B/110_7.xyt
16,out/xyt/FVC2002_DB2_B/106_3.xyt,out/xyt/FVC2002_DB4_B/108_8.xyt
16,out/xyt/FVC2002_DB1_B/106_8.xyt,out/xyt/FVC2002_DB1_B/107_8.xyt
16,out/xyt/FVC2000_DB4_B/110_6.xyt,out/xyt/FVC2002_DB3_B/108_4.xyt
16,out/xyt/FVC2000_DB4_B/109_3.xyt,out/xyt/FVC2004_DB2_B/108_1.xyt
16,out/xyt/FVC2000_DB1_B/104_5.xyt,out/xyt/FVC2002_DB1_B/102_7.xyt
16,out/xyt/FVC2002_DB2_B/102_5.xyt,out/xyt/FVC2002_DB2_B/108_3.xyt
16,out/xyt/FVC2002_DB3_B/105_4.xyt,out/xyt/FVC2002_DB4_B/105_3.xyt
16,out/xyt/FVC2002_DB4_B/110_7.xyt,out/xyt/FVC2004_DB1_B/110_5.xyt
16,out/xyt/FVC2004_DB1_B/107_2.xyt,out/xyt/FVC2004_DB2_B/104_2.xyt
16,out/xyt/FVC2002_DB4_B/101_5.xyt,out/xyt/FVC2002_DB4_B/106_8.xyt
16,out/xyt/FVC2000_DB1_B/109_2.xyt,out/xyt/FVC2002_DB1_B/107_4.xyt
16,out/xyt/FVC2002_DB1_B/104_3.xyt,out/xyt/FVC2002_DB1_B/106_7.xyt
16,out/xyt/FVC2000_DB1_B/105_3.xyt,out/xyt/FVC2002_DB2_B/105_1.xyt
16,out/xyt/FVC2000_DB1_B/106_1.xyt,out/xyt/FVC2002_DB1_B/106_8.xyt
16,out/xyt/FVC2002_DB2_B/102_3.xyt,out/xyt/FVC2002_DB2_B/105_5.xyt
16,out/xyt/FVC2000_DB4_B/110_6.xyt,out/xyt/FVC2002_DB4_B/108_2.xyt
16,out/xyt/FVC2002_DB1_B/105_6.xyt,out/xyt/FVC2002_DB4_B/110_6.xyt
16,out/xyt/FVC2002_DB1_B/102_7.xyt,out/xyt/FVC2002_DB4_B/106_8.xyt
16,out/xyt/FVC2000_DB1_B/104_5.xyt,out/xyt/FVC2002_DB1_B/107_2.xyt
16,out/xyt/FVC2000_DB1_B/102_7.xyt,out/xyt/FVC2004_DB1_B/104_4.xyt
16,out/xyt/FVC2002_DB1_B/106_3.xyt,out/xyt/FVC2002_DB4_B/110_7.xyt
16,out/xyt/FVC2000_DB4_B/106_7.xyt,out/xyt/FVC2002_DB4_B/107_5.xyt
16,out/xyt/FVC2000_DB1_B/109_8.xyt,out/xyt/FVC2002_DB3_B/108_1.xyt
16,out/xyt/FVC2002_DB4_B/103_5.xyt,out/xyt/FVC2004_DB4_B/105_5.xyt
16,out/xyt/FVC2002_DB1_B/105_3.xyt,out/xyt/FVC2002_DB4_B/103_5.xyt
16,out/xyt/FVC2000_DB4_B/101_6.xyt,out/xyt/FVC2002_DB2_B/109_7.xyt
16,out/xyt/FVC2000_DB1_B/109_5.xyt,out/xyt/FVC2002_DB2_B/102_7.xyt
16,out/xyt/FVC2000_DB2_B/104_6.xyt,out/xyt/FVC2002_DB2_B/105_1.xyt
16,out/xyt/FVC2000_DB4_B/109_4.xyt,out/xyt/FVC2002_DB2_B/109_5.xyt
16,out/xyt/FVC2002_DB4_B/101_1.xyt,out/xyt/FVC2002_DB4_B/102_3.xyt
16,out/xyt/FVC2000_DB1_B/102_6.xyt,out/xyt/FVC2002_DB4_B/103_5.xyt
16,out/xyt/FVC2000_DB1_B/109_4.xyt,out/xyt/FVC2002_DB4_B/102_5.xyt
16,out/xyt/FVC2000_DB2_B/107_7.xyt,out/xyt/FVC2002_DB4_B/108_8.xyt
16,out/xyt/FVC2000_DB2_B/102_2.xyt,out/xyt/FVC2004_DB1_B/109_3.xyt
16,out/xyt/FVC2000_DB1_B/109_4.xyt,out/xyt/FVC2002_DB1_B/102_1.xyt
16,out/xyt/FVC2000_DB2_B/109_1.xyt,out/xyt/FVC2002_DB1_B/110_2.xyt
16,out/xyt/FVC2002_DB1_B/105_8.xyt,out/xyt/FVC2002_DB4_B/109_6.xyt
16,out/xyt/FVC2000_DB1_B/102_4.xyt,out/xyt/FVC2002_DB2_B/101_6.xyt
16,out/xyt/FVC2000_DB1_B/109_8.xyt,out/xyt/FVC2004_DB1_B/106_2.xyt
16,out/xyt/FVC2000_DB3_B/109_6.xyt,out/xyt/FVC2000_DB3_B/110_2.xyt
16,out/xyt/FVC2000_DB1_B/102_7.xyt,out/xyt/FVC2002_DB4_B/109_3.xyt
16,out/xyt/FVC2002_DB4_B/105_8.xyt,out/xyt/FVC2004_DB1_B/102_3.xyt
16,out/xyt/FVC2000_DB1_B/102_5.xyt,out/xyt/FVC2004_DB4_B/110_3.xyt
16,out/xyt/FVC2000_DB3_B/103_6.xyt,out/xyt/FVC2004_DB2_B/107_1.xyt
16,out/xyt/FVC2000_DB4_B/102_1.xyt,out/xyt/FVC2002_DB4_B/110_2.xyt
16,out/xyt/FVC2000_DB2_B/101_1.xyt,out/xyt/FVC2002_DB4_B/107_2.xyt
16,out/xyt/FVC2000_DB1_B/102_4.xyt,out/xyt/FVC2002_DB4_B/103_8.xyt
16,out/xyt/FVC2000_DB3_B/105_4.xyt,out/xyt/FVC2004_DB2_B/107_8.xyt
16,out/xyt/FVC2000_DB2_B/103_3.xyt,out/xyt/FVC2002_DB2_B/109_4.xyt
16,out/xyt/FVC2000_DB2_B/104_3.xyt,out/xyt/FVC2002_DB4_B/102_3.xyt
16,out/xyt/FVC2000_DB1_B/104_5.xyt,out/xyt/FVC2002_DB2_B/106_7.xyt
16,out/xyt/FVC2000_DB2_B/106_5.xyt,out/xyt/FVC2002_DB4_B/105_1.xyt
16,out/xyt/FVC2002_DB1_B/107_3.xyt,out/xyt/FVC2002_DB2_B/107_6.xyt
16,out/xyt/FVC2002_DB1_B/102_6.xyt,out/xyt/FVC2002_DB1_B/106_2.xyt
16,out/xyt/FVC2002_DB4_B/106_7.xyt,out/xyt/FVC2004_DB4_B/105_5.xyt
16,out/xyt/FVC2002_DB2_B/106_3.xyt,out/xyt/FVC2004_DB4_B/110_1.xyt
16,out/xyt/FVC2000_DB3_B/104_2.xyt,out/xyt/FVC2004_DB2_B/107_1.xyt
16,out/xyt/FVC2000_DB2_B/104_5.xyt,out/xyt/FVC2002_DB4_B/109_5.xyt
16,out/xyt/FVC2000_DB3_B/105_4.xyt,out/xyt/FVC2000_DB3_B/109_2.xyt
16,out/xyt/FVC2000_DB2_B/108_5.xyt,out/xyt/FVC2002_DB1_B/106_3.xyt
16,out/xyt/FVC2000_DB2_B/106_1.xyt,out/xyt/FVC2000_DB4_B/102_2.xyt
16,out/xyt/FVC2004_DB1_B/103_8.xyt,out/xyt/FVC2004_DB1_B/108_2.xyt
16,out/xyt/FVC2002_DB1_B/104_8.xyt,out/xyt/FVC2004_DB4_B/105_3.xyt
16,out/xyt/FVC2004_DB3_B/102_5.xyt,out/xyt/FVC2004_DB3_B/104_1.xyt
16,out/xyt/FVC2002_DB4_B/110_4.xyt,out/xyt/FVC2004_DB4_B/110_7.xyt
16,out/xyt/FVC2002_DB4_B/110_3.xyt,out/xyt/FVC2004_DB4_B/103_1.xyt
16,out/xyt/FVC2002_DB1_B/106_8.xyt,out/xyt/FVC2004_DB3_B/105_3.xyt
16,out/xyt/FVC2000_DB4_B/109_8.xyt,out/xyt/FVC2002_DB2_B/108_2.xyt
16,out/xyt/FVC2000_DB1_B/104_2.xyt,out/xyt/FVC2004_DB1_B/102_6.xyt
16,out/xyt/FVC2000_DB2_B/106_1.xyt,out/xyt/FVC2002_DB3_B/107_2.xyt
16,out/xyt/FVC2000_DB1_B/109_7.xyt,out/xyt/FVC2002_DB1_B/110_8.xyt
16,out/xyt/FVC2002_DB1_B/110_8.xyt,out/xyt/FVC2004_DB3_B/101_6.xyt
16,out/xyt/FVC2000_DB1_B/102_5.xyt,out/xyt/FVC2004_DB4_B/106_8.xyt
16,out/xyt/FVC2000_DB1_B/102_1.xyt,out/xyt/FVC2000_DB2_B/108_7.xyt
16,out/xyt/FVC2000_DB4_B/103_5.xyt,out/xyt/FVC2004_DB4_B/103_6.xyt
16,out/xyt/FVC2000_DB2_B/104_3.xyt,out/xyt/FVC2002_DB4_B/110_5.xyt
16,out/xyt/FVC2000_DB4_B/108_4.xyt,out/xyt/FVC2002_DB4_B/103_5.xyt
16,out/xyt/FVC2000_DB1_B/106_8.xyt,out/xyt/FVC2004_DB4_B/106_4.xyt
16,out/xyt/FVC2000_DB1_B/108_7.xyt,out/xyt/FVC2000_DB4_B/101_3.xyt
16,out/xyt/FVC2000_DB1_B/109_5.xyt,out/xyt/FVC2002_DB2_B/109_1.xyt
16,out/xyt/FVC2000_DB1_B/102_5.xyt,out/xyt/FVC2002_DB2_B/103_2.xyt
16,out/xyt/FVC2000_DB2_B/107_6.xyt,out/xyt/FVC2002_DB2_B/102_4.xyt
16,out/xyt/FVC2000_DB1_B/108_6.xyt,out/xyt/FVC2002_DB1_B/102_7.xyt
16,out/xyt/FVC2000_DB1_B/106_4.xyt,out/xyt/FVC2002_DB1_B/105_2.xyt
16,out/xyt/FVC2000_DB4_B/103_8.xyt,out/xyt/FVC2004_DB3_B/105_2.xyt
16,out/xyt/FVC2000_DB4_B/102_5.xyt,out/xyt/FVC2004_DB1_B/104_5.xyt
16,out/xyt/FVC2002_DB1_B/106_5.xyt,out/xyt/FVC2004_DB1_B/101_3.xyt
16,out/xyt/FVC2000_DB4_B/102_4.xyt,out/xyt/FVC2002_DB1_B/104_3.xyt
16,out/xyt/FVC2002_DB1_B/105_2.xyt,out/xyt/FVC2002_DB2_B/103_6.xyt
16,out/xyt/FVC2000_DB4_B/103_3.xyt,out/xyt/FVC2002_DB2_B/108_1.xyt
16,out/xyt/FVC2004_DB1_B/104_7.xyt,out/xyt/FVC2004_DB2_B/109_3.xyt
16,out/xyt/FVC2002_DB3_B/109_1.xyt,out/xyt/FVC2004_DB2_B/103_8.xyt
16,out/xyt/FVC2000_DB1_B/109_4.xyt,out/xyt/FVC2004_DB2_B/110_5.xyt
16,out/xyt/FVC2000_DB2_B/104_5.xyt,out/xyt/FVC2004_DB2_B/108_4.xyt
16,out/xyt/FVC2000_DB3_B/105_3.xyt,out/xyt/FVC2004_DB3_B/110_7.xyt
16,out/xyt/FVC2000_DB4_B/102_6.xyt,out/xyt/FVC2004_DB2_B/109_5.xyt
16,out/xyt/FVC2002_DB1_B/104_4.xyt,out/xyt/FVC2004_DB1_B/108_7.xyt
16,out/xyt/FVC2002_DB1_B/102_2.xyt,out/xyt/FVC2004_DB1_B/102_5.xyt
16,out/xyt/FVC2002_DB2_B/109_6.xyt,out/xyt/FVC2002_DB4_B/102_3.xyt
16,out/xyt/FVC2002_DB4_B/102_6.xyt,out/xyt/FVC2004_DB2_B/101_3.xyt
16,out/xyt/FVC2000_DB1_B/109_8.xyt,out/xyt/FVC2004_DB2_B/102_3.xyt
16,out/xyt/FVC2000_DB1_B/102_1.xyt,out/xyt/FVC2002_DB1_B/102_7.xyt
16,out/xyt/FVC2000_DB1_B/106_2.xyt,out/xyt/FVC2002_DB4_B/107_7.xyt
16,out/xyt/FVC2000_DB4_B/101_4.xyt,out/xyt/FVC2000_DB4_B/102_3.xyt
16,out/xyt/FVC2000_DB1_B/106_2.xyt,out/xyt/FVC2002_DB4_B/107_5.xyt
16,out/xyt/FVC2002_DB3_B/107_7.xyt,out/xyt/FVC2004_DB1_B/106_5.xyt
16,out/xyt/FVC2000_DB4_B/103_1.xyt,out/xyt/FVC2002_DB4_B/110_1.xyt
16,out/xyt/FVC2000_DB1_B/109_5.xyt,out/xyt/FVC2000_DB4_B/105_7.xyt
16,out/xyt/FVC2002_DB1_B/105_6.xyt,out/xyt/FVC2004_DB3_B/107_2.xyt
16,out/xyt/FVC2002_DB1_B/107_6.xyt,out/xyt/FVC2002_DB3_B/105_3.xyt
16,out/xyt/FVC2002_DB3_B/109_2.xyt,out/xyt/FVC2002_DB4_B/108_5.xyt
16,out/xyt/FVC2000_DB1_B/105_1.xyt,out/xyt/FVC2002_DB2_B/109_3.xyt
16,out/xyt/FVC2002_DB4_B/103_5.xyt,out/xyt/FVC2002_DB4_B/109_1.xyt
16,out/xyt/FVC2002_DB4_B/102_5.xyt,out/xyt/FVC2002_DB4_B/110_2.xyt
16,out/xyt/FVC2002_DB1_B/104_5.xyt,out/xyt/FVC2004_DB2_B/104_5.xyt
16,out/xyt/FVC2002_DB1_B/104_4.xyt,out/xyt/FVC2002_DB1_B/109_1.xyt
16,out/xyt/FVC2002_DB2_B/106_8.xyt,out/xyt/FVC2002_DB4_B/108_6.xyt
16,out/xyt/FVC2000_DB4_B/103_6.xyt,out/xyt/FVC2004_DB4_B/110_1.xyt
16,out/xyt/FVC2000_DB2_B/104_5.xyt,out/xyt/FVC2002_DB1_B/101_1.xyt
16,out/xyt/FVC2000_DB2_B/105_8.xyt,out/xyt/FVC2002_DB1_B/105_7.xyt
16,out/xyt/FVC2002_DB4_B/102_5.xyt,out/xyt/FVC2002_DB4_B/105_8.xyt
16,out/xyt/FVC2002_DB4_B/107_4.xyt,out/xyt/FVC2004_DB2_B/109_5.xyt
16,out/xyt/FVC2000_DB2_B/108_1.xyt,out/xyt/FVC2004_DB3_B/104_2.xyt
16,out/xyt/FVC2000_DB4_B/108_4.xyt,out/xyt/FVC2002_DB4_B/101_8.xyt
16,out/xyt/FVC2000_DB1_B/109_3.xyt,out/xyt/FVC2004_DB4_B/105_4.xyt
16,out/xyt/FVC2000_DB3_B/101_4.xyt,out/xyt/FVC2004_DB3_B/106_2.xyt
16,out/xyt/FVC2002_DB1_B/109_7.xyt,out/xyt/FVC2002_DB4_B/107_1.xyt
16,out/xyt/FVC2000_DB4_B/106_8.xyt,out/xyt/FVC2002_DB4_B/102_4.xyt
16,out/xyt/FVC2000_DB1_B/102_1.xyt,out/xyt/FVC2002_DB4_B/105_8.xyt
16,out/xyt/FVC2002_DB4_B/108_6.xyt,out/xyt/FVC2004_DB1_B/104_1.xyt
16,out/xyt/FVC2004_DB1_B/104_6.xyt,out/xyt/FVC2004_DB3_B/105_7.xyt
16,out/xyt/FVC2002_DB2_B/105_7.xyt,out/xyt/FVC2002_DB2_B/106_8.xyt
16,out/xyt/FVC2000_DB1_B/109_6.xyt,out/xyt/FVC2000_DB2_B/105_2.xyt
16,out/xyt/FVC2000_DB1_B/107_6.xyt,out/xyt/FVC2002_DB1_B/109_5.xyt
16,out/xyt/FVC2000_DB2_B/105_3.xyt,out/xyt/FVC2000_DB2_B/107_8.xyt
16,out/xyt/FVC2000_DB2_B/107_8.xyt,out/xyt/FVC2002_DB4_B/108_4.xyt
16,out/xyt/FVC2000_DB1_B/108_5.xyt,out/xyt/FVC2002_DB2_B/109_3.xyt
16,out/xyt/FVC2000_DB2_B/107_1.xyt,out/xyt/FVC2002_DB2_B/110_6.xyt
16,out/xyt/FVC2000_DB2_B/104_7.xyt,out/xyt/FVC2004_DB4_B/108_4.xyt
16,out/xyt/FVC2000_DB1_B/102_4.xyt,out/xyt/FVC2004_DB1_B/101_7.xyt
16,out/xyt/FVC2000_DB1_B/106_2.xyt,out/xyt/FVC2002_DB2_B/109_6.xyt
16,out/xyt/FVC2000_DB3_B/106_1.xyt,out/xyt/FVC2004_DB4_B/101_7.xyt
16,out/xyt/FVC2000_DB4_B/109_7.xyt,out/xyt/FVC2004_DB1_B/101_3.xyt
16,out/xyt/FVC2000_DB2_B/109_2.xyt,out/xyt/FVC2004_DB1_B/105_6.xyt
16,out/xyt/FVC2000_DB4_B/102_8.xyt,out/xyt/FVC2004_DB4_B/105_5.xyt
16,out/xyt/FVC2002_DB3_B/109_1.xyt,out/xyt/FVC2004_DB1_B/109_8.xyt
16,out/xyt/FVC2002_DB2_B/102_8.xyt,out/xyt/FVC2002_DB2_B/108_1.xyt
16,out/xyt/FVC2000_DB1_B/108_4.xyt,out/xyt/FVC2002_DB3_B/104_1.xyt
16,out/xyt/FVC2002_DB1_B/106_5.xyt,out/xyt/FVC2002_DB4_B/101_1.xyt
16,out/xyt/FVC2002_DB2_B/109_5.xyt,out/xyt/FVC2002_DB4_B/110_1.xyt
16,out/xyt/FVC2000_DB1_B/109_8.xyt,out/xyt/FVC2002_DB4_B/105_2.xyt
16,out/xyt/FVC2000_DB1_B/109_6.xyt,out/xyt/FVC2004_DB2_B/109_4.xyt
16,out/xyt/FVC2000_DB4_B/108_1.xyt,out/xyt/FVC2004_DB2_B/101_5.xyt
16,out/xyt/FVC2002_DB1_B/105_7.xyt,out/xyt/FVC2004_DB2_B/104_1.xyt
16,out/xyt/FVC2002_DB1_B/102_6.xyt,out/xyt/FVC2004_DB1_B/101_7.xyt
16,out/xyt/FVC2000_DB2_B/106_4.xyt,out/xyt/FVC2002_DB4_B/109_5.xyt
16,out/xyt/FVC2000_DB1_B/109_5.xyt,out/xyt/FVC2000_DB4_B/102_5.xyt
16,out/xyt/FVC2000_DB1_B/102_7.xyt,out/xyt/FVC2002_DB4_B/110_5.xyt
16,out/xyt/FVC2004_DB1_B/105_7.xyt,out/xyt/FVC2004_DB1_B/107_2.xyt
16,out/xyt/FVC2000_DB1_B/106_6.xyt,out/xyt/FVC2004_DB4_B/110_3.xyt
16,out/xyt/FVC2002_DB3_B/101_2.xyt,out/xyt/FVC2002_DB3_B/109_2.xyt
16,out/xyt/FVC2002_DB1_B/110_2.xyt,out/xyt/FVC2004_DB2_B/109_1.xyt
16,out/xyt/FVC2000_DB4_B/109_5.xyt,out/xyt/FVC2004_DB3_B/106_2.xyt
16,out/xyt/FVC2000_DB1_B/109_3.xyt,out/xyt/FVC2004_DB4_B/109_3.xyt
16,out/xyt/FVC2000_DB2_B/109_5.xyt,out/xyt/FVC2002_DB1_B/102_2.xyt
16,out/xyt/FVC2002_DB4_B/103_5.xyt,out/xyt/FVC2004_DB4_B/106_2.xyt
16,out/xyt/FVC2000_DB1_B/102_1.xyt,out/xyt/FVC2004_DB4_B/102_4.xyt
16,out/xyt/FVC2002_DB1_B/107_4.xyt,out/xyt/FVC2004_DB2_B/109_3.xyt
16,out/xyt/FVC2000_DB4_B/103_3.xyt,out/xyt/FVC2002_DB4_B/101_8.xyt
16,out/xyt/FVC2000_DB1_B/109_3.xyt,out/xyt/FVC2004_DB4_B/109_4.xyt
16,out/xyt/FVC2000_DB2_B/102_1.xyt,out/xyt/FVC2004_DB3_B/108_7.xyt
16,out/xyt/FVC2002_DB3_B/107_1.xyt,out/xyt/FVC2002_DB3_B/109_5.xyt
16,out/xyt/FVC2002_DB1_B/105_3.xyt,out/xyt/FVC2002_DB4_B/108_2.xyt
16,out/xyt/FVC2000_DB1_B/108_8.xyt,out/xyt/FVC2002_DB4_B/105_7.xyt
16,out/xyt/FVC2000_DB3_B/110_7.xyt,out/xyt/FVC2004_DB3_B/104_1.xyt
16,out/xyt/FVC2000_DB1_B/109_4.xyt,out/xyt/FVC2002_DB4_B/108_3.xyt
16,out/xyt/FVC2000_DB4_B/109_4.xyt,out/xyt/FVC2004_DB2_B/109_6.xyt
16,out/xyt/FVC2002_DB1_B/105_8.xyt,out/xyt/FVC2002_DB3_B/103_3.xyt
16,out/xyt/FVC2000_DB1_B/106_3.xyt,out/xyt/FVC2004_DB1_B/109_5.xyt
16,out/xyt/FVC2000_DB1_B/105_3.xyt,out/xyt/FVC2000_DB4_B/101_7.xyt
16,out/xyt/FVC2000_DB1_B/109_1.xyt,out/xyt/FVC2000_DB2_B/107_8.xyt
16,out/xyt/FVC2000_DB1_B/108_5.xyt,out/xyt/FVC2000_DB2_B/103_6.xyt
16,out/xyt/FVC2000_DB4_B/109_3.xyt,out/xyt/FVC2004_DB1_B/106_1.xyt
16,out/xyt/FVC2002_DB2_B/109_3.xyt,out/xyt/FVC2002_DB3_B/104_1.xyt
16,out/xyt/FVC2000_DB2_B/102_2.xyt,out/xyt/FVC2000_DB4_B/102_4.xyt
16,out/xyt/FVC2000_DB1_B/106_7.xyt,out/xyt/FVC2002_DB4_B/107_4.xyt
16,out/xyt/FVC2002_DB2_B/108_3.xyt,out/xyt/FVC2004_DB4_B/108_2.xyt
16,out/xyt/FVC2000_DB4_B/102_2.xyt,out/xyt/FVC2004_DB4_B/104_5.xyt
16,out/xyt/FVC2000_DB2_B/105_3.xyt,out/xyt/FVC2000_DB4_B/109_2.xyt
16,out/xyt/FVC2002_DB1_B/110_7.xyt,out/xyt/FVC2002_DB3_B/102_8.xyt
16,out/xyt/FVC2000_DB1_B/102_7.xyt,out/xyt/FVC2004_DB4_B/104_3.xyt
16,out/xyt/FVC2000_DB2_B/106_6.xyt,out/xyt/FVC2002_DB4_B/105_7.xyt
16,out/xyt/FVC2004_DB1_B/104_1.xyt,out/xyt/FVC2004_DB4_B/105_3.xyt
16,out/xyt/FVC2002_DB4_B/103_4.xyt,out/xyt/FVC2004_DB1_B/107_5.xyt
16,out/xyt/FVC2000_DB1_B/107_4.xyt,out/xyt/FVC2002_DB1_B/110_5.xyt
16,out/xyt/FVC2000_DB2_B/105_7.xyt,out/xyt/FVC2002_DB2_B/106_1.xyt
16,out/xyt/FVC2002_DB1_B/105_3.xyt,out/xyt/FVC2002_DB2_B/107_2.xyt
16,out/xyt/FVC2000_DB4_B/103_5.xyt,out/xyt/FVC2004_DB2_B/108_4.xyt
16,out/xyt/FVC2000_DB1_B/102_2.xyt,out/xyt/FVC2000_DB3_B/103_2.xyt
16,out/xyt/FVC2000_DB4_B/103_5.xyt,out/xyt/FVC2002_DB4_B/103_5.xyt
16,out/xyt/FVC2000_DB1_B/110_7.xyt,out/xyt/FVC2002_DB2_B/103_4.xyt
16,out/xyt/FVC2000_DB1_B/107_5.xyt,out/xyt/FVC2002_DB2_B/105_3.xyt
16,out/xyt/FVC2002_DB4_B/101_3.xyt,out/xyt/FVC2004_DB4_B/104_1.xyt
16,out/xyt/FVC2000_DB2_B/110_6.xyt,out/xyt/FVC2004_DB1_B/108_4.xyt
16,out/xyt/FVC2000_DB1_B/109_3.xyt,out/xyt/FVC2004_DB2_B/101_5.xyt
16,out/xyt/FVC2000_DB4_B/109_5.xyt,out/xyt/FVC2004_DB2_B/102_2.xyt
16,out/xyt/FVC2002_DB1_B/106_2.xyt,out/xyt/FVC2002_DB2_B/106_1.xyt
16,out/xyt/FVC2000_DB2_B/101_1.xyt,out/xyt/FVC2002_DB4_B/103_5.xyt
16,out/xyt/FVC2000_DB1_B/102_7.xyt,out/xyt/FVC2002_DB2_B/109_2.xyt
16,out/xyt/FVC2000_DB1_B/107_5.xyt,out/xyt/FVC2004_DB1_B/108_4.xyt
16,out/xyt/FVC2002_DB1_B/107_8.xyt,out/xyt/FVC2002_DB1_B/110_6.xyt
16,out/xyt/FVC2000_DB1_B/102_7.xyt,out/xyt/FVC2002_DB2_B/109_5.xyt
16,out/xyt/FVC2002_DB1_B/109_7.xyt,out/xyt/FVC2002_DB4_B/105_4.xyt
16,out/xyt/FVC2000_DB1_B/107_8.xyt,out/xyt/FVC2002_DB1_B/110_8.xyt
16,out/xyt/FVC2000_DB2_B/102_8.xyt,out/xyt/FVC2002_DB4_B/110_5.xyt
16,out/xyt/FVC2000_DB2_B/107_5.xyt,out/xyt/FVC2000_DB4_B/109_3.xyt
16,out/xyt/FVC2000_DB3_B/102_3.xyt,out/xyt/FVC2002_DB3_B/105_2.xyt
16,out/xyt/FVC2000_DB2_B/107_5.xyt,out/xyt/FVC2002_DB1_B/109_3.xyt
16,out/xyt/FVC2000_DB1_B/109_1.xyt,out/xyt/FVC2002_DB1_B/106_3.xyt
16,out/xyt/FVC2000_DB1_B/109_1.xyt,out/xyt/FVC2004_DB2_B/107_1.xyt
16,out/xyt/FVC2000_DB2_B/105_2.xyt,out/xyt/FVC2000_DB2_B/109_8.xyt
16,out/xyt/FVC2000_DB1_B/103_3.xyt,out/xyt/FVC2000_DB1_B/106_7.xyt
16,out/xyt/FVC2002_DB2_B/109_2.xyt,out/xyt/FVC2002_DB2_B/110_6.xyt
16,out/xyt/FVC2002_DB2_B/110_6.xyt,out/xyt/FVC2002_DB3_B/109_6.xyt
16,out/xyt/FVC2000_DB1_B/103_3.xyt,out/xyt/FVC2000_DB1_B/106_8.xyt
16,out/xyt/FVC2000_DB2_B/107_2.xyt,out/xyt/FVC2002_DB3_B/109_6.xyt
16,out/xyt/FVC2000_DB3_B/110_8.xyt,out/xyt/FVC2004_DB3_B/104_1.xyt
16,out/xyt/FVC2000_DB4_B/109_7.xyt,out/xyt/FVC2004_DB2_B/104_1.xyt
16,out/xyt/FVC2002_DB1_B/106_7.xyt,out/xyt/FVC2004_DB1_B/104_3.xyt
16,out/xyt/FVC2000_DB1_B/105_3.xyt,out/xyt/FVC2004_DB4_B/110_1.xyt
16,out/xyt/FVC2004_DB2_B/108_4.xyt,out/xyt/FVC2004_DB3_B/105_3.xyt
16,out/xyt/FVC2000_DB4_B/105_6.xyt,out/xyt/FVC2002_DB4_B/109_5.xyt
16,out/xyt/FVC2000_DB1_B/109_3.xyt,out/xyt/FVC2004_DB1_B/104_7.xyt
16,out/xyt/FVC2000_DB2_B/102_6.xyt,out/xyt/FVC2004_DB1_B/104_1.xyt
16,out/xyt/FVC2002_DB3_B/101_1.xyt,out/xyt/FVC2002_DB3_B/104_8.xyt
16,out/xyt/FVC2000_DB2_B/109_2.xyt,out/xyt/FVC2002_DB4_B/110_8.xyt
16,out/xyt/FVC2002_DB1_B/106_5.xyt,out/xyt/FVC2002_DB2_B/102_2.xyt
16,out/xyt/FVC2000_DB3_B/108_1.xyt,out/xyt/FVC2000_DB3_B/110_8.xyt
16,out/xyt/FVC2000_DB2_B/107_6.xyt,out/xyt/FVC2004_DB4_B/106_3.xyt
16,out/xyt/FVC2000_DB4_B/101_4.xyt,out/xyt/FVC2004_DB1_B/103_4.xyt
16,out/xyt/FVC2000_DB2_B/104_2.xyt,out/xyt/FVC2000_DB2_B/107_7.xyt
16,out/xyt/FVC2000_DB4_B/103_5.xyt,out/xyt/FVC2002_DB2_B/108_4.xyt
16,out/xyt/FVC2000_DB4_B/103_3.xyt,out/xyt/FVC2002_DB4_B/110_8.xyt
16,out/xyt/FVC2000_DB2_B/104_5.xyt,out/xyt/FVC2000_DB4_B/109_2.xyt
16,out/xyt/FVC2002_DB2_B/106_2.xyt,out/xyt/FVC2004_DB3_B/106_2.xyt
16,out/xyt/FVC2002_DB1_B/101_7.xyt,out/xyt/FVC2002_DB1_B/106_3.xyt
16,out/xyt/FVC2000_DB1_B/102_7.xyt,out/xyt/FVC2004_DB3_B/108_1.xyt
16,out/xyt/FVC2000_DB1_B/109_8.xyt,out/xyt/FVC2002_DB4_B/109_1.xyt
16,out/xyt/FVC2000_DB2_B/103_2.xyt,out/xyt/FVC2000_DB2_B/107_1.xyt
16,out/xyt/FVC2000_DB1_B/109_1.xyt,out/xyt/FVC2002_DB1_B/106_7.xyt
16,out/xyt/FVC2000_DB1_B/105_8.xyt,out/xyt/FVC2000_DB1_B/109_8.xyt
16,out/xyt/FVC2002_DB1_B/105_2.xyt,out/xyt/FVC2004_DB3_B/107_2.xyt
16,out/xyt/FVC2000_DB2_B/102_6.xyt,out/xyt/FVC2002_DB1_B/106_3.xyt
16,out/xyt/FVC2002_DB1_B/107_7.xyt,out/xyt/FVC2002_DB3_B/101_1.xyt
16,out/xyt/FVC2000_DB4_B/102_2.xyt,out/xyt/FVC2002_DB2_B/105_2.xyt
16,out/xyt/FVC2002_DB1_B/105_7.xyt,out/xyt/FVC2004_DB1_B/108_5.xyt
16,out/xyt/FVC2000_DB4_B/102_1.xyt,out/xyt/FVC2004_DB1_B/109_8.xyt
16,out/xyt/FVC2000_DB2_B/102_8.xyt,out/xyt/FVC2002_DB2_B/109_2.xyt
16,out/xyt/FVC2002_DB1_B/106_2.xyt,out/xyt/FVC2002_DB1_B/110_1.xyt
16,out/xyt/FVC2002_DB1_B/106_1.xyt,out/xyt/FVC2002_DB4_B/109_6.xyt
16,out/xyt/FVC2000_DB1_B/106_2.xyt,out/xyt/FVC2002_DB4_B/109_3.xyt
16,out/xyt/FVC2000_DB1_B/109_4.xyt,out/xyt/FVC2000_DB2_B/104_5.xyt
16,out/xyt/FVC2000_DB1_B/109_7.xyt,out/xyt/FVC2002_DB2_B/108_2.xyt
16,out/xyt/FVC2000_DB1_B/109_3.xyt,out/xyt/FVC2002_DB4_B/109_4.xyt
16,out/xyt/FVC2002_DB2_B/105_8.xyt,out/xyt/FVC2002_DB4_B/103_8.xyt
16,out/xyt/FVC2000_DB1_B/108_1.xyt,out/xyt/FVC2004_DB2_B/101_1.xyt
16,out/xyt/FVC2000_DB1_B/102_7.xyt,out/xyt/FVC2002_DB1_B/102_7.xyt
16,out/xyt/FVC2000_DB2_B/104_3.xyt,out/xyt/FVC2004_DB4_B/110_4.xyt
16,out/xyt/FVC2002_DB1_B/105_8.xyt,out/xyt/FVC2004_DB1_B/108_5.xyt
16,out/xyt/FVC2000_DB1_B/109_6.xyt,out/xyt/FVC2000_DB2_B/102_7.xyt
16,out/xyt/FVC2000_DB2_B/102_1.xyt,out/xyt/FVC2004_DB3_B/104_4.xyt
16,out/xyt/FVC2000_DB3_B/106_8.xyt,out/xyt/FVC2000_DB3_B/109_2.xyt
16,out/xyt/FVC2000_DB1_B/109_4.xyt,out/xyt/FVC2002_DB4_B/103_8.xyt
16,out/xyt/FVC2002_DB1_B/104_1.xyt,out/xyt/FVC2004_DB1_B/104_5.xyt
16,out/xyt/FVC2000_DB1_B/107_6.xyt,out/xyt/FVC2002_DB4_B/105_5.xyt
16,out/xyt/FVC2000_DB4_B/109_3.xyt,out/xyt/FVC2004_DB4_B/105_8.xyt
16,out/xyt/FVC2000_DB1_B/102_4.xyt,out/xyt/FVC2004_DB4_B/105_5.xyt
16,out/xyt/FVC2002_DB1_B/110_1.xyt,out/xyt/FVC2004_DB4_B/104_1.xyt
16,out/xyt/FVC2000_DB2_B/105_7.xyt,out/xyt/FVC2000_DB2_B/107_1.xyt
16,out/xyt/FVC2000_DB1_B/102_4.xyt,out/xyt/FVC2002_DB4_B/108_8.xyt
16,out/xyt/FVC2000_DB2_B/104_6.xyt,out/xyt/FVC2004_DB1_B/102_7.xyt
16,out/xyt/FVC2002_DB4_B/103_5.xyt,out/xyt/FVC2004_DB4_B/109_6.xyt
16,out/xyt/FVC2000_DB1_B/102_4.xyt,out/xyt/FVC2004_DB4_B/108_5.xyt
16,out/xyt/FVC2002_DB3_B/107_5.xyt,out/xyt/FVC2004_DB2_B/109_2.xyt
16,out/xyt/FVC2002_DB1_B/106_3.xyt,out/xyt/FVC2002_DB4_B/110_4.xyt
16,out/xyt/FVC2000_DB1_B/109_7.xyt,out/xyt/FVC2000_DB3_B/107_1.xyt
16,out/xyt/FVC2000_DB4_B/109_3.xyt,out/xyt/FVC2002_DB1_B/110_3.xyt
16,out/xyt/FVC2000_DB3_B/110_8.xyt,out/xyt/FVC2002_DB2_B/106_1.xyt
16,out/xyt/FVC2000_DB1_B/102_8.xyt,out/xyt/FVC2002_DB4_B/109_1.xyt
16,out/xyt/FVC2000_DB2_B/107_6.xyt,out/xyt/FVC2002_DB1_B/105_5.xyt
16,out/xyt/FVC2000_DB2_B/109_6.xyt,out/xyt/FVC2004_DB3_B/102_1.xyt
16,out/xyt/FVC2000_DB4_B/102_8.xyt,out/xyt/FVC2004_DB1_B/110_5.xyt
16,out/xyt/FVC2000_DB1_B/107_7.xyt,out/xyt/FVC2002_DB4_B/105_5.xyt
16,out/xyt/FVC2002_DB4_B/102_7.xyt,out/xyt/FVC2004_DB2_B/104_1.xyt
16,out/xyt/FVC2004_DB1_B/110_7.xyt,out/xyt/FVC2004_DB4_B/102_4.xyt
16,out/xyt/FVC2002_DB1_B/102_7.xyt,out/xyt/FVC2002_DB3_B/101_4.xyt
16,out/xyt/FVC2000_DB4_B/102_8.xyt,out/xyt/FVC2000_DB4_B/103_5.xyt
16,out/xyt/FVC2004_DB4_B/103_7.xyt,out/xyt/FVC2004_DB4_B/107_5.xyt
16,out/xyt/FVC2000_DB1_B/109_5.xyt,out/xyt/FVC2000_DB4_B/105_4.xyt
16,out/xyt/FVC2000_DB2_B/101_2.xyt,out/xyt/FVC2002_DB4_B/107_2.xyt
16,out/xyt/FVC2000_DB2_B/109_3.xyt,out/xyt/FVC2002_DB1_B/107_3.xyt
16,out/xyt/FVC2000_DB4_B/102_2.xyt,out/xyt/FVC2004_DB4_B/105_3.xyt
16,out/xyt/FVC2000_DB4_B/102_2.xyt,out/xyt/FVC2002_DB4_B/102_6.xyt
16,out/xyt/FVC2000_DB1_B/105_1.xyt,out/xyt/FVC2000_DB2_B/104_1.xyt
16,out/xyt/FVC2000_DB2_B/105_2.xyt,out/xyt/FVC2002_DB1_B/106_6.xyt
16,out/xyt/FVC2002_DB2_B/109_1.xyt,out/xyt/FVC2002_DB4_B/101_4.xyt
16,out/xyt/FVC2000_DB4_B/109_4.xyt,out/xyt/FVC2004_DB4_B/108_5.xyt
16,out/xyt/FVC2000_DB2_B/108_6.xyt,out/xyt/FVC2004_DB4_B/108_5.xyt
16,out/xyt/FVC2000_DB4_B/102_2.xyt,out/xyt/FVC2000_DB4_B/105_1.xyt
16,out/xyt/FVC2000_DB3_B/104_3.xyt,out/xyt/FVC2004_DB4_B/101_2.xyt
16,out/xyt/FVC2000_DB1_B/108_3.xyt,out/xyt/FVC2002_DB1_B/102_7.xyt
16,out/xyt/FVC2002_DB1_B/105_8.xyt,out/xyt/FVC2002_DB3_B/108_7.xyt
16,out/xyt/FVC2000_DB1_B/104_4.xyt,out/xyt/FVC2002_DB1_B/106_8.xyt
16,out/xyt/FVC2000_DB1_B/102_3.xyt,out/xyt/FVC2000_DB2_B/106_1.xyt
16,out/xyt/FVC2000_DB2_B/109_5.xyt,out/xyt/FVC2002_DB3_B/109_4.xyt
16,out/xyt/FVC2000_DB4_B/101_7.xyt,out/xyt/FVC2004_DB4_B/109_4.xyt
16,out/xyt/FVC2000_DB1_B/108_5.xyt,out/xyt/FVC2000_DB2_B/103_7.xyt
16,out/xyt/FVC2000_DB3_B/101_6.xyt,out/xyt/FVC2000_DB3_B/103_5.xyt
16,out/xyt/FVC2000_DB3_B/104_8.xyt,out/xyt/FVC2004_DB4_B/101_5.xyt
16,out/xyt/FVC2000_DB1_B/102_6.xyt,out/xyt/FVC2002_DB1_B/102_7.xyt
16,out/xyt/FVC2002_DB2_B/110_8.xyt,out/xyt/FVC2004_DB2_B/105_3.xyt
16,out/xyt/FVC2000_DB1_B/109_7.xyt,out/xyt/FVC2004_DB2_B/110_4.xyt
16,out/xyt/FVC2000_DB1_B/102_6.xyt,out/xyt/FVC2000_DB1_B/108_7.xyt
16,out/xyt/FVC2002_DB2_B/108_7.xyt,out/xyt/FVC2002_DB3_B/109_8.xyt
16,out/xyt/FVC2000_DB1_B/101_6.xyt,out/xyt/FVC2000_DB2_B/101_8.xyt
16,out/xyt/FVC2000_DB3_B/110_7.xyt,out/xyt/FVC2004_DB1_B/104_6.xyt
16,out/xyt/FVC2000_DB1_B/105_7.xyt,out/xyt/FVC2002_DB1_B/109_7.xyt
16,out/xyt/FVC2002_DB1_B/106_8.xyt,out/xyt/FVC2002_DB4_B/102_4.xyt
16,out/xyt/FVC2002_DB4_B/106_7.xyt,out/xyt/FVC2004_DB2_B/110_4.xyt
16,out/xyt/FVC2002_DB1_B/110_3.xyt,out/xyt/FVC2002_DB3_B/110_1.xyt
16,out/xyt/FVC2004_DB4_B/104_4.xyt,out/xyt/FVC2004_DB4_B/105_8.xyt
16,out/xyt/FVC2000_DB4_B/103_2.xyt,out/xyt/FVC2004_DB4_B/105_3.xyt
16,out/xyt/FVC2000_DB1_B/109_2.xyt,out/xyt/FVC2002_DB4_B/105_4.xyt
16,out/xyt/FVC2002_DB1_B/101_6.xyt,out/xyt/FVC2004_DB2_B/104_5.xyt
16,out/xyt/FVC2000_DB2_B/102_3.xyt,out/xyt/FVC2002_DB1_B/106_2.xyt
16,out/xyt/FVC2000_DB2_B/102_8.xyt,out/xyt/FVC2002_DB1_B/102_1.xyt
16,out/xyt/FVC2000_DB4_B/105_2.xyt,out/xyt/FVC2004_DB2_B/108_2.xyt
16,out/xyt/FVC2000_DB1_B/109_6.xyt,out/xyt/FVC2004_DB2_B/109_1.xyt
16,out/xyt/FVC2002_DB1_B/110_4.xyt,out/xyt/FVC2004_DB1_B/108_7.xyt
16,out/xyt/FVC2000_DB1_B/105_1.xyt,out/xyt/FVC2000_DB4_B/105_7.xyt
16,out/xyt/FVC2000_DB3_B/101_3.xyt,out/xyt/FVC2000_DB3_B/109_8.xyt
16,out/xyt/FVC2000_DB4_B/110_8.xyt,out/xyt/FVC2002_DB4_B/105_1.xyt
16,out/xyt/FVC2002_DB1_B/102_6.xyt,out/xyt/FVC2004_DB1_B/108_4.xyt
16,out/xyt/FVC2000_DB1_B/105_7.xyt,out/xyt/FVC2002_DB2_B/105_2.xyt
16,out/xyt/FVC2000_DB4_B/102_4.xyt,out/xyt/FVC2002_DB4_B/110_1.xyt
16,out/xyt/FVC2000_DB1_B/107_5.xyt,out/xyt/FVC2002_DB1_B/105_7.xyt
16,out/xyt/FVC2002_DB1_B/110_5.xyt,out/xyt/FVC2002_DB3_B/105_2.xyt
16,out/xyt/FVC2002_DB1_B/101_7.xyt,out/xyt/FVC2004_DB4_B/108_8.xyt
16,out/xyt/FVC2000_DB1_B/105_7.xyt,out/xyt/FVC2002_DB2_B/105_8.xyt
16,out/xyt/FVC2000_DB2_B/104_6.xyt,out/xyt/FVC2002_DB1_B/107_1.xyt
16,out/xyt/FVC2002_DB2_B/104_3.xyt,out/xyt/FVC2002_DB4_B/106_7.xyt
16,out/xyt/FVC2000_DB3_B/104_3.xyt,out/xyt/FVC2004_DB1_B/107_8.xyt
16,out/xyt/FVC2000_DB2_B/107_4.xyt,out/xyt/FVC2002_DB2_B/103_7.xyt
16,out/xyt/FVC2000_DB1_B/102_5.xyt,out/xyt/FVC2004_DB2_B/104_1.xyt
16,out/xyt/FVC2000_DB4_B/102_8.xyt,out/xyt/FVC2004_DB4_B/102_4.xyt
16,out/xyt/FVC2000_DB3_B/104_3.xyt,out/xyt/FVC2004_DB1_B/110_2.xyt
16,out/xyt/FVC2000_DB1_B/105_2.xyt,out/xyt/FVC2002_DB2_B/108_3.xyt
16,out/xyt/FVC2002_DB3_B/108_8.xyt,out/xyt/FVC2004_DB1_B/102_5.xyt
16,out/xyt/FVC2004_DB2_B/108_2.xyt,out/xyt/FVC2004_DB4_B/110_3.xyt
16,out/xyt/FVC2000_DB4_B/109_5.xyt,out/xyt/FVC2004_DB4_B/108_4.xyt
16,out/xyt/FVC2000_DB1_B/109_6.xyt,out/xyt/FVC2002_DB4_B/109_5.xyt
16,out/xyt/FVC2002_DB4_B/109_3.xyt,out/xyt/FVC2004_DB2_B/109_3.xyt
16,out/xyt/FVC2002_DB1_B/106_2.xyt,out/xyt/FVC2002_DB1_B/110_6.xyt
16,out/xyt/FVC2000_DB4_B/110_8.xyt,out/xyt/FVC2002_DB4_B/109_3.xyt
16,out/xyt/FVC2000_DB4_B/110_8.xyt,out/xyt/FVC2002_DB4_B/109_2.xyt
16,out/xyt/FVC2000_DB1_B/109_3.xyt,out/xyt/FVC2000_DB2_B/102_6.xyt
16,out/xyt/FVC2004_DB4_B/103_1.xyt,out/xyt/FVC2004_DB4_B/108_5.xyt
16,out/xyt/FVC2000_DB2_B/107_4.xyt,out/xyt/FVC2002_DB2_B/109_4.xyt
16,out/xyt/FVC2000_DB1_B/102_6.xyt,out/xyt/FVC2002_DB1_B/102_4.xyt
16,out/xyt/FVC2000_DB4_B/103_2.xyt,out/xyt/FVC2000_DB4_B/106_5.xyt
16,out/xyt/FVC2002_DB2_B/109_3.xyt,out/xyt/FVC2004_DB1_B/108_5.xyt
16,out/xyt/FVC2002_DB2_B/101_5.xyt,out/xyt/FVC2004_DB1_B/103_3.xyt
16,out/xyt/FVC2000_DB2_B/106_6.xyt,out/xyt/FVC2002_DB2_B/101_1.xyt
16,out/xyt/FVC2000_DB3_B/105_6.xyt,out/xyt/FVC2004_DB3_B/104_8.xyt
16,out/xyt/FVC2002_DB2_B/106_8.xyt,out/xyt/FVC2004_DB2_B/110_2.xyt
16,out/xyt/FVC2002_DB1_B/110_5.xyt,out/xyt/FVC2004_DB1_B/108_6.xyt
16,out/xyt/FVC2002_DB4_B/108_2.xyt,out/xyt/FVC2004_DB2_B/108_2.xyt
16,out/xyt/FVC2000_DB4_B/110_1.xyt,out/xyt/FVC2002_DB4_B/102_3.xyt
16,out/xyt/FVC2004_DB1_B/107_2.xyt,out/xyt/FVC2004_DB2_B/108_3.xyt
16,out/xyt/FVC2004_DB3_B/102_2.xyt,out/xyt/FVC2004_DB3_B/110_8.xyt
16,out/xyt/FVC2002_DB1_B/104_5.xyt,out/xyt/FVC2004_DB1_B/102_8.xyt
16,out/xyt/FVC2000_DB3_B/108_1.xyt,out/xyt/FVC2004_DB1_B/107_8.xyt
16,out/xyt/FVC2000_DB4_B/101_3.xyt,out/xyt/FVC2004_DB4_B/109_6.xyt
16,out/xyt/FVC2000_DB2_B/106_1.xyt,out/xyt/FVC2002_DB3_B/109_1.xyt
16,out/xyt/FVC2002_DB1_B/102_1.xyt,out/xyt/FVC2004_DB4_B/105_8.xyt
16,out/xyt/FVC2002_DB1_B/107_1.xyt,out/xyt/FVC2004_DB1_B/102_7.xyt
16,out/xyt/FVC2000_DB2_B/107_1.xyt,out/xyt/FVC2002_DB1_B/107_2.xyt
16,out/xyt/FVC2000_DB4_B/102_7.xyt,out/xyt/FVC2002_DB1_B/107_2.xyt
16,out/xyt/FVC2002_DB3_B/106_4.xyt,out/xyt/FVC2002_DB3_B/108_8.xyt
16,out/xyt/FVC2002_DB4_B/109_4.xyt,out/xyt/FVC2002_DB4_B/110_3.xyt
16,out/xyt/FVC2000_DB4_B/104_5.xyt,out/xyt/FVC2002_DB4_B/105_6.xyt
16,out/xyt/FVC2000_DB4_B/107_8.xyt,out/xyt/FVC2002_DB3_B/109_7.xyt
16,out/xyt/FVC2002_DB2_B/108_5.xyt,out/xyt/FVC2002_DB3_B/109_1.xyt
16,out/xyt/FVC2000_DB1_B/106_8.xyt,out/xyt/FVC2004_DB1_B/107_1.xyt
16,out/xyt/FVC2002_DB3_B/108_4.xyt,out/xyt/FVC2002_DB4_B/107_5.xyt
16,out/xyt/FVC2004_DB3_B/106_2.xyt,out/xyt/FVC2004_DB4_B/108_8.xyt
16,out/xyt/FVC2002_DB1_B/102_4.xyt,out/xyt/FVC2004_DB1_B/107_1.xyt
16,out/xyt/FVC2000_DB4_B/101_4.xyt,out/xyt/FVC2002_DB4_B/101_7.xyt
16,out/xyt/FVC2002_DB1_B/106_3.xyt,out/xyt/FVC2002_DB2_B/109_5.xyt
16,out/xyt/FVC2002_DB2_B/109_3.xyt,out/xyt/FVC2004_DB1_B/108_3.xyt
16,out/xyt/FVC2002_DB4_B/103_8.xyt,out/xyt/FVC2004_DB3_B/106_8.xyt
16,out/xyt/FVC2002_DB1_B/110_7.xyt,out/xyt/FVC2004_DB2_B/109_3.xyt
16,out/xyt/FVC2000_DB4_B/103_5.xyt,out/xyt/FVC2004_DB3_B/105_1.xyt
16,out/xyt/FVC2002_DB1_B/102_6.xyt,out/xyt/FVC2002_DB4_B/107_4.xyt
16,out/xyt/FVC2002_DB4_B/106_6.xyt,out/xyt/FVC2004_DB4_B/106_8.xyt
16,out/xyt/FVC2004_DB2_B/108_1.xyt,out/xyt/FVC2004_DB4_B/104_4.xyt
16,out/xyt/FVC2000_DB2_B/110_6.xyt,out/xyt/FVC2002_DB2_B/103_1.xyt
16,out/xyt/FVC2004_DB3_B/102_2.xyt,out/xyt/FVC2004_DB3_B/110_3.xyt
16,out/xyt/FVC2002_DB4_B/108_1.xyt,out/xyt/FVC2004_DB4_B/110_5.xyt
16,out/xyt/FVC2004_DB4_B/106_4.xyt,out/xyt/FVC2004_DB4_B/109_7.xyt
16,out/xyt/FVC2000_DB2_B/104_1.xyt,out/xyt/FVC2002_DB4_B/102_3.xyt
16,out/xyt/FVC2002_DB4_B/107_5.xyt,out/xyt/FVC2004_DB4_B/109_1.xyt
16,out/xyt/FVC2000_DB4_B/102_5.xyt,out/xyt/FVC2004_DB1_B/109_6.xyt
16,out/xyt/FVC2002_DB2_B/103_2.xyt,out/xyt/FVC2004_DB1_B/103_8.xyt
16,out/xyt/FVC2000_DB4_B/102_4.xyt,out/xyt/FVC2004_DB1_B/104_6.xyt
16,out/xyt/FVC2000_DB2_B/102_6.xyt,out/xyt/FVC2004_DB1_B/104_6.xyt
16,out/xyt/FVC2004_DB2_B/105_5.xyt,out/xyt/FVC2004_DB3_B/101_6.xyt
16,out/xyt/FVC2000_DB2_B/106_4.xyt,out/xyt/FVC2000_DB4_B/102_8.xyt
16,out/xyt/FVC2002_DB1_B/107_3.xyt,out/xyt/FVC2002_DB2_B/108_2.xyt
16,out/xyt/FVC2000_DB4_B/102_5.xyt,out/xyt/FVC2002_DB4_B/105_8.xyt
16,out/xyt/FVC2000_DB4_B/102_5.xyt,out/xyt/FVC2000_DB4_B/105_1.xyt
16,out/xyt/FVC2002_DB1_B/104_4.xyt,out/xyt/FVC2002_DB3_B/103_8.xyt
16,out/xyt/FVC2002_DB2_B/109_5.xyt,out/xyt/FVC2004_DB2_B/109_5.xyt
16,out/xyt/FVC2002_DB1_B/110_3.xyt,out/xyt/FVC2002_DB3_B/102_6.xyt
16,out/xyt/FVC2002_DB2_B/106_5.xyt,out/xyt/FVC2004_DB2_B/103_1.xyt
16,out/xyt/FVC2000_DB2_B/102_3.xyt,out/xyt/FVC2000_DB4_B/109_3.xyt
16,out/xyt/FVC2002_DB2_B/106_3.xyt,out/xyt/FVC2002_DB4_B/108_4.xyt
16,out/xyt/FVC2000_DB1_B/104_3.xyt,out/xyt/FVC2002_DB1_B/106_2.xyt
16,out/xyt/FVC2002_DB3_B/103_8.xyt,out/xyt/FVC2004_DB1_B/104_1.xyt
16,out/xyt/FVC2002_DB4_B/108_3.xyt,out/xyt/FVC2004_DB4_B/108_6.xyt
16,out/xyt/FVC2000_DB1_B/108_4.xyt,out/xyt/FVC2000_DB4_B/109_5.xyt
16,out/xyt/FVC2000_DB4_B/109_2.xyt,out/xyt/FVC2004_DB1_B/101_6.xyt
16,out/xyt/FVC2000_DB4_B/102_1.xyt,out/xyt/FVC2004_DB4_B/105_4.xyt
16,out/xyt/FVC2002_DB2_B/103_6.xyt,out/xyt/FVC2004_DB2_B/104_5.xyt
16,out/xyt/FVC2000_DB4_B/109_3.xyt,out/xyt/FVC2004_DB2_B/109_8.xyt
16,out/xyt/FVC2002_DB4_B/101_8.xyt,out/xyt/FVC2002_DB4_B/102_6.xyt
16,out/xyt/FVC2000_DB4_B/109_2.xyt,out/xyt/FVC2004_DB2_B/106_1.xyt
16,out/xyt/FVC2002_DB1_B/110_6.xyt,out/xyt/FVC2002_DB2_B/102_7.xyt
16,out/xyt/FVC2004_DB4_B/106_4.xyt,out/xyt/FVC2004_DB4_B/109_1.xyt
16,out/xyt/FVC2002_DB1_B/108_2.xyt,out/xyt/FVC2002_DB3_B/110_3.xyt
16,out/xyt/FVC2000_DB4_B/109_3.xyt,out/xyt/FVC2002_DB1_B/110_1.xyt
16,out/xyt/FVC2002_DB4_B/110_3.xyt,out/xyt/FVC2004_DB1_B/109_6.xyt
16,out/xyt/FVC2000_DB1_B/108_7.xyt,out/xyt/FVC2000_DB2_B/102_7.xyt
16,out/xyt/FVC2002_DB4_B/109_3.xyt,out/xyt/FVC2004_DB4_B/108_4.xyt
16,out/xyt/FVC2000_DB4_B/103_4.xyt,out/xyt/FVC2004_DB4_B/104_1.xyt
16,out/xyt/FVC2000_DB3_B/101_7.xyt,out/xyt/FVC2000_DB3_B/109_4.xyt
16,out/xyt/FVC2000_DB2_B/107_3.xyt,out/xyt/FVC2002_DB1_B/101_4.xyt
16,out/xyt/FVC2000_DB1_B/106_5.xyt,out/xyt/FVC2002_DB4_B/108_2.xyt
16,out/xyt/FVC2000_DB2_B/102_7.xyt,out/xyt/FVC2004_DB2_B/108_1.xyt
16,out/xyt/FVC2004_DB3_B/102_4.xyt,out/xyt/FVC2004_DB3_B/104_3.xyt
16,out/xyt/FVC2002_DB3_B/107_5.xyt,out/xyt/FVC2002_DB3_B/109_1.xyt
16,out/xyt/FVC2000_DB2_B/107_7.xyt,out/xyt/FVC2002_DB4_B/107_3.xyt
16,out/xyt/FVC2002_DB1_B/105_6.xyt,out/xyt/FVC2004_DB1_B/104_7.xyt
16,out/xyt/FVC2002_DB1_B/103_2.xyt,out/xyt/FVC2004_DB4_B/106_7.xyt
16,out/xyt/FVC2000_DB4_B/104_3.xyt,out/xyt/FVC2002_DB1_B/107_3.xyt
16,out/xyt/FVC2002_DB2_B/103_2.xyt,out/xyt/FVC2004_DB4_B/109_5.xyt
16,out/xyt/FVC2004_DB1_B/108_4.xyt,out/xyt/FVC2004_DB2_B/105_2.xyt
16,out/xyt/FVC2000_DB4_B/103_2.xyt,out/xyt/FVC2002_DB4_B/102_1.xyt
16,out/xyt/FVC2000_DB3_B/103_5.xyt,out/xyt/FVC2000_DB3_B/104_8.xyt
16,out/xyt/FVC2004_DB2_B/102_3.xyt,out/xyt/FVC2004_DB2_B/110_2.xyt
16,out/xyt/FVC2002_DB2_B/108_8.xyt,out/xyt/FVC2002_DB4_B/105_5.xyt
16,out/xyt/FVC2002_DB4_B/108_8.xyt,out/xyt/FVC2004_DB4_B/105_7.xyt
16,out/xyt/FVC2000_DB3_B/104_3.xyt,out/xyt/FVC2004_DB3_B/110_7.xyt
16,out/xyt/FVC2002_DB3_B/106_1.xyt,out/xyt/FVC2004_DB2_B/104_3.xyt
16,out/xyt/FVC2004_DB1_B/105_7.xyt,out/xyt/FVC2004_DB3_B/107_2.xyt
16,out/xyt/FVC2002_DB4_B/101_4.xyt,out/xyt/FVC2002_DB4_B/108_6.xyt
16,out/xyt/FVC2000_DB1_B/106_7.xyt,out/xyt/FVC2004_DB4_B/109_7.xyt
16,out/xyt/FVC2000_DB2_B/104_1.xyt,out/xyt/FVC2002_DB2_B/103_2.xyt
16,out/xyt/FVC2002_DB3_B/108_8.xyt,out/xyt/FVC2002_DB4_B/105_8.xyt
16,out/xyt/FVC2000_DB4_B/109_4.xyt,out/xyt/FVC2004_DB4_B/108_4.xyt
16,out/xyt/FVC2000_DB4_B/110_6.xyt,out/xyt/FVC2002_DB1_B/106_8.xyt
16,out/xyt/FVC2000_DB2_B/107_8.xyt,out/xyt/FVC2004_DB4_B/106_7.xyt
16,out/xyt/FVC2000_DB1_B/102_5.xyt,out/xyt/FVC2004_DB2_B/102_1.xyt
16,out/xyt/FVC2002_DB1_B/104_3.xyt,out/xyt/FVC2002_DB3_B/103_3.xyt
16,out/xyt/FVC2002_DB2_B/105_6.xyt,out/xyt/FVC2002_DB2_B/109_5.xyt
16,out/xyt/FVC2002_DB1_B/104_3.xyt,out/xyt/FVC2002_DB3_B/103_6.xyt
16,out/xyt/FVC2002_DB3_B/104_7.xyt,out/xyt/FVC2004_DB2_B/104_7.xyt
16,out/xyt/FVC2000_DB1_B/102_8.xyt,out/xyt/FVC2000_DB1_B/108_5.xyt
16,out/xyt/FVC2004_DB1_B/103_7.xyt,out/xyt/FVC2004_DB3_B/104_8.xyt
16,out/xyt/FVC2000_DB4_B/102_2.xyt,out/xyt/FVC2002_DB1_B/106_3.xyt
16,out/xyt/FVC2002_DB4_B/105_2.xyt,out/xyt/FVC2002_DB4_B/107_2.xyt
16,out/xyt/FVC2000_DB1_B/107_5.xyt,out/xyt/FVC2000_DB2_B/104_3.xyt
16,out/xyt/FVC2000_DB1_B/106_3.xyt,out/xyt/FVC2004_DB2_B/102_1.xyt
16,out/xyt/FVC2000_DB1_B/108_7.xyt,out/xyt/FVC2000_DB2_B/103_3.xyt
16,out/xyt/FVC2000_DB2_B/104_5.xyt,out/xyt/FVC2002_DB1_B/106_1.xyt
16,out/xyt/FVC2000_DB2_B/102_4.xyt,out/xyt/FVC2004_DB1_B/107_8.xyt
16,out/xyt/FVC2000_DB1_B/102_4.xyt,out/xyt/FVC2004_DB2_B/108_2.xyt
16,out/xyt/FVC2000_DB4_B/109_3.xyt,out/xyt/FVC2002_DB4_B/109_2.xyt
16,out/xyt/FVC2002_DB1_B/106_8.xyt,out/xyt/FVC2002_DB1_B/107_2.xyt
16,out/xyt/FVC2002_DB1_B/105_7.xyt,out/xyt/FVC2002_DB4_B/105_5.xyt
16,out/xyt/FVC2000_DB4_B/109_8.xyt,out/xyt/FVC2002_DB3_B/110_1.xyt
16,out/xyt/FVC2002_DB4_B/103_4.xyt,out/xyt/FVC2004_DB4_B/110_7.xyt
16,out/xyt/FVC2000_DB4_B/110_3.xyt,out/xyt/FVC2002_DB4_B/109_2.xyt
16,out/xyt/FVC2000_DB1_B/107_5.xyt,out/xyt/FVC2002_DB1_B/106_8.xyt
16,out/xyt/FVC2004_DB1_B/101_8.xyt,out/xyt/FVC2004_DB2_B/108_1.xyt
16,out/xyt/FVC2000_DB4_B/109_1.xyt,out/xyt/FVC2002_DB4_B/102_4.xyt
16,out/xyt/FVC2000_DB2_B/102_8.xyt,out/xyt/FVC2004_DB1_B/104_5.xyt
16,out/xyt/FVC2000_DB4_B/106_5.xyt,out/xyt/FVC2002_DB3_B/102_4.xyt
16,out/xyt/FVC2002_DB1_B/102_1.xyt,out/xyt/FVC2004_DB1_B/108_4.xyt
16,out/xyt/FVC2000_DB4_B/109_4.xyt,out/xyt/FVC2004_DB4_B/106_3.xyt
16,out/xyt/FVC2002_DB1_B/102_1.xyt,out/xyt/FVC2002_DB4_B/105_3.xyt
16,out/xyt/FVC2000_DB2_B/107_6.xyt,out/xyt/FVC2002_DB4_B/108_6.xyt
16,out/xyt/FVC2000_DB4_B/108_6.xyt,out/xyt/FVC2004_DB4_B/106_7.xyt
16,out/xyt/FVC2002_DB2_B/110_7.xyt,out/xyt/FVC2004_DB3_B/102_2.xyt
16,out/xyt/FVC2002_DB2_B/103_8.xyt,out/xyt/FVC2004_DB3_B/105_2.xyt
16,out/xyt/FVC2000_DB2_B/104_1.xyt,out/xyt/FVC2004_DB4_B/110_4.xyt
16,out/xyt/FVC2002_DB4_B/108_2.xyt,out/xyt/FVC2004_DB2_B/109_3.xyt
16,out/xyt/FVC2002_DB1_B/110_4.xyt,out/xyt/FVC2004_DB4_B/104_4.xyt
16,out/xyt/FVC2002_DB2_B/109_2.xyt,out/xyt/FVC2002_DB4_B/107_5.xyt
16,out/xyt/FVC2000_DB2_B/109_5.xyt,out/xyt/FVC2002_DB2_B/106_7.xyt
16,out/xyt/FVC2000_DB2_B/104_1.xyt,out/xyt/FVC2002_DB1_B/110_1.xyt
16,out/xyt/FVC2000_DB1_B/102_5.xyt,out/xyt/FVC2000_DB2_B/108_7.xyt
16,out/xyt/FVC2002_DB3_B/110_1.xyt,out/xyt/FVC2004_DB4_B/108_7.xyt
16,out/xyt/FVC2000_DB4_B/106_7.xyt,out/xyt/FVC2002_DB3_B/109_4.xyt
16,out/xyt/FVC2002_DB2_B/106_5.xyt,out/xyt/FVC2004_DB4_B/109_1.xyt
16,out/xyt/FVC2002_DB2_B/105_1.xyt,out/xyt/FVC2004_DB3_B/105_5.xyt
16,out/xyt/FVC2002_DB3_B/104_4.xyt,out/xyt/FVC2004_DB2_B/108_3.xyt
16,out/xyt/FVC2002_DB1_B/104_5.xyt,out/xyt/FVC2002_DB3_B/107_6.xyt
16,out/xyt/FVC2002_DB1_B/102_2.xyt,out/xyt/FVC2002_DB2_B/107_3.xyt
16,out/xyt/FVC2000_DB2_B/107_5.xyt,out/xyt/FVC2000_DB4_B/109_5.xyt
16,out/xyt/FVC2002_DB2_B/106_5.xyt,out/xyt/FVC2004_DB4_B/104_1.xyt
16,out/xyt/FVC2002_DB2_B/105_2.xyt,out/xyt/FVC2004_DB2_B/101_5.xyt
16,out/xyt/FVC2000_DB4_B/109_3.xyt,out/xyt/FVC2004_DB2_B/108_2.xyt
16,out/xyt/FVC2000_DB2_B/104_1.xyt,out/xyt/FVC2004_DB3_B/105_5.xyt
16,out/xyt/FVC2000_DB4_B/109_2.xyt,out/xyt/FVC2004_DB4_B/103_4.xyt
16,out/xyt/FVC2000_DB2_B/105_8.xyt,out/xyt/FVC2002_DB3_B/107_2.xyt
16,out/xyt/FVC2002_DB2_B/106_5.xyt,out/xyt/FVC2004_DB2_B/108_7.xyt
16,out/xyt/FVC2002_DB1_B/110_2.xyt,out/xyt/FVC2002_DB4_B/108_8.xyt
16,out/xyt/FVC2002_DB1_B/103_1.xyt,out/xyt/FVC2004_DB4_B/106_7.xyt
16,out/xyt/FVC2000_DB2_B/107_1.xyt,out/xyt/FVC2002_DB3_B/106_1.xyt
16,out/xyt/FVC2002_DB4_B/108_4.xyt,out/xyt/FVC2004_DB4_B/105_3.xyt
16,out/xyt/FVC2004_DB3_B/102_1.xyt,out/xyt/FVC2004_DB4_B/101_4.xyt
16,out/xyt/FVC2000_DB2_B/107_6.xyt,out/xyt/FVC2002_DB2_B/106_3.xyt
16,out/xyt/FVC2000_DB4_B/110_8.xyt,out/xyt/FVC2004_DB4_B/109_1.xyt
16,out/xyt/FVC2000_DB4_B/110_5.xyt,out/xyt/FVC2002_DB4_B/102_6.xyt
16,out/xyt/FVC2000_DB2_B/107_5.xyt,out/xyt/FVC2002_DB4_B/108_6.xyt
16,out/xyt/FVC2000_DB2_B/107_7.xyt,out/xyt/FVC2000_DB4_B/109_6.xyt
16,out/xyt/FVC2000_DB4_B/102_2.xyt,out/xyt/FVC2002_DB4_B/102_7.xyt
16,out/xyt/FVC2004_DB2_B/105_6.xyt,out/xyt/FVC2004_DB3_B/101_6.xyt
16,out/xyt/FVC2002_DB3_B/108_4.xyt,out/xyt/FVC2004_DB3_B/102_5.xyt
16,out/xyt/FVC2002_DB1_B/106_1.xyt,out/xyt/FVC2004_DB4_B/102_4.xyt
16,out/xyt/FVC2000_DB1_B/109_5.xyt,out/xyt/FVC2002_DB1_B/107_8.xyt
16,out/xyt/FVC2002_DB3_B/104_7.xyt,out/xyt/FVC2004_DB4_B/105_3.xyt
16,out/xyt/FVC2002_DB3_B/108_7.xyt,out/xyt/FVC2004_DB3_B/108_5.xyt
16,out/xyt/FVC2000_DB4_B/104_3.xyt,out/xyt/FVC2002_DB2_B/108_8.xyt
16,out/xyt/FVC2002_DB1_B/107_6.xyt,out/xyt/FVC2004_DB1_B/102_1.xyt
16,out/xyt/FVC2000_DB3_B/104_8.xyt,out/xyt/FVC2004_DB3_B/103_7.xyt
16,out/xyt/FVC2000_DB4_B/102_7.xyt,out/xyt/FVC2004_DB1_B/103_3.xyt
16,out/xyt/FVC2000_DB2_B/109_8.xyt,out/xyt/FVC2004_DB4_B/105_1.xyt
16,out/xyt/FVC2000_DB4_B/103_2.xyt,out/xyt/FVC2002_DB4_B/102_2.xyt
16,out/xyt/FVC2002_DB1_B/109_7.xyt,out/xyt/FVC2002_DB1_B/110_8.xyt
16,out/xyt/FVC2002_DB2_B/103_8.xyt,out/xyt/FVC2004_DB4_B/110_3.xyt
16,out/xyt/FVC2002_DB1_B/110_3.xyt,out/xyt/FVC2002_DB3_B/107_1.xyt
16,out/xyt/FVC2000_DB2_B/109_2.xyt,out/xyt/FVC2004_DB1_B/104_6.xyt
16,out/xyt/FVC2004_DB3_B/103_5.xyt,out/xyt/FVC2004_DB3_B/104_5.xyt
16,out/xyt/FVC2000_DB1_B/109_4.xyt,out/xyt/FVC2002_DB2_B/108_2.xyt
16,out/xyt/FVC2002_DB3_B/110_1.xyt,out/xyt/FVC2004_DB4_B/110_4.xyt
16,out/xyt/FVC2004_DB1_B/109_8.xyt,out/xyt/FVC2004_DB4_B/105_7.xyt
16,out/xyt/FVC2000_DB1_B/105_3.xyt,out/xyt/FVC2002_DB1_B/105_3.xyt
16,out/xyt/FVC2000_DB4_B/109_3.xyt,out/xyt/FVC2004_DB2_B/109_1.xyt
16,out/xyt/FVC2000_DB4_B/105_6.xyt,out/xyt/FVC2000_DB4_B/106_7.xyt
16,out/xyt/FVC2004_DB1_B/101_7.xyt,out/xyt/FVC2004_DB1_B/104_6.xyt
16,out/xyt/FVC2004_DB1_B/101_2.xyt,out/xyt/FVC2004_DB4_B/103_5.xyt
16,out/xyt/FVC2004_DB4_B/105_7.xyt,out/xyt/FVC2004_DB4_B/110_7.xyt
16,out/xyt/FVC2002_DB4_B/107_4.xyt,out/xyt/FVC2004_DB4_B/106_7.xyt
16,out/xyt/FVC2002_DB1_B/106_1.xyt,out/xyt/FVC2002_DB4_B/109_5.xyt
16,out/xyt/FVC2000_DB2_B/105_5.xyt,out/xyt/FVC2002_DB1_B/101_6.xyt
16,out/xyt/FVC2002_DB4_B/110_8.xyt,out/xyt/FVC2004_DB1_B/110_5.xyt
16,out/xyt/FVC2004_DB1_B/103_6.xyt,out/xyt/FVC2004_DB4_B/108_8.xyt
16,out/xyt/FVC2000_DB1_B/109_5.xyt,out/xyt/FVC2002_DB2_B/108_3.xyt
16,out/xyt/FVC2002_DB4_B/105_6.xyt,out/xyt/FVC2004_DB1_B/102_1.xyt
16,out/xyt/FVC2002_DB1_B/106_7.xyt,out/xyt/FVC2004_DB4_B/105_2.xyt
16,out/xyt/FVC2002_DB1_B/102_1.xyt,out/xyt/FVC2004_DB3_B/107_4.xyt
16,out/xyt/FVC2000_DB2_B/104_6.xyt,out/xyt/FVC2002_DB4_B/108_8.xyt
16,out/xyt/FVC2000_DB4_B/102_6.xyt,out/xyt/FVC2004_DB4_B/105_4.xyt
16,out/xyt/FVC2000_DB2_B/102_2.xyt,out/xyt/FVC2002_DB4_B/109_2.xyt
16,out/xyt/FVC2002_DB3_B/107_5.xyt,out/xyt/FVC2002_DB3_B/108_4.xyt
16,out/xyt/FVC2000_DB4_B/101_4.xyt,out/xyt/FVC2002_DB4_B/108_7.xyt
16,out/xyt/FVC2004_DB2_B/108_5.xyt,out/xyt/FVC2004_DB4_B/103_5.xyt
16,out/xyt/FVC2002_DB2_B/103_2.xyt,out/xyt/FVC2004_DB1_B/104_5.xyt
16,out/xyt/FVC2002_DB1_B/107_1.xyt,out/xyt/FVC2002_DB4_B/110_5.xyt
16,out/xyt/FVC2002_DB1_B/110_6.xyt,out/xyt/FVC2004_DB4_B/110_3.xyt
16,out/xyt/FVC2002_DB4_B/110_4.xyt,out/xyt/FVC2004_DB2_B/109_5.xyt
16,out/xyt/FVC2004_DB2_B/109_5.xyt,out/xyt/FVC2004_DB4_B/110_3.xyt
16,out/xyt/FVC2002_DB3_B/106_4.xyt,out/xyt/FVC2002_DB3_B/107_2.xyt
16,out/xyt/FVC2000_DB1_B/107_2.xyt,out/xyt/FVC2000_DB1_B/109_7.xyt
16,out/xyt/FVC2002_DB1_B/106_8.xyt,out/xyt/FVC2002_DB2_B/102_2.xyt
16,out/xyt/FVC2000_DB4_B/108_4.xyt,out/xyt/FVC2002_DB4_B/107_5.xyt
16,out/xyt/FVC2000_DB2_B/106_5.xyt,out/xyt/FVC2002_DB2_B/110_4.xyt
16,out/xyt/FVC2004_DB3_B/102_2.xyt,out/xyt/FVC2004_DB3_B/103_7.xyt
16,out/xyt/FVC2002_DB4_B/103_8.xyt,out/xyt/FVC2004_DB4_B/109_8.xyt
16,out/xyt/FVC2002_DB1_B/102_1.xyt,out/xyt/FVC2002_DB4_B/102_4.xyt
16,out/xyt/FVC2002_DB4_B/105_3.xyt,out/xyt/FVC2004_DB2_B/101_2.xyt
16,out/xyt/FVC2000_DB4_B/109_1.xyt,out/xyt/FVC2004_DB4_B/104_1.xyt
16,out/xyt/FVC2000_DB1_B/105_6.xyt,out/xyt/FVC2000_DB2_B/107_5.xyt
16,out/xyt/FVC2000_DB4_B/105_2.xyt,out/xyt/FVC2002_DB1_B/107_3.xyt
16,out/xyt/FVC2002_DB4_B/110_1.xyt,out/xyt/FVC2004_DB2_B/109_5.xyt
16,out/xyt/FVC2002_DB1_B/101_1.xyt,out/xyt/FVC2004_DB2_B/102_6.xyt
16,out/xyt/FVC2000_DB4_B/102_3.xyt,out/xyt/FVC2004_DB1_B/107_1.xyt
16,out/xyt/FVC2002_DB1_B/102_4.xyt,out/xyt/FVC2002_DB2_B/109_6.xyt
16,out/xyt/FVC2000_DB1_B/102_5.xyt,out/xyt/FVC2004_DB1_B/104_5.xyt
16,out/xyt/FVC2002_DB2_B/109_6.xyt,out/xyt/FVC2002_DB4_B/108_1.xyt
16,out/xyt/FVC2002_DB2_B/103_2.xyt,out/xyt/FVC2002_DB4_B/102_3.xyt
16,out/xyt/FVC2002_DB3_B/101_4.xyt,out/xyt/FVC2002_DB3_B/109_5.xyt
16,out/xyt/FVC2002_DB2_B/108_2.xyt,out/xyt/FVC2002_DB2_B/109_1.xyt
16,out/xyt/FVC2002_DB3_B/108_4.xyt,out/xyt/FVC2004_DB1_B/107_2.xyt
16,out/xyt/FVC2002_DB1_B/106_8.xyt,out/xyt/FVC2002_DB4_B/107_7.xyt
16,out/xyt/FVC2000_DB3_B/108_8.xyt,out/xyt/FVC2004_DB2_B/107_4.xyt
16,out/xyt/FVC2000_DB3_B/109_8.xyt,out/xyt/FVC2004_DB1_B/104_7.xyt
16,out/xyt/FVC2000_DB4_B/110_1.xyt,out/xyt/FVC2002_DB4_B/109_8.xyt
16,out/xyt/FVC2004_DB1_B/103_4.xyt,out/xyt/FVC2004_DB1_B/104_6.xyt
16,out/xyt/FVC2002_DB1_B/109_5.xyt,out/xyt/FVC2004_DB3_B/101_6.xyt
16,out/xyt/FVC2000_DB4_B/110_1.xyt,out/xyt/FVC2002_DB2_B/109_3.xyt
16,out/xyt/FVC2000_DB4_B/109_7.xyt,out/xyt/FVC2002_DB4_B/107_5.xyt
16,out/xyt/FVC2002_DB2_B/110_2.xyt,out/xyt/FVC2004_DB3_B/102_7.xyt
16,out/xyt/FVC2002_DB1_B/105_7.xyt,out/xyt/FVC2004_DB2_B/108_1.xyt
16,out/xyt/FVC2002_DB2_B/110_6.xyt,out/xyt/FVC2004_DB2_B/101_3.xyt
16,out/xyt/FVC2002_DB2_B/109_5.xyt,out/xyt/FVC2002_DB4_B/107_4.xyt
16,out/xyt/FVC2002_DB1_B/106_7.xyt,out/xyt/FVC2002_DB1_B/110_1.xyt
16,out/xyt/FVC2002_DB2_B/109_5.xyt,out/xyt/FVC2002_DB4_B/108_6.xyt
16,out/xyt/FVC2000_DB1_B/102_8.xyt,out/xyt/FVC2000_DB2_B/108_7.xyt
16,out/xyt/FVC2002_DB2_B/106_1.xyt,out/xyt/FVC2004_DB4_B/103_4.xyt
16,out/xyt/FVC2002_DB2_B/108_8.xyt,out/xyt/FVC2004_DB4_B/106_5.xyt
16,out/xyt/FVC2002_DB1_B/110_7.xyt,out/xyt/FVC2004_DB4_B/105_3.xyt
16,out/xyt/FVC2000_DB4_B/109_2.xyt,out/xyt/FVC2004_DB1_B/105_6.xyt
16,out/xyt/FVC2002_DB1_B/106_7.xyt,out/xyt/FVC2004_DB4_B/102_3.xyt
16,out/xyt/FVC2000_DB4_B/106_1.xyt,out/xyt/FVC2002_DB2_B/108_1.xyt
16,out/xyt/FVC2002_DB4_B/110_6.xyt,out/xyt/FVC2004_DB3_B/105_3.xyt
16,out/xyt/FVC2002_DB3_B/109_4.xyt,out/xyt/FVC2004_DB1_B/107_7.xyt
16,out/xyt/FVC2002_DB1_B/107_5.xyt,out/xyt/FVC2004_DB2_B/109_6.xyt
16,out/xyt/FVC2002_DB3_B/108_7.xyt,out/xyt/FVC2002_DB4_B/110_3.xyt
16,out/xyt/FVC2002_DB4_B/105_4.xyt,out/xyt/FVC2004_DB4_B/107_1.xyt
16,out/xyt/FVC2000_DB3_B/107_4.xyt,out/xyt/FVC2004_DB3_B/103_2.xyt
16,out/xyt/FVC2002_DB2_B/109_5.xyt,out/xyt/FVC2004_DB1_B/103_3.xyt
16,out/xyt/FVC2000_DB4_B/102_6.xyt,out/xyt/FVC2004_DB2_B/105_1.xyt
16,out/xyt/FVC2000_DB1_B/109_3.xyt,out/xyt/FVC2002_DB2_B/106_8.xyt
16,out/xyt/FVC2002_DB4_B/109_2.xyt,out/xyt/FVC2004_DB1_B/105_6.xyt
16,out/xyt/FVC2000_DB2_B/107_3.xyt,out/xyt/FVC2002_DB4_B/105_4.xyt
16,out/xyt/FVC2002_DB4_B/109_1.xyt,out/xyt/FVC2004_DB4_B/108_5.xyt
16,out/xyt/FVC2000_DB2_B/107_5.xyt,out/xyt/FVC2002_DB1_B/106_2.xyt
16,out/xyt/FVC2004_DB1_B/105_5.xyt,out/xyt/FVC2004_DB4_B/103_3.xyt
16,out/xyt/FVC2002_DB1_B/107_3.xyt,out/xyt/FVC2004_DB4_B/105_7.xyt
16,out/xyt/FVC2000_DB3_B/101_8.xyt,out/xyt/FVC2000_DB3_B/104_3.xyt
16,out/xyt/FVC2002_DB2_B/102_7.xyt,out/xyt/FVC2002_DB2_B/106_3.xyt
16,out/xyt/FVC2000_DB4_B/102_1.xyt,out/xyt/FVC2000_DB4_B/103_8.xyt
16,out/xyt/FVC2004_DB1_B/104_8.xyt,out/xyt/FVC2004_DB3_B/107_3.xyt
16,out/xyt/FVC2000_DB1_B/109_3.xyt,out/xyt/FVC2000_DB2_B/104_3.xyt
16,out/xyt/FVC2000_DB4_B/102_2.xyt,out/xyt/FVC2004_DB4_B/102_4.xyt
16,out/xyt/FVC2002_DB1_B/107_2.xyt,out/xyt/FVC2004_DB1_B/102_1.xyt
16,out/xyt/FVC2000_DB1_B/104_8.xyt,out/xyt/FVC2002_DB2_B/106_1.xyt
16,out/xyt/FVC2000_DB1_B/105_1.xyt,out/xyt/FVC2000_DB2_B/107_6.xyt
16,out/xyt/FVC2000_DB1_B/106_7.xyt,out/xyt/FVC2000_DB4_B/110_5.xyt
16,out/xyt/FVC2000_DB1_B/107_4.xyt,out/xyt/FVC2004_DB2_B/104_1.xyt
16,out/xyt/FVC2000_DB4_B/102_8.xyt,out/xyt/FVC2002_DB1_B/102_1.xyt
16,out/xyt/FVC2000_DB1_B/109_7.xyt,out/xyt/FVC2004_DB2_B/104_1.xyt
16,out/xyt/FVC2000_DB1_B/109_3.xyt,out/xyt/FVC2000_DB4_B/102_2.xyt
16,out/xyt/FVC2002_DB3_B/103_6.xyt,out/xyt/FVC2002_DB4_B/108_2.xyt
16,out/xyt/FVC2002_DB4_B/101_7.xyt,out/xyt/FVC2002_DB4_B/106_5.xyt
16,out/xyt/FVC2002_DB1_B/107_8.xyt,out/xyt/FVC2002_DB2_B/106_3.xyt
16,out/xyt/FVC2000_DB2_B/109_2.xyt,out/xyt/FVC2000_DB3_B/110_8.xyt
16,out/xyt/FVC2004_DB2_B/110_2.xyt,out/xyt/FVC2004_DB4_B/108_4.xyt
16,out/xyt/FVC2002_DB4_B/102_7.xyt,out/xyt/FVC2002_DB4_B/105_4.xyt
16,out/xyt/FVC2000_DB2_B/104_2.xyt,out/xyt/FVC2004_DB4_B/106_4.xyt
16,out/xyt/FVC2000_DB1_B/102_4.xyt,out/xyt/FVC2004_DB4_B/105_3.xyt
16,out/xyt/FVC2000_DB1_B/104_8.xyt,out/xyt/FVC2002_DB2_B/105_1.xyt
16,out/xyt/FVC2002_DB2_B/109_2.xyt,out/xyt/FVC2004_DB1_B/108_6.xyt
16,out/xyt/FVC2000_DB4_B/110_3.xyt,out/xyt/FVC2004_DB4_B/104_3.xyt
16,out/xyt/FVC2002_DB1_B/101_3.xyt,out/xyt/FVC2002_DB4_B/105_6.xyt
16,out/xyt/FVC2000_DB2_B/102_6.xyt,out/xyt/FVC2004_DB1_B/104_3.xyt
16,out/xyt/FVC2000_DB4_B/109_8.xyt,out/xyt/FVC2002_DB4_B/108_2.xyt
16,out/xyt/FVC2000_DB4_B/103_6.xyt,out/xyt/FVC2002_DB4_B/101_4.xyt
16,out/xyt/FVC2000_DB1_B/108_5.xyt,out/xyt/FVC2002_DB2_B/110_6.xyt
16,out/xyt/FVC2002_DB1_B/107_3.xyt,out/xyt/FVC2004_DB1_B/102_5.xyt
16,out/xyt/FVC2000_DB1_B/102_7.xyt,out/xyt/FVC2000_DB2_B/103_6.xyt
16,out/xyt/FVC2000_DB4_B/108_1.xyt,out/xyt/FVC2002_DB4_B/107_5.xyt
16,out/xyt/FVC2002_DB3_B/101_4.xyt,out/xyt/FVC2004_DB1_B/108_5.xyt
16,out/xyt/FVC2002_DB3_B/107_2.xyt,out/xyt/FVC2004_DB1_B/102_5.xyt
16,out/xyt/FVC2002_DB2_B/106_5.xyt,out/xyt/FVC2004_DB4_B/110_4.xyt
16,out/xyt/FVC2002_DB1_B/105_1.xyt,out/xyt/FVC2002_DB3_B/110_1.xyt
16,out/xyt/FVC2002_DB3_B/104_7.xyt,out/xyt/FVC2002_DB3_B/109_7.xyt
16,out/xyt/FVC2000_DB1_B/106_3.xyt,out/xyt/FVC2004_DB2_B/104_6.xyt
16,out/xyt/FVC2000_DB2_B/110_7.xyt,out/xyt/FVC2000_DB4_B/102_2.xyt
16,out/xyt/FVC2004_DB2_B/104_1.xyt,out/xyt/FVC2004_DB4_B/106_3.xyt
16,out/xyt/FVC2002_DB1_B/102_7.xyt,out/xyt/FVC2002_DB1_B/106_6.xyt
16,out/xyt/FVC2000_DB2_B/107_4.xyt,out/xyt/FVC2002_DB4_B/110_5.xyt
16,out/xyt/FVC2002_DB1_B/106_5.xyt,out/xyt/FVC2004_DB1_B/102_1.xyt
16,out/xyt/FVC2002_DB2_B/105_2.xyt,out/xyt/FVC2002_DB4_B/102_3.xyt
16,out/xyt/FVC2002_DB4_B/109_5.xyt,out/xyt/FVC2004_DB2_B/102_1.xyt
16,out/xyt/FVC2000_DB4_B/101_3.xyt,out/xyt/FVC2004_DB4_B/105_8.xyt
16,out/xyt/FVC2002_DB2_B/103_5.xyt,out/xyt/FVC2004_DB1_B/104_7.xyt
16,out/xyt/FVC2002_DB4_B/101_3.xyt,out/xyt/FVC2002_DB4_B/102_2.xyt
16,out/xyt/FVC2002_DB3_B/102_4.xyt,out/xyt/FVC2002_DB3_B/108_7.xyt
16,out/xyt/FVC2000_DB3_B/110_2.xyt,out/xyt/FVC2004_DB2_B/103_8.xyt
16,out/xyt/FVC2002_DB1_B/110_4.xyt,out/xyt/FVC2002_DB2_B/108_6.xyt
16,out/xyt/FVC2002_DB4_B/103_8.xyt,out/xyt/FVC2004_DB1_B/103_6.xyt
16,out/xyt/FVC2002_DB1_B/106_7.xyt,out/xyt/FVC2002_DB4_B/109_2.xyt
16,out/xyt/FVC2004_DB1_B/101_7.xyt,out/xyt/FVC2004_DB2_B/109_6.xyt
16,out/xyt/FVC2004_DB1_B/103_4.xyt,out/xyt/FVC2004_DB2_B/108_2.xyt
16,out/xyt/FVC2002_DB1_B/102_2.xyt,out/xyt/FVC2002_DB4_B/109_2.xyt
16,out/xyt/FVC2002_DB1_B/104_5.xyt,out/xyt/FVC2002_DB3_B/106_1.xyt
16,out/xyt/FVC2002_DB1_B/110_4.xyt,out/xyt/FVC2002_DB2_B/106_3.xyt
16,out/xyt/FVC2000_DB2_B/107_8.xyt,out/xyt/FVC2004_DB2_B/105_6.xyt
16,out/xyt/FVC2004_DB2_B/109_1.xyt,out/xyt/FVC2004_DB4_B/110_7.xyt
16,out/xyt/FVC2000_DB1_B/109_4.xyt,out/xyt/FVC2002_DB1_B/102_4.xyt
16,out/xyt/FVC2000_DB1_B/102_5.xyt,out/xyt/FVC2000_DB1_B/106_6.xyt
16,out/xyt/FVC2000_DB2_B/109_3.xyt,out/xyt/FVC2004_DB2_B/109_1.xyt
16,out/xyt/FVC2002_DB1_B/101_7.xyt,out/xyt/FVC2002_DB3_B/106_3.xyt
16,out/xyt/FVC2002_DB2_B/101_5.xyt,out/xyt/FVC2002_DB2_B/109_7.xyt
16,out/xyt/FVC2000_DB4_B/102_5.xyt,out/xyt/FVC2000_DB4_B/109_2.xyt
16,out/xyt/FVC2002_DB2_B/109_5.xyt,out/xyt/FVC2002_DB4_B/108_5.xyt
16,out/xyt/FVC2002_DB2_B/103_2.xyt,out/xyt/FVC2004_DB3_B/105_7.xyt
16,out/xyt/FVC2000_DB4_B/109_2.xyt,out/xyt/FVC2002_DB4_B/109_1.xyt
16,out/xyt/FVC2000_DB4_B/102_8.xyt,out/xyt/FVC2002_DB4_B/103_3.xyt
16,out/xyt/FVC2002_DB2_B/106_4.xyt,out/xyt/FVC2004_DB1_B/101_5.xyt
16,out/xyt/FVC2002_DB2_B/110_3.xyt,out/xyt/FVC2004_DB3_B/102_4.xyt
16,out/xyt/FVC2000_DB2_B/104_6.xyt,out/xyt/FVC2000_DB2_B/105_8.xyt
16,out/xyt/FVC2002_DB2_B/107_2.xyt,out/xyt/FVC2004_DB1_B/108_4.xyt
16,out/xyt/FVC2002_DB1_B/106_3.xyt,out/xyt/FVC2004_DB2_B/102_1.xyt
16,out/xyt/FVC2002_DB3_B/105_3.xyt,out/xyt/FVC2002_DB3_B/109_2.xyt
16,out/xyt/FVC2002_DB1_B/105_6.xyt,out/xyt/FVC2002_DB4_B/101_4.xyt
16,out/xyt/FVC2000_DB2_B/103_3.xyt,out/xyt/FVC2004_DB2_B/103_1.xyt
16,out/xyt/FVC2002_DB2_B/102_1.xyt,out/xyt/FVC2004_DB4_B/106_7.xyt
16,out/xyt/FVC2004_DB1_B/103_4.xyt,out/xyt/FVC2004_DB2_B/108_3.xyt
16,out/xyt/FVC2000_DB1_B/105_3.xyt,out/xyt/FVC2002_DB2_B/103_4.xyt
16,out/xyt/FVC2004_DB1_B/107_5.xyt,out/xyt/FVC2004_DB4_B/108_5.xyt
16,out/xyt/FVC2000_DB4_B/102_3.xyt,out/xyt/FVC2002_DB2_B/103_7.xyt
16,out/xyt/FVC2000_DB2_B/104_5.xyt,out/xyt/FVC2000_DB2_B/107_7.xyt
16,out/xyt/FVC2000_DB4_B/110_1.xyt,out/xyt/FVC2004_DB4_B/105_8.xyt
16,out/xyt/FVC2000_DB3_B/110_2.xyt,out/xyt/FVC2004_DB2_B/107_1.xyt
16,out/xyt/FVC2002_DB1_B/104_4.xyt,out/xyt/FVC2004_DB2_B/108_3.xyt
16,out/xyt/FVC2004_DB1_B/104_6.xyt,out/xyt/FVC2004_DB2_B/104_1.xyt
16,out/xyt/FVC2000_DB2_B/107_3.xyt,out/xyt/FVC2004_DB4_B/108_1.xyt
16,out/xyt/FVC2000_DB2_B/102_7.xyt,out/xyt/FVC2004_DB2_B/108_2.xyt
16,out/xyt/FVC2002_DB1_B/107_2.xyt,out/xyt/FVC2002_DB1_B/110_3.xyt
16,out/xyt/FVC2002_DB2_B/101_8.xyt,out/xyt/FVC2002_DB4_B/103_5.xyt
16,out/xyt/FVC2004_DB2_B/101_3.xyt,out/xyt/FVC2004_DB2_B/105_6.xyt
16,out/xyt/FVC2002_DB2_B/108_2.xyt,out/xyt/FVC2004_DB3_B/105_6.xyt
16,out/xyt/FVC2002_DB4_B/101_4.xyt,out/xyt/FVC2002_DB4_B/105_3.xyt
16,out/xyt/FVC2004_DB2_B/103_7.xyt,out/xyt/FVC2004_DB2_B/104_2.xyt
16,out/xyt/FVC2000_DB2_B/104_1.xyt,out/xyt/FVC2004_DB1_B/101_6.xyt
16,out/xyt/FVC2000_DB4_B/110_8.xyt,out/xyt/FVC2004_DB3_B/105_4.xyt
16,out/xyt/FVC2000_DB4_B/109_5.xyt,out/xyt/FVC2002_DB1_B/107_3.xyt
16,out/xyt/FVC2000_DB2_B/108_6.xyt,out/xyt/FVC2000_DB4_B/109_2.xyt
16,out/xyt/FVC2004_DB1_B/108_5.xyt,out/xyt/FVC2004_DB2_B/104_1.xyt
16,out/xyt/FVC2002_DB3_B/109_7.xyt,out/xyt/FVC2002_DB4_B/107_2.xyt
16,out/xyt/FVC2002_DB4_B/101_4.xyt,out/xyt/FVC2002_DB4_B/102_3.xyt
16,out/xyt/FVC2002_DB4_B/107_2.xyt,out/xyt/FVC2004_DB3_B/105_2.xyt
16,out/xyt/FVC2002_DB4_B/103_2.xyt,out/xyt/FVC2002_DB4_B/105_3.xyt
16,out/xyt/FVC2002_DB1_B/105_6.xyt,out/xyt/FVC2002_DB4_B/103_5.xyt
16,out/xyt/FVC2000_DB2_B/104_1.xyt,out/xyt/FVC2002_DB2_B/106_7.xyt
16,out/xyt/FVC2000_DB2_B/104_6.xyt,out/xyt/FVC2002_DB1_B/106_1.xyt
16,out/xyt/FVC2002_DB4_B/102_5.xyt,out/xyt/FVC2004_DB3_B/105_1.xyt
16,out/xyt/FVC2002_DB1_B/107_7.xyt,out/xyt/FVC2002_DB2_B/105_7.xyt
16,out/xyt/FVC2002_DB4_B/110_6.xyt,out/xyt/FVC2004_DB4_B/107_4.xyt
16,out/xyt/FVC2002_DB2_B/105_1.xyt,out/xyt/FVC2002_DB2_B/108_2.xyt
16,out/xyt/FVC2002_DB1_B/110_4.xyt,out/xyt/FVC2002_DB4_B/105_6.xyt
16,out/xyt/FVC2000_DB4_B/103_5.xyt,out/xyt/FVC2002_DB2_B/108_8.xyt
16,out/xyt/FVC2002_DB4_B/101_7.xyt,out/xyt/FVC2004_DB4_B/105_8.xyt
16,out/xyt/FVC2002_DB1_B/102_6.xyt,out/xyt/FVC2004_DB2_B/108_7.xyt
16,out/xyt/FVC2002_DB1_B/106_3.xyt,out/xyt/FVC2002_DB2_B/103_7.xyt
16,out/xyt/FVC2000_DB2_B/102_6.xyt,out/xyt/FVC2000_DB2_B/107_2.xyt
16,out/xyt/FVC2000_DB2_B/107_7.xyt,out/xyt/FVC2002_DB2_B/102_7.xyt
16,out/xyt/FVC2004_DB4_B/106_7.xyt,out/xyt/FVC2004_DB4_B/109_1.xyt
16,out/xyt/FVC2004_DB1_B/101_2.xyt,out/xyt/FVC2004_DB4_B/102_4.xyt
16,out/xyt/FVC2002_DB2_B/106_2.xyt,out/xyt/FVC2004_DB1_B/103_6.xyt
16,out/xyt/FVC2002_DB3_B/109_3.xyt,out/xyt/FVC2004_DB2_B/104_4.xyt
16,out/xyt/FVC2002_DB4_B/102_4.xyt,out/xyt/FVC2004_DB2_B/104_1.xyt
16,out/xyt/FVC2000_DB4_B/101_8.xyt,out/xyt/FVC2002_DB3_B/109_7.xyt
16,out/xyt/FVC2000_DB3_B/107_4.xyt,out/xyt/FVC2004_DB3_B/102_5.xyt
16,out/xyt/FVC2000_DB2_B/104_8.xyt,out/xyt/FVC2004_DB1_B/102_7.xyt
16,out/xyt/FVC2002_DB1_B/105_3.xyt,out/xyt/FVC2002_DB2_B/108_3.xyt
16,out/xyt/FVC2002_DB3_B/106_3.xyt,out/xyt/FVC2004_DB1_B/104_5.xyt
16,out/xyt/FVC2000_DB1_B/102_4.xyt,out/xyt/FVC2004_DB1_B/104_2.xyt
16,out/xyt/FVC2000_DB4_B/103_8.xyt,out/xyt/FVC2002_DB4_B/103_5.xyt
16,out/xyt/FVC2002_DB4_B/108_4.xyt,out/xyt/FVC2004_DB1_B/105_6.xyt
16,out/xyt/FVC2004_DB1_B/103_1.xyt,out/xyt/FVC2004_DB1_B/108_5.xyt
16,out/xyt/FVC2002_DB2_B/101_7.xyt,out/xyt/FVC2002_DB2_B/104_3.xyt
16,out/xyt/FVC2004_DB1_B/102_5.xyt,out/xyt/FVC2004_DB2_B/102_1.xyt
16,out/xyt/FVC2000_DB2_B/105_8.xyt,out/xyt/FVC2002_DB3_B/108_6.xyt
16,out/xyt/FVC2002_DB1_B/102_7.xyt,out/xyt/FVC2004_DB1_B/104_6.xyt
16,out/xyt/FVC2000_DB4_B/106_8.xyt,out/xyt/FVC2002_DB2_B/108_7.xyt
16,out/xyt/FVC2000_DB4_B/108_6.xyt,out/xyt/FVC2004_DB4_B/106_5.xyt
16,out/xyt/FVC2000_DB4_B/102_8.xyt,out/xyt/FVC2004_DB3_B/107_1.xyt
16,out/xyt/FVC2002_DB1_B/102_2.xyt,out/xyt/FVC2002_DB1_B/110_1.xyt
16,out/xyt/FVC2000_DB4_B/102_5.xyt,out/xyt/FVC2002_DB4_B/105_4.xyt
16,out/xyt/FVC2004_DB2_B/108_7.xyt,out/xyt/FVC2004_DB4_B/103_4.xyt
16,out/xyt/FVC2004_DB1_B/101_8.xyt,out/xyt/FVC2004_DB1_B/102_4.xyt
16,out/xyt/FVC2002_DB4_B/103_8.xyt,out/xyt/FVC2004_DB4_B/103_1.xyt
16,out/xyt/FVC2000_DB2_B/107_5.xyt,out/xyt/FVC2004_DB2_B/104_6.xyt
16,out/xyt/FVC2002_DB4_B/103_8.xyt,out/xyt/FVC2004_DB4_B/102_8.xyt
16,out/xyt/FVC2000_DB1_B/105_1.xyt,out/xyt/FVC2000_DB2_B/103_5.xyt
16,out/xyt/FVC2000_DB1_B/106_7.xyt,out/xyt/FVC2002_DB4_B/109_2.xyt
16,out/xyt/FVC2002_DB1_B/102_4.xyt,out/xyt/FVC2004_DB1_B/106_2.xyt
16,out/xyt/FVC2000_DB4_B/110_1.xyt,out/xyt/FVC2002_DB4_B/102_5.xyt
16,out/xyt/FVC2000_DB1_B/102_4.xyt,out/xyt/FVC2002_DB4_B/101_4.xyt
16,out/xyt/FVC2004_DB2_B/103_3.xyt,out/xyt/FVC2004_DB2_B/104_5.xyt
16,out/xyt/FVC2000_DB3_B/105_4.xyt,out/xyt/FVC2002_DB3_B/110_3.xyt
16,out/xyt/FVC2000_DB1_B/106_3.xyt,out/xyt/FVC2002_DB1_B/109_7.xyt
16,out/xyt/FVC2002_DB4_B/105_6.xyt,out/xyt/FVC2004_DB2_B/101_5.xyt
16,out/xyt/FVC2002_DB4_B/102_3.xyt,out/xyt/FVC2002_DB4_B/108_6.xyt
16,out/xyt/FVC2002_DB1_B/102_6.xyt,out/xyt/FVC2002_DB2_B/106_1.xyt
16,out/xyt/FVC2002_DB4_B/102_5.xyt,out/xyt/FVC2002_DB4_B/103_4.xyt
16,out/xyt/FVC2004_DB4_B/104_6.xyt,out/xyt/FVC2004_DB4_B/110_5.xyt
16,out/xyt/FVC2002_DB4_B/101_1.xyt,out/xyt/FVC2004_DB4_B/105_7.xyt
16,out/xyt/FVC2000_DB3_B/105_4.xyt,out/xyt/FVC2000_DB4_B/109_7.xyt
16,out/xyt/FVC2002_DB2_B/103_1.xyt,out/xyt/FVC2004_DB4_B/108_8.xyt
16,out/xyt/FVC2002_DB3_B/109_4.xyt,out/xyt/FVC2004_DB1_B/103_8.xyt
16,out/xyt/FVC2002_DB4_B/101_4.xyt,out/xyt/FVC2002_DB4_B/105_5.xyt
16,out/xyt/FVC2000_DB4_B/101_3.xyt,out/xyt/FVC2002_DB3_B/109_1.xyt
16,out/xyt/FVC2000_DB3_B/105_7.xyt,out/xyt/FVC2000_DB3_B/107_4.xyt
16,out/xyt/FVC2000_DB2_B/106_8.xyt,out/xyt/FVC2002_DB4_B/107_5.xyt
16,out/xyt/FVC2002_DB2_B/104_7.xyt,out/xyt/FVC2002_DB3_B/102_6.xyt
16,out/xyt/FVC2002_DB1_B/107_1.xyt,out/xyt/FVC2002_DB2_B/108_2.xyt
16,out/xyt/FVC2002_DB4_B/102_1.xyt,out/xyt/FVC2002_DB4_B/105_4.xyt
16,out/xyt/FVC2002_DB2_B/107_4.xyt,out/xyt/FVC2004_DB1_B/103_6.xyt
16,out/xyt/FVC2000_DB4_B/110_8.xyt,out/xyt/FVC2002_DB1_B/102_2.xyt
16,out/xyt/FVC2004_DB4_B/103_4.xyt,out/xyt/FVC2004_DB4_B/110_6.xyt
16,out/xyt/FVC2000_DB4_B/102_1.xyt,out/xyt/FVC2000_DB4_B/103_6.xyt
16,out/xyt/FVC2004_DB1_B/104_1.xyt,out/xyt/FVC2004_DB2_B/106_3.xyt
16,out/xyt/FVC2000_DB2_B/109_3.xyt,out/xyt/FVC2002_DB1_B/106_3.xyt
16,out/xyt/FVC2002_DB1_B/101_6.xyt,out/xyt/FVC2002_DB3_B/102_4.xyt
16,out/xyt/FVC2002_DB2_B/104_2.xyt,out/xyt/FVC2002_DB3_B/108_7.xyt
16,out/xyt/FVC2002_DB2_B/109_5.xyt,out/xyt/FVC2002_DB4_B/101_4.xyt
16,out/xyt/FVC2004_DB1_B/101_5.xyt,out/xyt/FVC2004_DB1_B/104_7.xyt
16,out/xyt/FVC2002_DB4_B/101_1.xyt,out/xyt/FVC2002_DB4_B/103_3.xyt
16,out/xyt/FVC2000_DB2_B/107_7.xyt,out/xyt/FVC2004_DB4_B/104_2.xyt
16,out/xyt/FVC2004_DB1_B/101_8.xyt,out/xyt/FVC2004_DB2_B/108_4.xyt
16,out/xyt/FVC2002_DB2_B/109_5.xyt,out/xyt/FVC2002_DB4_B/110_4.xyt
16,out/xyt/FVC2002_DB1_B/109_4.xyt,out/xyt/FVC2004_DB2_B/105_6.xyt
16,out/xyt/FVC2000_DB4_B/110_3.xyt,out/xyt/FVC2002_DB3_B/108_8.xyt
16,out/xyt/FVC2002_DB2_B/103_5.xyt,out/xyt/FVC2004_DB3_B/105_8.xyt
16,out/xyt/FVC2002_DB1_B/102_2.xyt,out/xyt/FVC2004_DB2_B/104_3.xyt
16,out/xyt/FVC2000_DB4_B/110_8.xyt,out/xyt/FVC2002_DB4_B/109_4.xyt
16,out/xyt/FVC2000_DB4_B/102_1.xyt,out/xyt/FVC2002_DB2_B/108_1.xyt
16,out/xyt/FVC2002_DB2_B/102_7.xyt,out/xyt/FVC2004_DB4_B/110_3.xyt
16,out/xyt/FVC2000_DB2_B/105_4.xyt,out/xyt/FVC2004_DB4_B/106_4.xyt
16,out/xyt/FVC2004_DB1_B/108_4.xyt,out/xyt/FVC2004_DB3_B/106_2.xyt
16,out/xyt/FVC2002_DB1_B/105_1.xyt,out/xyt/FVC2002_DB2_B/109_5.xyt
16,out/xyt/FVC2000_DB4_B/101_3.xyt,out/xyt/FVC2002_DB4_B/105_3.xyt
16,out/xyt/FVC2000_DB4_B/102_6.xyt,out/xyt/FVC2002_DB4_B/102_6.xyt
16,out/xyt/FVC2000_DB1_B/105_1.xyt,out/xyt/FVC2000_DB1_B/106_2.xyt
16,out/xyt/FVC2002_DB3_B/109_7.xyt,out/xyt/FVC2004_DB2_B/103_7.xyt
16,out/xyt/FVC2000_DB4_B/105_7.xyt,out/xyt/FVC2002_DB1_B/107_4.xyt
16,out/xyt/FVC2002_DB3_B/109_2.xyt,out/xyt/FVC2004_DB1_B/107_5.xyt
16,out/xyt/FVC2000_DB4_B/110_8.xyt,out/xyt/FVC2004_DB1_B/110_3.xyt
16,out/xyt/FVC2004_DB1_B/102_8.xyt,out/xyt/FVC2004_DB4_B/104_1.xyt
16,out/xyt/FVC2002_DB2_B/106_5.xyt,out/xyt/FVC2004_DB4_B/110_7.xyt
16,out/xyt/FVC2000_DB3_B/105_4.xyt,out/xyt/FVC2000_DB3_B/107_4.xyt
16,out/xyt/FVC2000_DB1_B/102_4.xyt,out/xyt/FVC2004_DB4_B/106_5.xyt
16,out/xyt/FVC2002_DB4_B/102_2.xyt,out/xyt/FVC2002_DB4_B/106_4.xyt
16,out/xyt/FVC2002_DB1_B/106_2.xyt,out/xyt/FVC2002_DB4_B/108_3.xyt
16,out/xyt/FVC2000_DB4_B/103_5.xyt,out/xyt/FVC2004_DB3_B/106_2.xyt
16,out/xyt/FVC2000_DB2_B/107_7.xyt,out/xyt/FVC2002_DB2_B/102_2.xyt
16,out/xyt/FVC2000_DB1_B/109_7.xyt,out/xyt/FVC2002_DB4_B/103_4.xyt
16,out/xyt/FVC2000_DB2_B/106_1.xyt,out/xyt/FVC2004_DB2_B/105_6.xyt
16,out/xyt/FVC2002_DB1_B/105_1.xyt,out/xyt/FVC2002_DB4_B/103_1.xyt
16,out/xyt/FVC2000_DB2_B/108_6.xyt,out/xyt/FVC2002_DB2_B/101_7.xyt
16,out/xyt/FVC2000_DB2_B/102_4.xyt,out/xyt/FVC2004_DB1_B/108_4.xyt
16,out/xyt/FVC2002_DB3_B/109_1.xyt,out/xyt/FVC2004_DB1_B/101_4.xyt
16,out/xyt/FVC2000_DB1_B/102_5.xyt,out/xyt/FVC2002_DB1_B/102_4.xyt
16,out/xyt/FVC2004_DB2_B/101_1.xyt,out/xyt/FVC2004_DB2_B/109_5.xyt
16,out/xyt/FVC2000_DB3_B/104_3.xyt,out/xyt/FVC2004_DB3_B/101_8.xyt
16,out/xyt/FVC2000_DB4_B/109_5.xyt,out/xyt/FVC2004_DB4_B/108_8.xyt
16,out/xyt/FVC2000_DB1_B/109_3.xyt,out/xyt/FVC2002_DB2_B/103_7.xyt
16,out/xyt/FVC2000_DB3_B/104_3.xyt,out/xyt/FVC2000_DB4_B/102_1.xyt
16,out/xyt/FVC2000_DB4_B/104_2.xyt,out/xyt/FVC2002_DB4_B/105_6.xyt
16,out/xyt/FVC2002_DB4_B/102_2.xyt,out/xyt/FVC2004_DB4_B/105_5.xyt
16,out/xyt/FVC2004_DB3_B/103_1.xyt,out/xyt/FVC2004_DB3_B/106_6.xyt
16,out/xyt/FVC2002_DB4_B/109_4.xyt,out/xyt/FVC2004_DB3_B/106_1.xyt
16,out/xyt/FVC2004_DB4_B/104_7.xyt,out/xyt/FVC2004_DB4_B/106_4.xyt
16,out/xyt/FVC2000_DB4_B/103_1.xyt,out/xyt/FVC2004_DB3_B/105_5.xyt
16,out/xyt/FVC2002_DB1_B/106_5.xyt,out/xyt/FVC2002_DB2_B/105_3.xyt
16,out/xyt/FVC2002_DB2_B/103_5.xyt,out/xyt/FVC2004_DB4_B/102_6.xyt
16,out/xyt/FVC2004_DB1_B/108_3.xyt,out/xyt/FVC2004_DB2_B/104_7.xyt
16,out/xyt/FVC2004_DB3_B/104_3.xyt,out/xyt/FVC2004_DB3_B/108_7.xyt
16,out/xyt/FVC2000_DB1_B/105_1.xyt,out/xyt/FVC2002_DB4_B/110_5.xyt
16,out/xyt/FVC2002_DB2_B/101_6.xyt,out/xyt/FVC2004_DB1_B/104_1.xyt
16,out/xyt/FVC2002_DB1_B/106_6.xyt,out/xyt/FVC2002_DB2_B/108_1.xyt
16,out/xyt/FVC2002_DB4_B/105_6.xyt,out/xyt/FVC2004_DB2_B/104_3.xyt
16,out/xyt/FVC2000_DB2_B/104_2.xyt,out/xyt/FVC2000_DB2_B/105_4.xyt
16,out/xyt/FVC2002_DB2_B/104_4.xyt,out/xyt/FVC2004_DB1_B/109_4.xyt
16,out/xyt/FVC2002_DB1_B/109_7.xyt,out/xyt/FVC2004_DB2_B/110_2.xyt
16,out/xyt/FVC2000_DB1_B/105_6.xyt,out/xyt/FVC2002_DB1_B/107_4.xyt
16,out/xyt/FVC2000_DB3_B/104_8.xyt,out/xyt/FVC2004_DB2_B/107_2.xyt
16,out/xyt/FVC2000_DB1_B/105_1.xyt,out/xyt/FVC2002_DB2_B/106_2.xyt
16,out/xyt/FVC2000_DB4_B/103_5.xyt,out/xyt/FVC2002_DB2_B/108_1.xyt
16,out/xyt/FVC2002_DB4_B/110_1.xyt,out/xyt/FVC2004_DB4_B/110_8.xyt
16,out/xyt/FVC2002_DB4_B/103_3.xyt,out/xyt/FVC2004_DB4_B/108_8.xyt
16,out/xyt/FVC2000_DB1_B/109_3.xyt,out/xyt/FVC2002_DB4_B/102_5.xyt
16,out/xyt/FVC2004_DB1_B/103_4.xyt,out/xyt/FVC2004_DB2_B/108_5.xyt
16,out/xyt/FVC2002_DB1_B/106_8.xyt,out/xyt/FVC2002_DB2_B/101_7.xyt
16,out/xyt/FVC2000_DB4_B/109_5.xyt,out/xyt/FVC2002_DB1_B/103_2.xyt
16,out/xyt/FVC2002_DB1_B/102_1.xyt,out/xyt/FVC2004_DB1_B/103_7.xyt
16,out/xyt/FVC2000_DB1_B/109_5.xyt,out/xyt/FVC2002_DB4_B/105_1.xyt
16,out/xyt/FVC2000_DB2_B/110_2.xyt,out/xyt/FVC2002_DB3_B/104_1.xyt
16,out/xyt/FVC2000_DB1_B/107_8.xyt,out/xyt/FVC2002_DB3_B/105_4.xyt
16,out/xyt/FVC2002_DB2_B/105_2.xyt,out/xyt/FVC2004_DB4_B/109_8.xyt
16,out/xyt/FVC2000_DB1_B/105_2.xyt,out/xyt/FVC2000_DB1_B/109_8.xyt
16,out/xyt/FVC2000_DB2_B/105_3.xyt,out/xyt/FVC2004_DB4_B/106_8.xyt
16,out/xyt/FVC2002_DB1_B/102_1.xyt,out/xyt/FVC2002_DB4_B/107_5.xyt
16,out/xyt/FVC2002_DB3_B/107_2.xyt,out/xyt/FVC2002_DB4_B/107_4.xyt
16,out/xyt/FVC2000_DB1_B/108_2.xyt,out/xyt/FVC2002_DB1_B/107_2.xyt
16,out/xyt/FVC2000_DB2_B/104_2.xyt,out/xyt/FVC2000_DB2_B/107_3.xyt
16,out/xyt/FVC2002_DB1_B/102_7.xyt,out/xyt/FVC2004_DB1_B/103_1.xyt
16,out/xyt/FVC2000_DB1_B/109_5.xyt,out/xyt/FVC2002_DB2_B/102_8.xyt
16,out/xyt/FVC2000_DB2_B/105_8.xyt,out/xyt/FVC2002_DB1_B/106_3.xyt
16,out/xyt/FVC2000_DB4_B/109_2.xyt,out/xyt/FVC2002_DB3_B/109_2.xyt
16,out/xyt/FVC2000_DB2_B/104_2.xyt,out/xyt/FVC2002_DB4_B/108_8.xyt
16,out/xyt/FVC2000_DB4_B/110_6.xyt,out/xyt/FVC2002_DB3_B/109_1.xyt
16,out/xyt/FVC2002_DB2_B/106_1.xyt,out/xyt/FVC2004_DB3_B/105_3.xyt
16,out/xyt/FVC2000_DB4_B/102_4.xyt,out/xyt/FVC2002_DB4_B/110_6.xyt
16,out/xyt/FVC2000_DB3_B/110_6.xyt,out/xyt/FVC2004_DB4_B/104_1.xyt
16,out/xyt/FVC2002_DB1_B/105_2.xyt,out/xyt/FVC2002_DB4_B/103_7.xyt
16,out/xyt/FVC2000_DB2_B/107_4.xyt,out/xyt/FVC2002_DB1_B/109_4.xyt
16,out/xyt/FVC2002_DB3_B/107_6.xyt,out/xyt/FVC2004_DB1_B/109_3.xyt
16,out/xyt/FVC2002_DB1_B/102_4.xyt,out/xyt/FVC2004_DB2_B/104_1.xyt
16,out/xyt/FVC2002_DB1_B/110_1.xyt,out/xyt/FVC2002_DB4_B/108_8.xyt
16,out/xyt/FVC2002_DB1_B/109_4.xyt,out/xyt/FVC2002_DB3_B/109_7.xyt
16,out/xyt/FVC2000_DB2_B/109_6.xyt,out/xyt/FVC2000_DB3_B/104_3.xyt
16,out/xyt/FVC2002_DB4_B/107_1.xyt,out/xyt/FVC2004_DB4_B/106_4.xyt
16,out/xyt/FVC2002_DB2_B/110_6.xyt,out/xyt/FVC2002_DB4_B/105_7.xyt
16,out/xyt/FVC2000_DB4_B/109_7.xyt,out/xyt/FVC2004_DB2_B/109_6.xyt
16,out/xyt/FVC2002_DB4_B/102_6.xyt,out/xyt/FVC2002_DB4_B/110_6.xyt
16,out/xyt/FVC2000_DB3_B/104_3.xyt,out/xyt/FVC2002_DB4_B/109_7.xyt
16,out/xyt/FVC2002_DB1_B/103_1.xyt,out/xyt/FVC2002_DB1_B/107_2.xyt
16,out/xyt/FVC2002_DB3_B/108_4.xyt,out/xyt/FVC2004_DB1_B/107_5.xyt
16,out/xyt/FVC2000_DB4_B/109_6.xyt,out/xyt/FVC2004_DB3_B/106_2.xyt
16,out/xyt/FVC2002_DB4_B/103_4.xyt,out/xyt/FVC2004_DB2_B/108_1.xyt
16,out/xyt/FVC2004_DB1_B/104_6.xyt,out/xyt/FVC2004_DB4_B/110_1.xyt
16,out/xyt/FVC2000_DB1_B/102_4.xyt,out/xyt/FVC2002_DB2_B/105_8.xyt
16,out/xyt/FVC2002_DB2_B/109_2.xyt,out/xyt/FVC2004_DB4_B/108_5.xyt
16,out/xyt/FVC2000_DB2_B/108_1.xyt,out/xyt/FVC2002_DB1_B/109_4.xyt
16,out/xyt/FVC2000_DB4_B/109_3.xyt,out/xyt/FVC2004_DB1_B/101_5.xyt
16,out/xyt/FVC2002_DB1_B/107_1.xyt,out/xyt/FVC2004_DB2_B/110_2.xyt
16,out/xyt/FVC2002_DB1_B/107_8.xyt,out/xyt/FVC2004_DB4_B/109_5.xyt
16,out/xyt/FVC2000_DB4_B/101_4.xyt,out/xyt/FVC2002_DB4_B/105_4.xyt
16,out/xyt/FVC2000_DB1_B/102_1.xyt,out/xyt/FVC2000_DB1_B/108_5.xyt
16,out/xyt/FVC2000_DB1_B/102_4.xyt,out/xyt/FVC2000_DB1_B/105_7.xyt
16,out/xyt/FVC2000_DB2_B/108_6.xyt,out/xyt/FVC2004_DB3_B/102_7.xyt
16,out/xyt/FVC2002_DB1_B/105_8.xyt,out/xyt/FVC2004_DB3_B/104_8.xyt
16,out/xyt/FVC2004_DB3_B/102_7.xyt,out/xyt/FVC2004_DB3_B/103_7.xyt
16,out/xyt/FVC2002_DB1_B/102_1.xyt,out/xyt/FVC2002_DB4_B/108_5.xyt
16,out/xyt/FVC2002_DB1_B/102_6.xyt,out/xyt/FVC2004_DB1_B/101_5.xyt
16,out/xyt/FVC2000_DB1_B/105_6.xyt,out/xyt/FVC2004_DB2_B/102_6.xyt
16,out/xyt/FVC2000_DB4_B/101_7.xyt,out/xyt/FVC2002_DB4_B/107_5.xyt
16,out/xyt/FVC2000_DB4_B/110_3.xyt,out/xyt/FVC2002_DB1_B/102_4.xyt
16,out/xyt/FVC2004_DB1_B/107_2.xyt,out/xyt/FVC2004_DB2_B/108_4.xyt
16,out/xyt/FVC2000_DB4_B/109_6.xyt,out/xyt/FVC2002_DB2_B/102_1.xyt
16,out/xyt/FVC2000_DB4_B/102_1.xyt,out/xyt/FVC2002_DB2_B/103_1.xyt
16,out/xyt/FVC2000_DB4_B/110_3.xyt,out/xyt/FVC2004_DB2_B/102_1.xyt
16,out/xyt/FVC2002_DB2_B/109_7.xyt,out/xyt/FVC2004_DB4_B/108_1.xyt
16,out/xyt/FVC2000_DB2_B/103_5.xyt,out/xyt/FVC2000_DB2_B/108_4.xyt
16,out/xyt/FVC2002_DB1_B/101_8.xyt,out/xyt/FVC2002_DB1_B/105_4.xyt
16,out/xyt/FVC2000_DB3_B/104_4.xyt,out/xyt/FVC2000_DB3_B/110_2.xyt
16,out/xyt/FVC2002_DB1_B/102_6.xyt,out/xyt/FVC2004_DB1_B/104_4.xyt
16,out/xyt/FVC2004_DB1_B/103_5.xyt,out/xyt/FVC2004_DB4_B/102_1.xyt
16,out/xyt/FVC2002_DB3_B/103_3.xyt,out/xyt/FVC2002_DB3_B/105_4.xyt
16,out/xyt/FVC2000_DB2_B/104_3.xyt,out/xyt/FVC2004_DB2_B/109_2.xyt
16,out/xyt/FVC2002_DB4_B/103_3.xyt,out/xyt/FVC2002_DB4_B/106_6.xyt
16,out/xyt/FVC2002_DB2_B/110_7.xyt,out/xyt/FVC2004_DB3_B/102_4.xyt
16,out/xyt/FVC2002_DB1_B/106_6.xyt,out/xyt/FVC2004_DB2_B/102_3.xyt
16,out/xyt/FVC2000_DB4_B/102_1.xyt,out/xyt/FVC2002_DB2_B/103_2.xyt
16,out/xyt/FVC2002_DB1_B/110_5.xyt,out/xyt/FVC2002_DB3_B/103_4.xyt
16,out/xyt/FVC2000_DB1_B/109_3.xyt,out/xyt/FVC2002_DB2_B/106_1.xyt
16,out/xyt/FVC2002_DB1_B/106_5.xyt,out/xyt/FVC2004_DB4_B/106_6.xyt
16,out/xyt/FVC2000_DB1_B/107_5.xyt,out/xyt/FVC2002_DB4_B/107_3.xyt
16,out/xyt/FVC2000_DB1_B/105_6.xyt,out/xyt/FVC2004_DB2_B/110_4.xyt
16,out/xyt/FVC2000_DB4_B/108_5.xyt,out/xyt/FVC2002_DB4_B/103_8.xyt
16,out/xyt/FVC2002_DB1_B/106_5.xyt,out/xyt/FVC2002_DB4_B/102_3.xyt
16,out/xyt/FVC2004_DB3_B/104_6.xyt,out/xyt/FVC2004_DB4_B/101_4.xyt
16,out/xyt/FVC2000_DB1_B/107_1.xyt,out/xyt/FVC2000_DB4_B/106_8.xyt
16,out/xyt/FVC2000_DB4_B/109_6.xyt,out/xyt/FVC2004_DB4_B/106_5.xyt
16,out/xyt/FVC2002_DB1_B/105_6.xyt,out/xyt/FVC2002_DB2_B/103_2.xyt
16,out/xyt/FVC2002_DB4_B/106_7.xyt,out/xyt/FVC2004_DB4_B/108_7.xyt
16,out/xyt/FVC2002_DB3_B/105_2.xyt,out/xyt/FVC2002_DB3_B/108_5.xyt
16,out/xyt/FVC2000_DB4_B/102_4.xyt,out/xyt/FVC2000_DB4_B/105_4.xyt
16,out/xyt/FVC2000_DB1_B/109_2.xyt,out/xyt/FVC2004_DB2_B/110_5.xyt
16,out/xyt/FVC2000_DB4_B/102_5.xyt,out/xyt/FVC2004_DB3_B/105_3.xyt
16,out/xyt/FVC2002_DB1_B/106_3.xyt,out/xyt/FVC2004_DB4_B/106_3.xyt
16,out/xyt/FVC2000_DB1_B/102_1.xyt,out/xyt/FVC2000_DB4_B/102_2.xyt
16,out/xyt/FVC2004_DB3_B/106_1.xyt,out/xyt/FVC2004_DB4_B/108_5.xyt
16,out/xyt/FVC2002_DB1_B/105_1.xyt,out/xyt/FVC2002_DB1_B/106_3.xyt
16,out/xyt/FVC2000_DB1_B/102_6.xyt,out/xyt/FVC2002_DB2_B/108_4.xyt
16,out/xyt/FVC2000_DB1_B/109_1.xyt,out/xyt/FVC2004_DB3_B/104_3.xyt
16,out/xyt/FVC2002_DB2_B/110_4.xyt,out/xyt/FVC2004_DB4_B/108_5.xyt
16,out/xyt/FVC2000_DB1_B/102_4.xyt,out/xyt/FVC2002_DB4_B/102_3.xyt
16,out/xyt/FVC2000_DB1_B/106_6.xyt,out/xyt/FVC2002_DB1_B/109_1.xyt
16,out/xyt/FVC2002_DB1_B/106_5.xyt,out/xyt/FVC2002_DB1_B/107_3.xyt
16,out/xyt/FVC2000_DB1_B/103_1.xyt,out/xyt/FVC2004_DB2_B/102_2.xyt
16,out/xyt/FVC2000_DB3_B/105_4.xyt,out/xyt/FVC2004_DB2_B/107_6.xyt
16,out/xyt/FVC2000_DB1_B/104_1.xyt,out/xyt/FVC2004_DB2_B/102_7.xyt
16,out/xyt/FVC2000_DB4_B/108_6.xyt,out/xyt/FVC2002_DB4_B/103_4.xyt
16,out/xyt/FVC2000_DB4_B/109_1.xyt,out/xyt/FVC2002_DB1_B/102_1.xyt
16,out/xyt/FVC2000_DB1_B/108_5.xyt,out/xyt/FVC2002_DB3_B/109_4.xyt
16,out/xyt/FVC2000_DB1_B/108_1.xyt,out/xyt/FVC2004_DB2_B/104_1.xyt
16,out/xyt/FVC2000_DB4_B/109_6.xyt,out/xyt/FVC2002_DB4_B/103_1.xyt
16,out/xyt/FVC2002_DB1_B/107_2.xyt,out/xyt/FVC2002_DB2_B/106_1.xyt
16,out/xyt/FVC2002_DB1_B/110_2.xyt,out/xyt/FVC2002_DB4_B/105_3.xyt
16,out/xyt/FVC2002_DB2_B/105_6.xyt,out/xyt/FVC2004_DB2_B/109_4.xyt
16,out/xyt/FVC2004_DB1_B/103_3.xyt,out/xyt/FVC2004_DB4_B/102_6.xyt
16,out/xyt/FVC2000_DB1_B/109_5.xyt,out/xyt/FVC2002_DB1_B/110_5.xyt
16,out/xyt/FVC2002_DB1_B/104_4.xyt,out/xyt/FVC2004_DB1_B/108_6.xyt
16,out/xyt/FVC2000_DB1_B/109_3.xyt,out/xyt/FVC2000_DB2_B/109_7.xyt
16,out/xyt/FVC2002_DB4_B/105_7.xyt,out/xyt/FVC2004_DB4_B/106_7.xyt
16,out/xyt/FVC2000_DB4_B/102_7.xyt,out/xyt/FVC2002_DB4_B/110_1.xyt
16,out/xyt/FVC2000_DB2_B/107_3.xyt,out/xyt/FVC2002_DB4_B/109_3.xyt
16,out/xyt/FVC2002_DB2_B/106_2.xyt,out/xyt/FVC2004_DB4_B/110_8.xyt
16,out/xyt/FVC2002_DB2_B/108_3.xyt,out/xyt/FVC2004_DB2_B/108_1.xyt
16,out/xyt/FVC2000_DB4_B/110_1.xyt,out/xyt/FVC2002_DB4_B/105_1.xyt
16,out/xyt/FVC2000_DB1_B/109_3.xyt,out/xyt/FVC2004_DB2_B/109_5.xyt
16,out/xyt/FVC2000_DB1_B/107_3.xyt,out/xyt/FVC2002_DB2_B/110_6.xyt
16,out/xyt/FVC2002_DB1_B/106_2.xyt,out/xyt/FVC2002_DB4_B/109_4.xyt
16,out/xyt/FVC2004_DB3_B/102_4.xyt,out/xyt/FVC2004_DB3_B/110_1.xyt
16,out/xyt/FVC2000_DB4_B/108_6.xyt,out/xyt/FVC2002_DB1_B/106_5.xyt
16,out/xyt/FVC2002_DB3_B/108_8.xyt,out/xyt/FVC2004_DB4_B/104_3.xyt
16,out/xyt/FVC2000_DB1_B/107_1.xyt,out/xyt/FVC2002_DB1_B/110_4.xyt
16,out/xyt/FVC2000_DB2_B/107_5.xyt,out/xyt/FVC2002_DB4_B/110_4.xyt
16,out/xyt/FVC2002_DB2_B/108_4.xyt,out/xyt/FVC2004_DB4_B/106_8.xyt
16,out/xyt/FVC2002_DB3_B/110_1.xyt,out/xyt/FVC2002_DB4_B/105_1.xyt
16,out/xyt/FVC2000_DB4_B/102_2.xyt,out/xyt/FVC2002_DB4_B/110_6.xyt
16,out/xyt/FVC2004_DB3_B/102_4.xyt,out/xyt/FVC2004_DB3_B/104_6.xyt
16,out/xyt/FVC2002_DB1_B/106_3.xyt,out/xyt/FVC2002_DB4_B/102_2.xyt
16,out/xyt/FVC2002_DB1_B/110_4.xyt,out/xyt/FVC2002_DB3_B/106_4.xyt
16,out/xyt/FVC2004_DB3_B/102_1.xyt,out/xyt/FVC2004_DB4_B/102_3.xyt
16,out/xyt/FVC2002_DB4_B/107_3.xyt,out/xyt/FVC2004_DB1_B/107_1.xyt
16,out/xyt/FVC2002_DB1_B/105_6.xyt,out/xyt/FVC2004_DB4_B/102_6.xyt
16,out/xyt/FVC2000_DB2_B/102_8.xyt,out/xyt/FVC2004_DB1_B/104_1.xyt
16,out/xyt/FVC2000_DB1_B/102_1.xyt,out/xyt/FVC2002_DB3_B/106_7.xyt
16,out/xyt/FVC2002_DB1_B/107_7.xyt,out/xyt/FVC2002_DB2_B/103_6.xyt
16,out/xyt/FVC2002_DB1_B/105_8.xyt,out/xyt/FVC2002_DB2_B/109_5.xyt
16,out/xyt/FVC2002_DB4_B/109_8.xyt,out/xyt/FVC2004_DB1_B/102_2.xyt
16,out/xyt/FVC2004_DB1_B/103_3.xyt,out/xyt/FVC2004_DB2_B/109_6.xyt
16,out/xyt/FVC2004_DB1_B/101_5.xyt,out/xyt/FVC2004_DB4_B/106_4.xyt
16,out/xyt/FVC2002_DB2_B/102_5.xyt,out/xyt/FVC2002_DB2_B/106_1.xyt
16,out/xyt/FVC2002_DB1_B/106_5.xyt,out/xyt/FVC2004_DB4_B/110_6.xyt
16,out/xyt/FVC2004_DB4_B/105_8.xyt,out/xyt/FVC2004_DB4_B/106_4.xyt
16,out/xyt/FVC2002_DB4_B/109_5.xyt,out/xyt/FVC2004_DB1_B/104_5.xyt
16,out/xyt/FVC2004_DB1_B/104_5.xyt,out/xyt/FVC2004_DB1_B/108_5.xyt
16,out/xyt/FVC2000_DB2_B/104_3.xyt,out/xyt/FVC2004_DB2_B/102_3.xyt
16,out/xyt/FVC2002_DB1_B/110_4.xyt,out/xyt/FVC2002_DB3_B/109_7.xyt
16,out/xyt/FVC2000_DB4_B/101_7.xyt,out/xyt/FVC2000_DB4_B/105_7.xyt
16,out/xyt/FVC2002_DB4_B/109_4.xyt,out/xyt/FVC2004_DB3_B/108_7.xyt
16,out/xyt/FVC2002_DB1_B/104_8.xyt,out/xyt/FVC2004_DB1_B/104_2.xyt
16,out/xyt/FVC2000_DB2_B/104_3.xyt,out/xyt/FVC2002_DB4_B/107_2.xyt
16,out/xyt/FVC2000_DB4_B/109_5.xyt,out/xyt/FVC2004_DB4_B/107_1.xyt
16,out/xyt/FVC2002_DB1_B/106_3.xyt,out/xyt/FVC2004_DB2_B/108_7.xyt
16,out/xyt/FVC2002_DB2_B/108_6.xyt,out/xyt/FVC2004_DB4_B/106_7.xyt
16,out/xyt/FVC2002_DB2_B/109_5.xyt,out/xyt/FVC2002_DB4_B/110_8.xyt
16,out/xyt/FVC2002_DB2_B/106_4.xyt,out/xyt/FVC2002_DB4_B/110_4.xyt
16,out/xyt/FVC2000_DB4_B/103_2.xyt,out/xyt/FVC2002_DB2_B/110_6.xyt
16,out/xyt/FVC2002_DB4_B/106_6.xyt,out/xyt/FVC2002_DB4_B/109_1.xyt
16,out/xyt/FVC2000_DB4_B/105_4.xyt,out/xyt/FVC2004_DB2_B/105_7.xyt
16,out/xyt/FVC2002_DB1_B/102_1.xyt,out/xyt/FVC2002_DB2_B/103_5.xyt
16,out/xyt/FVC2002_DB2_B/101_4.xyt,out/xyt/FVC2004_DB2_B/103_6.xyt
16,out/xyt/FVC2004_DB1_B/101_3.xyt,out/xyt/FVC2004_DB4_B/108_8.xyt
16,out/xyt/FVC2004_DB1_B/101_4.xyt,out/xyt/FVC2004_DB2_B/108_2.xyt
16,out/xyt/FVC2000_DB1_B/102_5.xyt,out/xyt/FVC2002_DB2_B/105_8.xyt
16,out/xyt/FVC2000_DB4_B/106_8.xyt,out/xyt/FVC2002_DB2_B/104_8.xyt
16,out/xyt/FVC2002_DB1_B/104_6.xyt,out/xyt/FVC2004_DB2_B/107_8.xyt
16,out/xyt/FVC2002_DB4_B/108_1.xyt,out/xyt/FVC2004_DB2_B/104_1.xyt
16,out/xyt/FVC2000_DB4_B/109_3.xyt,out/xyt/FVC2004_DB3_B/108_7.xyt
16,out/xyt/FVC2000_DB2_B/104_7.xyt,out/xyt/FVC2004_DB2_B/109_4.xyt
16,out/xyt/FVC2004_DB3_B/105_1.xyt,out/xyt/FVC2004_DB4_B/110_8.xyt
16,out/xyt/FVC2002_DB4_B/109_1.xyt,out/xyt/FVC2004_DB4_B/106_3.xyt
16,out/xyt/FVC2002_DB4_B/103_5.xyt,out/xyt/FVC2004_DB3_B/105_2.xyt
16,out/xyt/FVC2002_DB2_B/110_1.xyt,out/xyt/FVC2004_DB3_B/110_5.xyt
16,out/xyt/FVC2002_DB1_B/106_7.xyt,out/xyt/FVC2004_DB1_B/107_1.xyt
16,out/xyt/FVC2000_DB4_B/102_2.xyt,out/xyt/FVC2004_DB4_B/107_2.xyt
16,out/xyt/FVC2002_DB1_B/102_2.xyt,out/xyt/FVC2002_DB3_B/110_1.xyt
16,out/xyt/FVC2000_DB2_B/110_8.xyt,out/xyt/FVC2002_DB3_B/101_1.xyt
16,out/xyt/FVC2004_DB1_B/108_4.xyt,out/xyt/FVC2004_DB2_B/104_6.xyt
16,out/xyt/FVC2000_DB1_B/106_7.xyt,out/xyt/FVC2000_DB1_B/108_5.xyt
16,out/xyt/FVC2000_DB1_B/109_2.xyt,out/xyt/FVC2004_DB1_B/102_5.xyt
16,out/xyt/FVC2000_DB4_B/108_7.xyt,out/xyt/FVC2002_DB4_B/110_5.xyt
16,out/xyt/FVC2000_DB4_B/102_3.xyt,out/xyt/FVC2004_DB2_B/101_5.xyt
16,out/xyt/FVC2000_DB1_B/107_4.xyt,out/xyt/FVC2002_DB2_B/104_8.xyt
16,out/xyt/FVC2002_DB1_B/106_2.xyt,out/xyt/FVC2004_DB2_B/109_8.xyt
16,out/xyt/FVC2000_DB1_B/102_5.xyt,out/xyt/FVC2004_DB2_B/108_2.xyt
16,out/xyt/FVC2002_DB1_B/105_8.xyt,out/xyt/FVC2002_DB1_B/109_4.xyt
16,out/xyt/FVC2002_DB1_B/106_3.xyt,out/xyt/FVC2004_DB3_B/107_3.xyt
16,out/xyt/FVC2002_DB4_B/106_8.xyt,out/xyt/FVC2004_DB4_B/110_3.xyt
16,out/xyt/FVC2002_DB1_B/104_3.xyt,out/xyt/FVC2002_DB3_B/103_2.xyt
16,out/xyt/FVC2002_DB3_B/101_8.xyt,out/xyt/FVC2004_DB2_B/108_3.xyt
16,out/xyt/FVC2002_DB2_B/103_7.xyt,out/xyt/FVC2002_DB4_B/103_4.xyt
16,out/xyt/FVC2002_DB1_B/109_1.xyt,out/xyt/FVC2002_DB4_B/101_4.xyt
16,out/xyt/FVC2002_DB1_B/102_4.xyt,out/xyt/FVC2004_DB1_B/101_4.xyt
16,out/xyt/FVC2002_DB1_B/105_1.xyt,out/xyt/FVC2004_DB2_B/108_4.xyt
16,out/xyt/FVC2004_DB1_B/109_8.xyt,out/xyt/FVC2004_DB2_B/105_6.xyt
16,out/xyt/FVC2002_DB3_B/109_6.xyt,out/xyt/FVC2004_DB2_B/108_7.xyt
16,out/xyt/FVC2000_DB1_B/108_5.xyt,out/xyt/FVC2002_DB4_B/109_8.xyt
16,out/xyt/FVC2000_DB2_B/107_8.xyt,out/xyt/FVC2002_DB4_B/101_4.xyt
16,out/xyt/FVC2000_DB1_B/102_4.xyt,out/xyt/FVC2004_DB4_B/102_6.xyt
16,out/xyt/FVC2000_DB2_B/107_6.xyt,out/xyt/FVC2000_DB4_B/109_3.xyt
16,out/xyt/FVC2002_DB1_B/110_2.xyt,out/xyt/FVC2002_DB4_B/108_6.xyt
16,out/xyt/FVC2002_DB2_B/108_3.xyt,out/xyt/FVC2002_DB4_B/103_7.xyt
16,out/xyt/FVC2002_DB4_B/105_2.xyt,out/xyt/FVC2002_DB4_B/109_1.xyt
16,out/xyt/FVC2002_DB1_B/107_1.xyt,out/xyt/FVC2002_DB2_B/106_1.xyt
16,out/xyt/FVC2000_DB4_B/103_5.xyt,out/xyt/FVC2002_DB4_B/110_5.xyt
16,out/xyt/FVC2004_DB1_B/102_1.xyt,out/xyt/FVC2004_DB4_B/108_5.xyt
16,out/xyt/FVC2000_DB1_B/109_7.xyt,out/xyt/FVC2002_DB1_B/107_2.xyt
16,out/xyt/FVC2004_DB1_B/102_8.xyt,out/xyt/FVC2004_DB2_B/101_3.xyt
16,out/xyt/FVC2002_DB1_B/110_7.xyt,out/xyt/FVC2004_DB1_B/106_8.xyt
16,out/xyt/FVC2000_DB4_B/110_1.xyt,out/xyt/FVC2002_DB4_B/110_2.xyt
16,out/xyt/FVC2000_DB2_B/106_8.xyt,out/xyt/FVC2002_DB2_B/101_8.xyt
16,out/xyt/FVC2000_DB1_B/102_1.xyt,out/xyt/FVC2004_DB4_B/102_7.xyt
16,out/xyt/FVC2000_DB4_B/103_6.xyt,out/xyt/FVC2004_DB3_B/105_1.xyt
16,out/xyt/FVC2000_DB2_B/102_8.xyt,out/xyt/FVC2004_DB3_B/107_1.xyt
16,out/xyt/FVC2002_DB1_B/107_6.xyt,out/xyt/FVC2002_DB3_B/106_3.xyt
16,out/xyt/FVC2000_DB3_B/107_5.xyt,out/xyt/FVC2004_DB3_B/109_2.xyt
16,out/xyt/FVC2000_DB4_B/110_8.xyt,out/xyt/FVC2002_DB2_B/108_8.xyt
16,out/xyt/FVC2000_DB4_B/103_7.xyt,out/xyt/FVC2002_DB4_B/102_1.xyt
16,out/xyt/FVC2002_DB3_B/105_2.xyt,out/xyt/FVC2004_DB2_B/110_4.xyt
16,out/xyt/FVC2002_DB2_B/101_7.xyt,out/xyt/FVC2004_DB1_B/107_5.xyt
16,out/xyt/FVC2004_DB1_B/101_1.xyt,out/xyt/FVC2004_DB2_B/104_1.xyt
16,out/xyt/FVC2000_DB2_B/109_5.xyt,out/xyt/FVC2004_DB2_B/104_2.xyt
16,out/xyt/FVC2000_DB4_B/102_1.xyt,out/xyt/FVC2004_DB2_B/108_1.xyt
16,out/xyt/FVC2000_DB4_B/105_7.xyt,out/xyt/FVC2002_DB4_B/107_4.xyt
16,out/xyt/FVC2002_DB1_B/107_3.xyt,out/xyt/FVC2004_DB1_B/101_7.xyt
16,out/xyt/FVC2000_DB4_B/109_6.xyt,out/xyt/FVC2002_DB4_B/101_4.xyt
16,out/xyt/FVC2002_DB4_B/102_7.xyt,out/xyt/FVC2004_DB2_B/109_6.xyt
16,out/xyt/FVC2000_DB4_B/109_3.xyt,out/xyt/FVC2004_DB1_B/101_2.xyt
16,out/xyt/FVC2002_DB1_B/107_2.xyt,out/xyt/FVC2004_DB2_B/102_1.xyt
16,out/xyt/FVC2002_DB2_B/102_7.xyt,out/xyt/FVC2002_DB4_B/103_5.xyt
16,out/xyt/FVC2000_DB4_B/106_8.xyt,out/xyt/FVC2004_DB2_B/104_7.xyt
16,out/xyt/FVC2004_DB4_B/101_6.xyt,out/xyt/FVC2004_DB4_B/102_1.xyt
16,out/xyt/FVC2004_DB1_B/102_8.xyt,out/xyt/FVC2004_DB2_B/109_3.xyt
16,out/xyt/FVC2002_DB2_B/101_6.xyt,out/xyt/FVC2004_DB1_B/104_7.xyt
16,out/xyt/FVC2002_DB3_B/103_1.xyt,out/xyt/FVC2004_DB1_B/108_6.xyt
16,out/xyt/FVC2002_DB1_B/102_2.xyt,out/xyt/FVC2002_DB4_B/109_8.xyt
16,out/xyt/FVC2002_DB2_B/108_8.xyt,out/xyt/FVC2004_DB1_B/110_5.xyt
16,out/xyt/FVC2000_DB4_B/110_1.xyt,out/xyt/FVC2002_DB4_B/110_3.xyt
16,out/xyt/FVC2002_DB4_B/102_3.xyt,out/xyt/FVC2002_DB4_B/110_3.xyt
16,out/xyt/FVC2002_DB1_B/102_1.xyt,out/xyt/FVC2004_DB2_B/108_2.xyt
16,out/xyt/FVC2002_DB4_B/109_8.xyt,out/xyt/FVC2004_DB1_B/105_4.xyt
16,out/xyt/FVC2002_DB4_B/102_3.xyt,out/xyt/FVC2004_DB4_B/105_2.xyt
16,out/xyt/FVC2004_DB2_B/107_1.xyt,out/xyt/FVC2004_DB3_B/104_1.xyt
16,out/xyt/FVC2000_DB3_B/104_3.xyt,out/xyt/FVC2002_DB3_B/108_3.xyt
16,out/xyt/FVC2002_DB1_B/106_1.xyt,out/xyt/FVC2004_DB1_B/103_5.xyt
16,out/xyt/FVC2002_DB1_B/106_2.xyt,out/xyt/FVC2004_DB3_B/105_2.xyt
16,out/xyt/FVC2002_DB1_B/106_5.xyt,out/xyt/FVC2002_DB4_B/102_4.xyt
16,out/xyt/FVC2002_DB4_B/103_2.xyt,out/xyt/FVC2004_DB1_B/102_3.xyt
16,out/xyt/FVC2002_DB4_B/101_1.xyt,out/xyt/FVC2004_DB4_B/105_5.xyt
16,out/xyt/FVC2004_DB1_B/104_7.xyt,out/xyt/FVC2004_DB4_B/106_3.xyt
16,out/xyt/FVC2000_DB2_B/107_1.xyt,out/xyt/FVC2002_DB1_B/105_7.xyt
16,out/xyt/FVC2000_DB4_B/109_3.xyt,out/xyt/FVC2004_DB1_B/101_7.xyt
16,out/xyt/FVC2000_DB2_B/104_2.xyt,out/xyt/FVC2002_DB2_B/105_2.xyt
16,out/xyt/FVC2000_DB3_B/108_5.xyt,out/xyt/FVC2004_DB1_B/110_1.xyt
16,out/xyt/FVC2002_DB1_B/107_8.xyt,out/xyt/FVC2004_DB3_B/105_2.xyt
16,out/xyt/FVC2002_DB4_B/102_2.xyt,out/xyt/FVC2004_DB1_B/102_1.xyt
16,out/xyt/FVC2002_DB3_B/109_3.xyt,out/xyt/FVC2004_DB4_B/104_6.xyt
16,out/xyt/FVC2004_DB1_B/101_7.xyt,out/xyt/FVC2004_DB4_B/106_4.xyt
16,out/xyt/FVC2000_DB1_B/109_4.xyt,out/xyt/FVC2002_DB1_B/110_3.xyt
16,out/xyt/FVC2000_DB2_B/106_6.xyt,out/xyt/FVC2002_DB2_B/110_6.xyt
16,out/xyt/FVC2002_DB4_B/109_1.xyt,out/xyt/FVC2004_DB2_B/109_4.xyt
16,out/xyt/FVC2000_DB1_B/109_3.xyt,out/xyt/FVC2002_DB4_B/109_5.xyt
16,out/xyt/FVC2000_DB1_B/109_4.xyt,out/xyt/FVC2002_DB2_B/106_3.xyt
16,out/xyt/FVC2002_DB4_B/101_4.xyt,out/xyt/FVC2004_DB4_B/107_2.xyt
16,out/xyt/FVC2000_DB1_B/107_2.xyt,out/xyt/FVC2000_DB1_B/109_8.xyt
16,out/xyt/FVC2000_DB3_B/104_6.xyt,out/xyt/FVC2000_DB3_B/105_4.xyt
16,out/xyt/FVC2002_DB2_B/101_6.xyt,out/xyt/FVC2004_DB3_B/105_3.xyt
16,out/xyt/FVC2000_DB4_B/109_6.xyt,out/xyt/FVC2002_DB4_B/102_7.xyt
16,out/xyt/FVC2002_DB4_B/105_8.xyt,out/xyt/FVC2004_DB4_B/102_6.xyt
16,out/xyt/FVC2004_DB3_B/104_8.xyt,out/xyt/FVC2004_DB3_B/109_5.xyt
16,out/xyt/FVC2004_DB3_B/103_1.xyt,out/xyt/FVC2004_DB3_B/104_4.xyt
16,out/xyt/FVC2000_DB4_B/109_3.xyt,out/xyt/FVC2002_DB4_B/102_5.xyt
16,out/xyt/FVC2000_DB2_B/102_6.xyt,out/xyt/FVC2004_DB1_B/108_4.xyt
16,out/xyt/FVC2002_DB4_B/103_4.xyt,out/xyt/FVC2004_DB1_B/110_7.xyt
16,out/xyt/FVC2000_DB4_B/103_1.xyt,out/xyt/FVC2004_DB3_B/105_6.xyt
16,out/xyt/FVC2002_DB4_B/103_3.xyt,out/xyt/FVC2004_DB4_B/105_8.xyt
16,out/xyt/FVC2002_DB1_B/102_6.xyt,out/xyt/FVC2004_DB4_B/110_7.xyt
16,out/xyt/FVC2002_DB1_B/102_4.xyt,out/xyt/FVC2002_DB4_B/108_2.xyt
16,out/xyt/FVC2002_DB2_B/108_6.xyt,out/xyt/FVC2002_DB4_B/105_8.xyt
16,out/xyt/FVC2002_DB4_B/106_3.xyt,out/xyt/FVC2004_DB4_B/105_2.xyt
16,out/xyt/FVC2000_DB2_B/109_8.xyt,out/xyt/FVC2004_DB4_B/102_5.xyt
16,out/xyt/FVC2002_DB1_B/104_3.xyt,out/xyt/FVC2004_DB1_B/104_5.xyt
16,out/xyt/FVC2002_DB2_B/109_2.xyt,out/xyt/FVC2004_DB2_B/109_3.xyt
16,out/xyt/FVC2000_DB4_B/101_8.xyt,out/xyt/FVC2002_DB4_B/109_2.xyt
16,out/xyt/FVC2004_DB1_B/104_7.xyt,out/xyt/FVC2004_DB4_B/102_7.xyt
16,out/xyt/FVC2002_DB2_B/106_1.xyt,out/xyt/FVC2004_DB1_B/102_8.xyt
16,out/xyt/FVC2002_DB3_B/103_2.xyt,out/xyt/FVC2004_DB1_B/108_5.xyt
16,out/xyt/FVC2000_DB3_B/101_1.xyt,out/xyt/FVC2000_DB3_B/104_3.xyt
16,out/xyt/FVC2000_DB2_B/103_1.xyt,out/xyt/FVC2004_DB1_B/108_5.xyt
16,out/xyt/FVC2004_DB1_B/101_5.xyt,out/xyt/FVC2004_DB3_B/105_6.xyt
16,out/xyt/FVC2000_DB2_B/106_8.xyt,out/xyt/FVC2002_DB3_B/107_5.xyt
16,out/xyt/FVC2002_DB1_B/105_7.xyt,out/xyt/FVC2002_DB1_B/106_8.xyt
16,out/xyt/FVC2002_DB4_B/101_4.xyt,out/xyt/FVC2002_DB4_B/110_8.xyt
16,out/xyt/FVC2000_DB2_B/105_5.xyt,out/xyt/FVC2004_DB2_B/110_2.xyt
16,out/xyt/FVC2000_DB1_B/109_1.xyt,out/xyt/FVC2002_DB1_B/106_2.xyt
16,out/xyt/FVC2000_DB2_B/103_2.xyt,out/xyt/FVC2002_DB2_B/107_4.xyt
16,out/xyt/FVC2000_DB2_B/105_3.xyt,out/xyt/FVC2000_DB4_B/109_3.xyt
16,out/xyt/FVC2004_DB3_B/103_1.xyt,out/xyt/FVC2004_DB4_B/102_5.xyt
16,out/xyt/FVC2002_DB2_B/107_3.xyt,out/xyt/FVC2004_DB1_B/108_4.xyt
16,out/xyt/FVC2004_DB2_B/104_7.xyt,out/xyt/FVC2004_DB2_B/106_3.xyt
16,out/xyt/FVC2004_DB2_B/104_2.xyt,out/xyt/FVC2004_DB3_B/106_2.xyt
16,out/xyt/FVC2000_DB2_B/107_8.xyt,out/xyt/FVC2002_DB3_B/109_7.xyt
16,out/xyt/FVC2002_DB4_B/108_1.xyt,out/xyt/FVC2004_DB2_B/109_4.xyt
16,out/xyt/FVC2002_DB1_B/110_2.xyt,out/xyt/FVC2004_DB1_B/102_8.xyt
16,out/xyt/FVC2000_DB4_B/102_6.xyt,out/xyt/FVC2004_DB3_B/105_3.xyt
16,out/xyt/FVC2000_DB3_B/109_8.xyt,out/xyt/FVC2002_DB1_B/102_7.xyt
16,out/xyt/FVC2002_DB1_B/106_5.xyt,out/xyt/FVC2004_DB1_B/106_8.xyt
16,out/xyt/FVC2000_DB1_B/102_8.xyt,out/xyt/FVC2004_DB2_B/103_7.xyt
16,out/xyt/FVC2004_DB1_B/105_2.xyt,out/xyt/FVC2004_DB4_B/107_4.xyt
16,out/xyt/FVC2002_DB4_B/101_1.xyt,out/xyt/FVC2002_DB4_B/110_7.xyt
16,out/xyt/FVC2000_DB2_B/109_5.xyt,out/xyt/FVC2004_DB1_B/104_6.xyt
16,out/xyt/FVC2000_DB3_B/103_7.xyt,out/xyt/FVC2004_DB4_B/110_4.xyt
16,out/xyt/FVC2002_DB1_B/106_6.xyt,out/xyt/FVC2002_DB2_B/108_8.xyt
16,out/xyt/FVC2002_DB4_B/102_7.xyt,out/xyt/FVC2002_DB4_B/106_4.xyt
16,out/xyt/FVC2000_DB1_B/103_1.xyt,out/xyt/FVC2002_DB3_B/104_5.xyt
16,out/xyt/FVC2000_DB2_B/107_4.xyt,out/xyt/FVC2002_DB4_B/108_6.xyt
16,out/xyt/FVC2002_DB1_B/107_3.xyt,out/xyt/FVC2004_DB2_B/109_3.xyt
16,out/xyt/FVC2000_DB2_B/107_7.xyt,out/xyt/FVC2002_DB4_B/105_5.xyt
16,out/xyt/FVC2002_DB1_B/102_4.xyt,out/xyt/FVC2004_DB1_B/107_5.xyt
16,out/xyt/FVC2002_DB4_B/102_2.xyt,out/xyt/FVC2004_DB1_B/104_5.xyt
16,out/xyt/FVC2002_DB4_B/108_4.xyt,out/xyt/FVC2004_DB4_B/105_4.xyt
16,out/xyt/FVC2002_DB2_B/103_1.xyt,out/xyt/FVC2004_DB3_B/105_5.xyt
16,out/xyt/FVC2000_DB4_B/110_4.xyt,out/xyt/FVC2002_DB4_B/102_4.xyt
16,out/xyt/FVC2004_DB1_B/103_4.xyt,out/xyt/FVC2004_DB1_B/104_2.xyt
16,out/xyt/FVC2004_DB3_B/102_2.xyt,out/xyt/FVC2004_DB3_B/104_7.xyt
16,out/xyt/FVC2000_DB2_B/109_2.xyt,out/xyt/FVC2000_DB3_B/108_7.xyt
16,out/xyt/FVC2002_DB4_B/105_6.xyt,out/xyt/FVC2002_DB4_B/107_4.xyt
16,out/xyt/FVC2002_DB3_B/104_1.xyt,out/xyt/FVC2004_DB2_B/103_3.xyt
16,out/xyt/FVC2000_DB2_B/107_7.xyt,out/xyt/FVC2002_DB2_B/108_3.xyt
16,out/xyt/FVC2000_DB3_B/110_6.xyt,out/xyt/FVC2000_DB4_B/110_8.xyt
16,out/xyt/FVC2000_DB2_B/104_1.xyt,out/xyt/FVC2002_DB4_B/108_8.xyt
16,out/xyt/FVC2002_DB4_B/105_5.xyt,out/xyt/FVC2002_DB4_B/107_5.xyt
16,out/xyt/FVC2002_DB1_B/107_8.xyt,out/xyt/FVC2002_DB3_B/105_1.xyt
16,out/xyt/FVC2002_DB1_B/109_7.xyt,out/xyt/FVC2002_DB4_B/101_5.xyt
16,out/xyt/FVC2002_DB4_B/103_3.xyt,out/xyt/FVC2004_DB2_B/110_2.xyt
16,out/xyt/FVC2004_DB2_B/101_5.xyt,out/xyt/FVC2004_DB4_B/106_8.xyt
16,out/xyt/FVC2000_DB1_B/105_3.xyt,out/xyt/FVC2004_DB4_B/110_3.xyt
16,out/xyt/FVC2002_DB3_B/104_4.xyt,out/xyt/FVC2004_DB2_B/103_7.xyt
16,out/xyt/FVC2002_DB4_B/102_3.xyt,out/xyt/FVC2004_DB1_B/109_5.xyt
16,out/xyt/FVC2002_DB1_B/109_7.xyt,out/xyt/FVC2002_DB4_B/101_6.xyt
16,out/xyt/FVC2002_DB1_B/102_2.xyt,out/xyt/FVC2002_DB2_B/103_8.xyt
16,out/xyt/FVC2002_DB1_B/110_1.xyt,out/xyt/FVC2002_DB4_B/105_5.xyt
16,out/xyt/FVC2002_DB2_B/106_3.xyt,out/xyt/FVC2004_DB1_B/104_6.xyt
16,out/xyt/FVC2000_DB4_B/110_8.xyt,out/xyt/FVC2002_DB3_B/107_2.xyt
16,out/xyt/FVC2002_DB1_B/110_5.xyt,out/xyt/FVC2002_DB3_B/106_3.xyt
16,out/xyt/FVC2000_DB3_B/108_7.xyt,out/xyt/FVC2004_DB3_B/104_2.xyt
16,out/xyt/FVC2002_DB1_B/102_7.xyt,out/xyt/FVC2002_DB4_B/110_1.xyt
16,out/xyt/FVC2000_DB3_B/102_3.xyt,out/xyt/FVC2002_DB4_B/109_6.xyt
16,out/xyt/FVC2002_DB1_B/106_5.xyt,out/xyt/FVC2002_DB1_B/110_7.xyt
16,out/xyt/FVC2002_DB2_B/108_8.xyt,out/xyt/FVC2002_DB4_B/103_7.xyt
16,out/xyt/FVC2004_DB1_B/110_1.xyt,out/xyt/FVC2004_DB3_B/102_5.xyt
16,out/xyt/FVC2004_DB2_B/103_3.xyt,out/xyt/FVC2004_DB2_B/104_1.xyt
16,out/xyt/FVC2002_DB1_B/105_1.xyt,out/xyt/FVC2002_DB2_B/109_2.xyt
16,out/xyt/FVC2002_DB2_B/103_1.xyt,out/xyt/FVC2004_DB1_B/103_8.xyt
16,out/xyt/FVC2004_DB3_B/102_4.xyt,out/xyt/FVC2004_DB4_B/101_5.xyt
16,out/xyt/FVC2004_DB1_B/108_6.xyt,out/xyt/FVC2004_DB2_B/104_2.xyt
16,out/xyt/FVC2000_DB1_B/102_7.xyt,out/xyt/FVC2004_DB2_B/108_8.xyt
16,out/xyt/FVC2004_DB1_B/104_1.xyt,out/xyt/FVC2004_DB3_B/108_7.xyt
16,out/xyt/FVC2002_DB2_B/103_4.xyt,out/xyt/FVC2004_DB1_B/108_7.xyt
16,out/xyt/FVC2002_DB1_B/107_7.xyt,out/xyt/FVC2004_DB1_B/103_1.xyt
16,out/xyt/FVC2000_DB4_B/106_8.xyt,out/xyt/FVC2002_DB3_B/106_3.xyt
16,out/xyt/FVC2000_DB1_B/105_1.xyt,out/xyt/FVC2000_DB1_B/106_5.xyt
16,out/xyt/FVC2000_DB2_B/102_8.xyt,out/xyt/FVC2004_DB1_B/104_4.xyt
16,out/xyt/FVC2004_DB2_B/107_1.xyt,out/xyt/FVC2004_DB3_B/104_8.xyt
16,out/xyt/FVC2000_DB2_B/104_6.xyt,out/xyt/FVC2004_DB2_B/101_5.xyt
16,out/xyt/FVC2000_DB4_B/109_2.xyt,out/xyt/FVC2002_DB1_B/104_2.xyt
16,out/xyt/FVC2002_DB1_B/106_6.xyt,out/xyt/FVC2002_DB4_B/102_2.xyt
16,out/xyt/FVC2002_DB2_B/105_2.xyt,out/xyt/FVC2002_DB2_B/106_3.xyt
16,out/xyt/FVC2002_DB2_B/110_6.xyt,out/xyt/FVC2002_DB3_B/107_4.xyt
16,out/xyt/FVC2000_DB2_B/107_8.xyt,out/xyt/FVC2002_DB1_B/109_4.xyt
16,out/xyt/FVC2000_DB2_B/106_1.xyt,out/xyt/FVC2002_DB1_B/110_1.xyt
16,out/xyt/FVC2000_DB2_B/104_8.xyt,out/xyt/FVC2002_DB1_B/105_7.xyt
16,out/xyt/FVC2000_DB4_B/103_2.xyt,out/xyt/FVC2002_DB3_B/109_1.xyt
16,out/xyt/FVC2002_DB2_B/101_2.xyt,out/xyt/FVC2002_DB3_B/109_1.xyt
16,out/xyt/FVC2000_DB1_B/107_5.xyt,out/xyt/FVC2004_DB2_B/103_1.xyt
16,out/xyt/FVC2000_DB1_B/105_1.xyt,out/xyt/FVC2002_DB2_B/106_7.xyt
16,out/xyt/FVC2004_DB1_B/102_2.xyt,out/xyt/FVC2004_DB2_B/101_3.xyt
16,out/xyt/FVC2002_DB1_B/107_7.xyt,out/xyt/FVC2002_DB2_B/109_5.xyt
16,out/xyt/FVC2000_DB3_B/102_3.xyt,out/xyt/FVC2004_DB2_B/107_6.xyt
16,out/xyt/FVC2000_DB4_B/103_5.xyt,out/xyt/FVC2002_DB2_B/103_5.xyt
16,out/xyt/FVC2004_DB2_B/107_1.xyt,out/xyt/FVC2004_DB3_B/103_3.xyt
16,out/xyt/FVC2002_DB1_B/110_2.xyt,out/xyt/FVC2002_DB4_B/110_4.xyt
16,out/xyt/FVC2000_DB4_B/102_8.xyt,out/xyt/FVC2002_DB4_B/102_7.xyt
16,out/xyt/FVC2000_DB2_B/106_8.xyt,out/xyt/FVC2002_DB3_B/107_6.xyt
16,out/xyt/FVC2000_DB1_B/109_4.xyt,out/xyt/FVC2002_DB4_B/103_7.xyt
16,out/xyt/FVC2000_DB1_B/106_1.xyt,out/xyt/FVC2004_DB1_B/104_5.xyt
16,out/xyt/FVC2002_DB4_B/108_3.xyt,out/xyt/FVC2002_DB4_B/109_5.xyt
16,out/xyt/FVC2000_DB2_B/107_4.xyt,out/xyt/FVC2002_DB1_B/109_5.xyt
16,out/xyt/FVC2000_DB2_B/109_1.xyt,out/xyt/FVC2000_DB3_B/110_8.xyt
16,out/xyt/FVC2002_DB1_B/106_3.xyt,out/xyt/FVC2004_DB4_B/108_6.xyt
16,out/xyt/FVC2000_DB1_B/108_3.xyt,out/xyt/FVC2000_DB2_B/108_6.xyt
16,out/xyt/FVC2002_DB4_B/107_7.xyt,out/xyt/FVC2004_DB2_B/101_5.xyt
16,out/xyt/FVC2000_DB2_B/106_1.xyt,out/xyt/FVC2002_DB1_B/109_1.xyt
16,out/xyt/FVC2002_DB2_B/108_7.xyt,out/xyt/FVC2002_DB4_B/102_2.xyt
16,out/xyt/FVC2002_DB4_B/106_6.xyt,out/xyt/FVC2004_DB4_B/105_5.xyt
16,out/xyt/FVC2000_DB1_B/105_3.xyt,out/xyt/FVC2002_DB4_B/109_8.xyt
16,out/xyt/FVC2002_DB1_B/104_7.xyt,out/xyt/FVC2002_DB4_B/102_5.xyt
16,out/xyt/FVC2002_DB1_B/102_7.xyt,out/xyt/FVC2002_DB1_B/109_4.xyt
16,out/xyt/FVC2002_DB4_B/105_6.xyt,out/xyt/FVC2004_DB4_B/106_7.xyt
16,out/xyt/FVC2002_DB3_B/104_6.xyt,out/xyt/FVC2002_DB3_B/109_2.xyt
16,out/xyt/FVC2000_DB2_B/105_3.xyt,out/xyt/FVC2002_DB2_B/108_1.xyt
16,out/xyt/FVC2000_DB4_B/110_6.xyt,out/xyt/FVC2002_DB4_B/102_5.xyt
16,out/xyt/FVC2000_DB2_B/107_7.xyt,out/xyt/FVC2004_DB1_B/104_1.xyt
16,out/xyt/FVC2002_DB3_B/105_2.xyt,out/xyt/FVC2002_DB4_B/105_2.xyt
16,out/xyt/FVC2000_DB3_B/103_7.xyt,out/xyt/FVC2004_DB4_B/108_4.xyt
16,out/xyt/FVC2002_DB3_B/108_7.xyt,out/xyt/FVC2004_DB1_B/102_2.xyt
16,out/xyt/FVC2000_DB2_B/109_1.xyt,out/xyt/FVC2004_DB2_B/105_8.xyt
16,out/xyt/FVC2000_DB4_B/102_1.xyt,out/xyt/FVC2002_DB1_B/102_1.xyt
16,out/xyt/FVC2002_DB3_B/106_3.xyt,out/xyt/FVC2004_DB2_B/101_5.xyt
16,out/xyt/FVC2002_DB4_B/109_8.xyt,out/xyt/FVC2004_DB4_B/103_5.xyt
16,out/xyt/FVC2004_DB1_B/107_1.xyt,out/xyt/FVC2004_DB4_B/108_7.xyt
16,out/xyt/FVC2000_DB2_B/109_5.xyt,out/xyt/FVC2004_DB2_B/103_5.xyt
16,out/xyt/FVC2004_DB1_B/108_7.xyt,out/xyt/FVC2004_DB2_B/104_3.xyt
16,out/xyt/FVC2004_DB2_B/107_8.xyt,out/xyt/FVC2004_DB4_B/108_2.xyt
16,out/xyt/FVC2004_DB2_B/103_1.xyt,out/xyt/FVC2004_DB4_B/104_3.xyt
16,out/xyt/FVC2000_DB1_B/109_4.xyt,out/xyt/FVC2004_DB1_B/102_5.xyt
16,out/xyt/FVC2002_DB1_B/106_7.xyt,out/xyt/FVC2002_DB3_B/104_5.xyt
16,out/xyt/FVC2000_DB4_B/110_6.xyt,out/xyt/FVC2002_DB3_B/109_2.xyt
16,out/xyt/FVC2000_DB1_B/109_4.xyt,out/xyt/FVC2000_DB2_B/105_8.xyt
16,out/xyt/FVC2002_DB3_B/110_4.xyt,out/xyt/FVC2004_DB2_B/107_2.xyt
16,out/xyt/FVC2000_DB2_B/108_3.xyt,out/xyt/FVC2004_DB3_B/102_2.xyt
16,out/xyt/FVC2002_DB4_B/109_1.xyt,out/xyt/FVC2004_DB4_B/108_8.xyt
16,out/xyt/FVC2000_DB2_B/102_5.xyt,out/xyt/FVC2004_DB1_B/104_7.xyt
16,out/xyt/FVC2000_DB4_B/105_7.xyt,out/xyt/FVC2004_DB4_B/110_6.xyt
16,out/xyt/FVC2000_DB2_B/107_5.xyt,out/xyt/FVC2002_DB2_B/105_8.xyt
16,out/xyt/FVC2002_DB3_B/109_1.xyt,out/xyt/FVC2002_DB4_B/106_8.xyt
16,out/xyt/FVC2000_DB2_B/102_6.xyt,out/xyt/FVC2004_DB2_B/108_6.xyt
16,out/xyt/FVC2000_DB2_B/101_2.xyt,out/xyt/FVC2002_DB4_B/107_5.xyt
16,out/xyt/FVC2002_DB4_B/108_4.xyt,out/xyt/FVC2004_DB4_B/106_7.xyt
16,out/xyt/FVC2000_DB2_B/106_6.xyt,out/xyt/FVC2002_DB3_B/105_4.xyt
16,out/xyt/FVC2002_DB4_B/110_8.xyt,out/xyt/FVC2004_DB2_B/109_5.xyt
16,out/xyt/FVC2002_DB3_B/103_3.xyt,out/xyt/FVC2004_DB2_B/103_7.xyt
16,out/xyt/FVC2002_DB4_B/103_6.xyt,out/xyt/FVC2004_DB4_B/104_1.xyt
16,out/xyt/FVC2000_DB1_B/102_5.xyt,out/xyt/FVC2002_DB3_B/103_4.xyt
16,out/xyt/FVC2000_DB4_B/106_8.xyt,out/xyt/FVC2004_DB2_B/104_5.xyt
16,out/xyt/FVC2002_DB1_B/106_5.xyt,out/xyt/FVC2002_DB1_B/110_5.xyt
16,out/xyt/FVC2000_DB1_B/106_1.xyt,out/xyt/FVC2004_DB1_B/103_1.xyt
16,out/xyt/FVC2000_DB3_B/104_3.xyt,out/xyt/FVC2004_DB3_B/102_5.xyt
16,out/xyt/FVC2000_DB1_B/102_3.xyt,out/xyt/FVC2004_DB1_B/104_7.xyt
16,out/xyt/FVC2000_DB2_B/107_5.xyt,out/xyt/FVC2002_DB1_B/102_7.xyt
16,out/xyt/FVC2004_DB1_B/103_4.xyt,out/xyt/FVC2004_DB4_B/106_4.xyt
16,out/xyt/FVC2000_DB4_B/109_3.xyt,out/xyt/FVC2002_DB1_B/104_8.xyt
16,out/xyt/FVC2002_DB2_B/108_2.xyt,out/xyt/FVC2004_DB2_B/109_6.xyt
16,out/xyt/FVC2002_DB2_B/108_4.xyt,out/xyt/FVC2002_DB4_B/103_5.xyt
16,out/xyt/FVC2002_DB1_B/107_4.xyt,out/xyt/FVC2004_DB4_B/106_7.xyt
16,out/xyt/FVC2002_DB1_B/110_1.xyt,out/xyt/FVC2004_DB1_B/106_8.xyt
16,out/xyt/FVC2002_DB4_B/107_5.xyt,out/xyt/FVC2004_DB4_B/109_7.xyt
16,out/xyt/FVC2000_DB3_B/110_6.xyt,out/xyt/FVC2004_DB4_B/104_6.xyt
16,out/xyt/FVC2000_DB1_B/102_4.xyt,out/xyt/FVC2002_DB4_B/103_3.xyt
16,out/xyt/FVC2002_DB2_B/102_5.xyt,out/xyt/FVC2002_DB4_B/102_4.xyt
16,out/xyt/FVC2002_DB1_B/107_4.xyt,out/xyt/FVC2002_DB1_B/110_2.xyt
16,out/xyt/FVC2000_DB2_B/106_8.xyt,out/xyt/FVC2002_DB1_B/110_5.xyt
16,out/xyt/FVC2002_DB3_B/108_6.xyt,out/xyt/FVC2004_DB3_B/102_3.xyt
16,out/xyt/FVC2002_DB2_B/106_3.xyt,out/xyt/FVC2004_DB1_B/108_5.xyt
16,out/xyt/FVC2002_DB2_B/103_2.xyt,out/xyt/FVC2004_DB1_B/104_4.xyt
16,out/xyt/FVC2000_DB4_B/104_4.xyt,out/xyt/FVC2002_DB2_B/106_1.xyt
16,out/xyt/FVC2000_DB4_B/110_8.xyt,out/xyt/FVC2002_DB3_B/109_7.xyt
16,out/xyt/FVC2002_DB1_B/106_6.xyt,out/xyt/FVC2002_DB4_B/106_7.xyt
16,out/xyt/FVC2002_DB4_B/109_2.xyt,out/xyt/FVC2004_DB2_B/104_1.xyt
16,out/xyt/FVC2000_DB2_B/109_2.xyt,out/xyt/FVC2000_DB3_B/110_2.xyt
16,out/xyt/FVC2002_DB2_B/108_8.xyt,out/xyt/FVC2004_DB1_B/108_4.xyt
16,out/xyt/FVC2000_DB4_B/110_7.xyt,out/xyt/FVC2004_DB4_B/109_1.xyt
16,out/xyt/FVC2000_DB4_B/108_2.xyt,out/xyt/FVC2004_DB2_B/101_6.xyt
16,out/xyt/FVC2004_DB1_B/104_3.xyt,out/xyt/FVC2004_DB3_B/108_7.xyt
16,out/xyt/FVC2004_DB3_B/103_4.xyt,out/xyt/FVC2004_DB3_B/104_7.xyt
16,out/xyt/FVC2000_DB3_B/102_3.xyt,out/xyt/FVC2004_DB3_B/102_7.xyt
16,out/xyt/FVC2000_DB1_B/107_2.xyt,out/xyt/FVC2002_DB2_B/101_8.xyt
16,out/xyt/FVC2000_DB1_B/102_3.xyt,out/xyt/FVC2002_DB3_B/110_1.xyt
16,out/xyt/FVC2000_DB1_B/108_5.xyt,out/xyt/FVC2004_DB4_B/104_3.xyt
16,out/xyt/FVC2002_DB2_B/108_1.xyt,out/xyt/FVC2004_DB2_B/110_1.xyt
16,out/xyt/FVC2000_DB4_B/109_6.xyt,out/xyt/FVC2002_DB2_B/109_6.xyt
16,out/xyt/FVC2002_DB2_B/103_8.xyt,out/xyt/FVC2004_DB1_B/104_6.xyt
16,out/xyt/FVC2000_DB4_B/101_4.xyt,out/xyt/FVC2004_DB2_B/110_5.xyt
16,out/xyt/FVC2002_DB1_B/104_8.xyt,out/xyt/FVC2004_DB2_B/108_4.xyt
16,out/xyt/FVC2004_DB1_B/105_5.xyt,out/xyt/FVC2004_DB4_B/103_2.xyt
16,out/xyt/FVC2002_DB4_B/105_6.xyt,out/xyt/FVC2004_DB1_B/103_1.xyt
16,out/xyt/FVC2002_DB1_B/107_8.xyt,out/xyt/FVC2002_DB4_B/102_3.xyt
16,out/xyt/FVC2004_DB4_B/103_4.xyt,out/xyt/FVC2004_DB4_B/108_2.xyt
16,out/xyt/FVC2002_DB1_B/102_7.xyt,out/xyt/FVC2004_DB1_B/104_3.xyt
16,out/xyt/FVC2002_DB1_B/102_2.xyt,out/xyt/FVC2002_DB4_B/108_6.xyt
16,out/xyt/FVC2000_DB4_B/103_8.xyt,out/xyt/FVC2004_DB3_B/105_8.xyt
16,out/xyt/FVC2002_DB4_B/102_1.xyt,out/xyt/FVC2004_DB4_B/103_5.xyt
16,out/xyt/FVC2002_DB2_B/101_8.xyt,out/xyt/FVC2004_DB1_B/103_4.xyt
16,out/xyt/FVC2002_DB1_B/110_8.xyt,out/xyt/FVC2004_DB2_B/102_3.xyt
16,out/xyt/FVC2002_DB1_B/107_4.xyt,out/xyt/FVC2002_DB2_B/109_6.xyt
16,out/xyt/FVC2000_DB1_B/105_1.xyt,out/xyt/FVC2004_DB4_B/104_2.xyt
16,out/xyt/FVC2000_DB2_B/104_6.xyt,out/xyt/FVC2004_DB3_B/105_1.xyt
16,out/xyt/FVC2002_DB2_B/104_2.xyt,out/xyt/FVC2004_DB1_B/109_4.xyt
16,out/xyt/FVC2002_DB4_B/110_5.xyt,out/xyt/FVC2004_DB4_B/104_2.xyt
16,out/xyt/FVC2002_DB1_B/106_6.xyt,out/xyt/FVC2002_DB4_B/107_5.xyt
16,out/xyt/FVC2000_DB4_B/109_8.xyt,out/xyt/FVC2002_DB1_B/102_1.xyt
16,out/xyt/FVC2004_DB1_B/104_4.xyt,out/xyt/FVC2004_DB4_B/102_6.xyt
16,out/xyt/FVC2000_DB1_B/109_4.xyt,out/xyt/FVC2002_DB1_B/102_6.xyt
16,out/xyt/FVC2000_DB4_B/101_4.xyt,out/xyt/FVC2004_DB4_B/105_2.xyt
16,out/xyt/FVC2002_DB1_B/107_6.xyt,out/xyt/FVC2002_DB2_B/108_2.xyt
16,out/xyt/FVC2000_DB4_B/109_1.xyt,out/xyt/FVC2002_DB4_B/103_3.xyt
16,out/xyt/FVC2004_DB1_B/101_1.xyt,out/xyt/FVC2004_DB4_B/106_7.xyt
16,out/xyt/FVC2002_DB2_B/108_4.xyt,out/xyt/FVC2002_DB4_B/110_1.xyt
16,out/xyt/FVC2002_DB2_B/110_6.xyt,out/xyt/FVC2002_DB4_B/103_4.xyt
16,out/xyt/FVC2002_DB1_B/101_6.xyt,out/xyt/FVC2002_DB2_B/108_2.xyt
16,out/xyt/FVC2002_DB2_B/108_4.xyt,out/xyt/FVC2004_DB3_B/105_8.xyt
16,out/xyt/FVC2004_DB4_B/102_2.xyt,out/xyt/FVC2004_DB4_B/109_8.xyt
16,out/xyt/FVC2000_DB1_B/107_4.xyt,out/xyt/FVC2000_DB1_B/108_6.xyt
16,out/xyt/FVC2000_DB4_B/105_4.xyt,out/xyt/FVC2002_DB4_B/103_1.xyt
16,out/xyt/FVC2004_DB1_B/107_6.xyt,out/xyt/FVC2004_DB4_B/102_4.xyt
16,out/xyt/FVC2000_DB2_B/104_6.xyt,out/xyt/FVC2000_DB4_B/103_1.xyt
16,out/xyt/FVC2000_DB3_B/104_3.xyt,out/xyt/FVC2000_DB4_B/109_2.xyt
16,out/xyt/FVC2002_DB3_B/104_5.xyt,out/xyt/FVC2004_DB1_B/107_5.xyt
16,out/xyt/FVC2000_DB4_B/103_6.xyt,out/xyt/FVC2002_DB4_B/101_8.xyt
16,out/xyt/FVC2002_DB1_B/102_3.xyt,out/xyt/FVC2002_DB2_B/110_6.xyt
16,out/xyt/FVC2004_DB1_B/110_5.xyt,out/xyt/FVC2004_DB2_B/102_8.xyt
16,out/xyt/FVC2000_DB4_B/110_5.xyt,out/xyt/FVC2004_DB4_B/109_5.xyt
16,out/xyt/FVC2000_DB2_B/107_4.xyt,out/xyt/FVC2002_DB2_B/103_8.xyt
16,out/xyt/FVC2000_DB4_B/104_7.xyt,out/xyt/FVC2002_DB1_B/105_1.xyt
16,out/xyt/FVC2004_DB3_B/104_8.xyt,out/xyt/FVC2004_DB3_B/110_7.xyt
16,out/xyt/FVC2000_DB4_B/110_5.xyt,out/xyt/FVC2002_DB4_B/105_7.xyt
16,out/xyt/FVC2004_DB1_B/103_6.xyt,out/xyt/FVC2004_DB1_B/105_6.xyt
16,out/xyt/FVC2002_DB3_B/108_5.xyt,out/xyt/FVC2002_DB4_B/110_3.xyt
16,out/xyt/FVC2002_DB1_B/102_1.xyt,out/xyt/FVC2004_DB4_B/106_8.xyt
16,out/xyt/FVC2004_DB1_B/105_5.xyt,out/xyt/FVC2004_DB3_B/105_3.xyt
16,out/xyt/FVC2000_DB4_B/110_4.xyt,out/xyt/FVC2004_DB4_B/109_7.xyt
16,out/xyt/FVC2004_DB2_B/105_6.xyt,out/xyt/FVC2004_DB4_B/106_4.xyt
16,out/xyt/FVC2002_DB1_B/106_8.xyt,out/xyt/FVC2004_DB1_B/104_1.xyt
16,out/xyt/FVC2000_DB2_B/107_6.xyt,out/xyt/FVC2002_DB2_B/108_5.xyt
16,out/xyt/FVC2000_DB2_B/109_1.xyt,out/xyt/FVC2002_DB4_B/109_5.xyt
16,out/xyt/FVC2002_DB3_B/108_7.xyt,out/xyt/FVC2004_DB4_B/110_2.xyt
16,out/xyt/FVC2004_DB1_B/103_8.xyt,out/xyt/FVC2004_DB4_B/106_8.xyt
16,out/xyt/FVC2002_DB3_B/106_1.xyt,out/xyt/FVC2002_DB3_B/107_2.xyt
16,out/xyt/FVC2002_DB1_B/101_6.xyt,out/xyt/FVC2002_DB3_B/108_8.xyt
16,out/xyt/FVC2004_DB1_B/101_3.xyt,out/xyt/FVC2004_DB4_B/108_4.xyt
16,out/xyt/FVC2000_DB1_B/109_5.xyt,out/xyt/FVC2000_DB4_B/109_7.xyt
16,out/xyt/FVC2000_DB4_B/109_3.xyt,out/xyt/FVC2002_DB2_B/102_8.xyt
16,out/xyt/FVC2002_DB2_B/105_2.xyt,out/xyt/FVC2002_DB4_B/102_5.xyt
16,out/xyt/FVC2004_DB2_B/108_1.xyt,out/xyt/FVC2004_DB4_B/104_7.xyt
16,out/xyt/FVC2002_DB2_B/105_3.xyt,out/xyt/FVC2004_DB1_B/103_1.xyt
16,out/xyt/FVC2000_DB4_B/110_2.xyt,out/xyt/FVC2002_DB4_B/105_4.xyt
16,out/xyt/FVC2000_DB4_B/103_5.xyt,out/xyt/FVC2002_DB4_B/101_4.xyt
16,out/xyt/FVC2002_DB2_B/106_5.xyt,out/xyt/FVC2002_DB2_B/109_5.xyt
16,out/xyt/FVC2004_DB1_B/103_1.xyt,out/xyt/FVC2004_DB1_B/108_2.xyt
16,out/xyt/FVC2004_DB3_B/101_5.xyt,out/xyt/FVC2004_DB4_B/101_5.xyt
16,out/xyt/FVC2004_DB1_B/108_6.xyt,out/xyt/FVC2004_DB2_B/108_5.xyt
16,out/xyt/FVC2002_DB1_B/105_1.xyt,out/xyt/FVC2002_DB4_B/108_2.xyt
16,out/xyt/FVC2000_DB2_B/107_5.xyt,out/xyt/FVC2002_DB2_B/108_3.xyt
16,out/xyt/FVC2000_DB3_B/109_7.xyt,out/xyt/FVC2004_DB3_B/108_7.xyt
16,out/xyt/FVC2000_DB4_B/103_6.xyt,out/xyt/FVC2004_DB3_B/107_1.xyt
16,out/xyt/FVC2002_DB1_B/109_4.xyt,out/xyt/FVC2002_DB2_B/105_3.xyt
16,out/xyt/FVC2004_DB2_B/109_6.xyt,out/xyt/FVC2004_DB3_B/109_5.xyt
16,out/xyt/FVC2002_DB2_B/103_7.xyt,out/xyt/FVC2002_DB4_B/102_3.xyt
16,out/xyt/FVC2000_DB1_B/109_4.xyt,out/xyt/FVC2004_DB4_B/110_3.xyt
16,out/xyt/FVC2002_DB3_B/104_1.xyt,out/xyt/FVC2002_DB3_B/105_4.xyt
16,out/xyt/FVC2002_DB1_B/107_1.xyt,out/xyt/FVC2002_DB4_B/103_4.xyt
16,out/xyt/FVC2002_DB4_B/103_4.xyt,out/xyt/FVC2004_DB4_B/108_8.xyt
16,out/xyt/FVC2000_DB2_B/104_5.xyt,out/xyt/FVC2002_DB2_B/106_7.xyt
16,out/xyt/FVC2000_DB2_B/105_3.xyt,out/xyt/FVC2002_DB2_B/102_8.xyt
16,out/xyt/FVC2002_DB1_B/102_4.xyt,out/xyt/FVC2002_DB2_B/109_5.xyt
16,out/xyt/FVC2002_DB3_B/101_1.xyt,out/xyt/FVC2002_DB4_B/110_4.xyt
16,out/xyt/FVC2002_DB1_B/105_1.xyt,out/xyt/FVC2004_DB2_B/108_2.xyt
16,out/xyt/FVC2002_DB4_B/103_8.xyt,out/xyt/FVC2004_DB3_B/105_4.xyt
16,out/xyt/FVC2004_DB2_B/104_5.xyt,out/xyt/FVC2004_DB2_B/108_5.xyt
16,out/xyt/FVC2004_DB3_B/104_4.xyt,out/xyt/FVC2004_DB3_B/110_1.xyt
16,out/xyt/FVC2000_DB2_B/103_5.xyt,out/xyt/FVC2002_DB3_B/107_6.xyt
16,out/xyt/FVC2004_DB1_B/103_3.xyt,out/xyt/FVC2004_DB1_B/107_6.xyt
16,out/xyt/FVC2002_DB2_B/103_6.xyt,out/xyt/FVC2002_DB3_B/104_6.xyt
16,out/xyt/FVC2002_DB1_B/105_1.xyt,out/xyt/FVC2002_DB4_B/101_7.xyt
16,out/xyt/FVC2002_DB4_B/108_7.xyt,out/xyt/FVC2004_DB2_B/104_3.xyt
16,out/xyt/FVC2002_DB2_B/106_2.xyt,out/xyt/FVC2004_DB4_B/110_6.xyt
16,out/xyt/FVC2002_DB4_B/105_1.xyt,out/xyt/FVC2004_DB2_B/109_6.xyt
16,out/xyt/FVC2002_DB3_B/106_2.xyt,out/xyt/FVC2002_DB3_B/109_1.xyt
16,out/xyt/FVC2002_DB2_B/101_5.xyt,out/xyt/FVC2002_DB2_B/104_8.xyt
16,out/xyt/FVC2002_DB2_B/103_7.xyt,out/xyt/FVC2004_DB4_B/110_6.xyt
16,out/xyt/FVC2002_DB1_B/106_7.xyt,out/xyt/FVC2004_DB4_B/105_1.xyt
16,out/xyt/FVC2002_DB1_B/106_5.xyt,out/xyt/FVC2002_DB4_B/101_5.xyt
16,out/xyt/FVC2004_DB2_B/108_7.xyt,out/xyt/FVC2004_DB4_B/108_8.xyt
16,out/xyt/FVC2002_DB2_B/102_7.xyt,out/xyt/FVC2004_DB1_B/108_5.xyt
16,out/xyt/FVC2002_DB1_B/102_7.xyt,out/xyt/FVC2004_DB4_B/106_8.xyt
16,out/xyt/FVC2004_DB1_B/102_6.xyt,out/xyt/FVC2004_DB1_B/110_3.xyt
16,out/xyt/FVC2004_DB2_B/109_6.xyt,out/xyt/FVC2004_DB3_B/106_2.xyt
16,out/xyt/FVC2002_DB1_B/105_4.xyt,out/xyt/FVC2004_DB4_B/106_3.xyt
16,out/xyt/FVC2000_DB4_B/104_4.xyt,out/xyt/FVC2002_DB1_B/107_3.xyt
16,out/xyt/FVC2002_DB4_B/107_2.xyt,out/xyt/FVC2004_DB4_B/104_7.xyt
16,out/xyt/FVC2002_DB3_B/105_5.xyt,out/xyt/FVC2002_DB4_B/105_4.xyt
16,out/xyt/FVC2002_DB4_B/102_4.xyt,out/xyt/FVC2004_DB2_B/102_1.xyt
16,out/xyt/FVC2000_DB1_B/108_6.xyt,out/xyt/FVC2000_DB4_B/102_8.xyt
16,out/xyt/FVC2002_DB4_B/108_3.xyt,out/xyt/FVC2004_DB4_B/105_1.xyt
16,out/xyt/FVC2004_DB1_B/108_7.xyt,out/xyt/FVC2004_DB2_B/104_2.xyt
16,out/xyt/FVC2000_DB4_B/109_1.xyt,out/xyt/FVC2004_DB1_B/108_4.xyt
16,out/xyt/FVC2002_DB1_B/102_1.xyt,out/xyt/FVC2002_DB2_B/109_7.xyt
16,out/xyt/FVC2002_DB2_B/107_6.xyt,out/xyt/FVC2002_DB4_B/110_1.xyt
16,out/xyt/FVC2002_DB3_B/104_8.xyt,out/xyt/FVC2004_DB1_B/108_4.xyt
16,out/xyt/FVC2002_DB4_B/103_1.xyt,out/xyt/FVC2004_DB4_B/108_4.xyt
16,out/xyt/FVC2002_DB4_B/109_5.xyt,out/xyt/FVC2004_DB4_B/106_4.xyt
16,out/xyt/FVC2002_DB1_B/110_3.xyt,out/xyt/FVC2002_DB4_B/105_6.xyt
16,out/xyt/FVC2002_DB3_B/101_4.xyt,out/xyt/FVC2002_DB4_B/108_2.xyt
16,out/xyt/FVC2004_DB3_B/104_7.xyt,out/xyt/FVC2004_DB3_B/110_7.xyt
16,out/xyt/FVC2002_DB4_B/110_6.xyt,out/xyt/FVC2004_DB1_B/110_7.xyt
16,out/xyt/FVC2004_DB3_B/102_3.xyt,out/xyt/FVC2004_DB3_B/104_4.xyt
16,out/xyt/FVC2002_DB1_B/104_6.xyt,out/xyt/FVC2004_DB2_B/104_5.xyt
16,out/xyt/FVC2002_DB2_B/108_3.xyt,out/xyt/FVC2004_DB2_B/110_5.xyt
16,out/xyt/FVC2000_DB1_B/109_7.xyt,out/xyt/FVC2000_DB2_B/105_3.xyt
16,out/xyt/FVC2002_DB3_B/108_4.xyt,out/xyt/FVC2004_DB3_B/102_7.xyt
16,out/xyt/FVC2002_DB2_B/109_2.xyt,out/xyt/FVC2002_DB4_B/103_3.xyt
16,out/xyt/FVC2000_DB2_B/107_6.xyt,out/xyt/FVC2000_DB4_B/108_6.xyt
16,out/xyt/FVC2002_DB1_B/110_4.xyt,out/xyt/FVC2004_DB2_B/102_3.xyt
16,out/xyt/FVC2004_DB1_B/104_3.xyt,out/xyt/FVC2004_DB1_B/105_4.xyt
16,out/xyt/FVC2002_DB3_B/105_4.xyt,out/xyt/FVC2004_DB1_B/102_8.xyt
16,out/xyt/FVC2002_DB2_B/103_5.xyt,out/xyt/FVC2002_DB4_B/110_6.xyt
16,out/xyt/FVC2004_DB1_B/102_2.xyt,out/xyt/FVC2004_DB2_B/103_7.xyt
16,out/xyt/FVC2002_DB4_B/105_3.xyt,out/xyt/FVC2004_DB4_B/105_2.xyt
16,out/xyt/FVC2002_DB1_B/106_5.xyt,out/xyt/FVC2004_DB2_B/109_6.xyt
16,out/xyt/FVC2000_DB2_B/108_7.xyt,out/xyt/FVC2004_DB3_B/110_6.xyt
16,out/xyt/FVC2002_DB4_B/110_1.xyt,out/xyt/FVC2004_DB1_B/110_5.xyt
16,out/xyt/FVC2002_DB2_B/107_7.xyt,out/xyt/FVC2004_DB2_B/108_3.xyt
16,out/xyt/FVC2000_DB2_B/107_6.xyt,out/xyt/FVC2004_DB4_B/106_7.xyt
16,out/xyt/FVC2000_DB1_B/109_3.xyt,out/xyt/FVC2002_DB4_B/101_1.xyt
16,out/xyt/FVC2000_DB2_B/103_5.xyt,out/xyt/FVC2004_DB2_B/103_5.xyt
16,out/xyt/FVC2002_DB2_B/106_5.xyt,out/xyt/FVC2002_DB2_B/109_1.xyt
16,out/xyt/FVC2000_DB2_B/109_5.xyt,out/xyt/FVC2004_DB4_B/106_4.xyt
16,out/xyt/FVC2000_DB4_B/103_2.xyt,out/xyt/FVC2002_DB4_B/102_3.xyt
16,out/xyt/FVC2004_DB1_B/104_3.xyt,out/xyt/FVC2004_DB3_B/107_1.xyt
16,out/xyt/FVC2004_DB1_B/109_3.xyt,out/xyt/FVC2004_DB2_B/101_3.xyt
16,out/xyt/FVC2000_DB4_B/103_5.xyt,out/xyt/FVC2002_DB4_B/105_8.xyt
16,out/xyt/FVC2002_DB4_B/103_4.xyt,out/xyt/FVC2002_DB4_B/106_7.xyt
16,out/xyt/FVC2004_DB2_B/106_3.xyt,out/xyt/FVC2004_DB4_B/108_5.xyt
16,out/xyt/FVC2004_DB1_B/107_8.xyt,out/xyt/FVC2004_DB4_B/102_4.xyt
16,out/xyt/FVC2002_DB2_B/103_7.xyt,out/xyt/FVC2002_DB2_B/108_3.xyt
16,out/xyt/FVC2004_DB2_B/108_3.xyt,out/xyt/FVC2004_DB2_B/109_1.xyt
16,out/xyt/FVC2002_DB4_B/109_2.xyt,out/xyt/FVC2004_DB1_B/107_1.xyt
16,out/xyt/FVC2000_DB4_B/109_3.xyt,out/xyt/FVC2002_DB4_B/110_4.xyt
16,out/xyt/FVC2004_DB2_B/102_1.xyt,out/xyt/FVC2004_DB2_B/108_4.xyt
16,out/xyt/FVC2002_DB2_B/102_7.xyt,out/xyt/FVC2002_DB4_B/108_1.xyt
16,out/xyt/FVC2002_DB3_B/109_7.xyt,out/xyt/FVC2002_DB4_B/109_1.xyt
16,out/xyt/FVC2004_DB2_B/107_1.xyt,out/xyt/FVC2004_DB3_B/102_7.xyt
16,out/xyt/FVC2000_DB4_B/102_8.xyt,out/xyt/FVC2002_DB4_B/110_8.xyt
16,out/xyt/FVC2004_DB2_B/108_2.xyt,out/xyt/FVC2004_DB2_B/110_8.xyt
16,out/xyt/FVC2004_DB3_B/101_1.xyt,out/xyt/FVC2004_DB3_B/102_2.xyt
16,out/xyt/FVC2000_DB4_B/109_4.xyt,out/xyt/FVC2002_DB3_B/110_1.xyt
16,out/xyt/FVC2002_DB4_B/102_3.xyt,out/xyt/FVC2004_DB4_B/109_5.xyt
16,out/xyt/FVC2000_DB4_B/110_7.xyt,out/xyt/FVC2002_DB1_B/110_4.xyt
16,out/xyt/FVC2004_DB4_B/105_8.xyt,out/xyt/FVC2004_DB4_B/106_7.xyt
16,out/xyt/FVC2002_DB1_B/107_6.xyt,out/xyt/FVC2004_DB2_B/109_4.xyt
16,out/xyt/FVC2002_DB3_B/106_4.xyt,out/xyt/FVC2004_DB1_B/102_1.xyt
16,out/xyt/FVC2002_DB1_B/102_6.xyt,out/xyt/FVC2002_DB4_B/109_3.xyt
16,out/xyt/FVC2002_DB4_B/110_5.xyt,out/xyt/FVC2004_DB1_B/103_6.xyt
16,out/xyt/FVC2000_DB4_B/110_3.xyt,out/xyt/FVC2002_DB3_B/108_4.xyt
16,out/xyt/FVC2002_DB4_B/110_4.xyt,out/xyt/FVC2004_DB4_B/105_8.xyt
16,out/xyt/FVC2000_DB4_B/110_3.xyt,out/xyt/FVC2004_DB4_B/106_4.xyt
16,out/xyt/FVC2004_DB1_B/101_7.xyt,out/xyt/FVC2004_DB2_B/108_7.xyt
16,out/xyt/FVC2002_DB1_B/106_8.xyt,out/xyt/FVC2004_DB1_B/107_7.xyt
16,out/xyt/FVC2002_DB2_B/106_3.xyt,out/xyt/FVC2004_DB3_B/105_8.xyt
16,out/xyt/FVC2002_DB4_B/102_3.xyt,out/xyt/FVC2004_DB4_B/110_7.xyt
16,out/xyt/FVC2002_DB2_B/109_5.xyt,out/xyt/FVC2002_DB4_B/102_3.xyt
16,out/xyt/FVC2002_DB2_B/108_7.xyt,out/xyt/FVC2002_DB4_B/110_2.xyt
16,out/xyt/FVC2002_DB4_B/105_5.xyt,out/xyt/FVC2004_DB4_B/103_5.xyt
16,out/xyt/FVC2002_DB2_B/110_3.xyt,out/xyt/FVC2004_DB1_B/103_7.xyt
16,out/xyt/FVC2002_DB2_B/109_6.xyt,out/xyt/FVC2002_DB4_B/108_5.xyt
16,out/xyt/FVC2002_DB1_B/106_5.xyt,out/xyt/FVC2004_DB2_B/110_2.xyt
16,out/xyt/FVC2000_DB2_B/107_6.xyt,out/xyt/FVC2004_DB3_B/106_1.xyt
16,out/xyt/FVC2002_DB2_B/101_2.xyt,out/xyt/FVC2002_DB3_B/109_2.xyt
16,out/xyt/FVC2000_DB3_B/110_7.xyt,out/xyt/FVC2004_DB4_B/103_3.xyt
16,out/xyt/FVC2002_DB2_B/108_1.xyt,out/xyt/FVC2002_DB4_B/103_4.xyt
16,out/xyt/FVC2002_DB2_B/109_1.xyt,out/xyt/FVC2004_DB1_B/104_7.xyt
16,out/xyt/FVC2004_DB3_B/103_5.xyt,out/xyt/FVC2004_DB3_B/104_3.xyt
16,out/xyt/FVC2002_DB2_B/108_1.xyt,out/xyt/FVC2002_DB4_B/110_1.xyt
16,out/xyt/FVC2000_DB2_B/109_2.xyt,out/xyt/FVC2002_DB4_B/110_6.xyt
16,out/xyt/FVC2000_DB4_B/110_1.xyt,out/xyt/FVC2004_DB4_B/106_7.xyt
16,out/xyt/FVC2002_DB2_B/110_6.xyt,out/xyt/FVC2004_DB4_B/108_4.xyt
16,out/xyt/FVC2004_DB1_B/101_4.xyt,out/xyt/FVC2004_DB1_B/103_6.xyt
16,out/xyt/FVC2000_DB2_B/104_6.xyt,out/xyt/FVC2002_DB1_B/110_8.xyt
16,out/xyt/FVC2002_DB2_B/101_7.xyt,out/xyt/FVC2002_DB2_B/104_2.xyt
16,out/xyt/FVC2000_DB2_B/104_3.xyt,out/xyt/FVC2002_DB2_B/108_3.xyt
16,out/xyt/FVC2002_DB3_B/106_1.xyt,out/xyt/FVC2004_DB2_B/101_3.xyt
16,out/xyt/FVC2002_DB1_B/105_7.xyt,out/xyt/FVC2002_DB4_B/109_2.xyt
16,out/xyt/FVC2000_DB3_B/104_3.xyt,out/xyt/FVC2000_DB3_B/110_7.xyt
16,out/xyt/FVC2004_DB3_B/102_5.xyt,out/xyt/FVC2004_DB4_B/102_2.xyt
16,out/xyt/FVC2002_DB1_B/106_3.xyt,out/xyt/FVC2004_DB4_B/105_1.xyt
16,out/xyt/FVC2004_DB1_B/104_6.xyt,out/xyt/FVC2004_DB1_B/108_5.xyt
16,out/xyt/FVC2004_DB3_B/107_3.xyt,out/xyt/FVC2004_DB3_B/108_8.xyt
16,out/xyt/FVC2000_DB1_B/109_4.xyt,out/xyt/FVC2004_DB2_B/109_7.xyt
16,out/xyt/FVC2004_DB1_B/104_5.xyt,out/xyt/FVC2004_DB4_B/102_6.xyt
16,out/xyt/FVC2000_DB1_B/102_8.xyt,out/xyt/FVC2002_DB3_B/106_7.xyt
16,out/xyt/FVC2002_DB1_B/102_6.xyt,out/xyt/FVC2004_DB2_B/108_3.xyt
16,out/xyt/FVC2000_DB4_B/109_3.xyt,out/xyt/FVC2002_DB2_B/106_1.xyt
16,out/xyt/FVC2002_DB1_B/102_1.xyt,out/xyt/FVC2002_DB4_B/103_4.xyt
16,out/xyt/FVC2004_DB1_B/103_7.xyt,out/xyt/FVC2004_DB4_B/106_4.xyt
16,out/xyt/FVC2002_DB4_B/103_7.xyt,out/xyt/FVC2004_DB1_B/102_8.xyt
16,out/xyt/FVC2004_DB1_B/103_3.xyt,out/xyt/FVC2004_DB3_B/105_4.xyt
16,out/xyt/FVC2002_DB3_B/109_7.xyt,out/xyt/FVC2004_DB1_B/107_1.xyt
16,out/xyt/FVC2002_DB3_B/106_3.xyt,out/xyt/FVC2002_DB3_B/108_7.xyt
16,out/xyt/FVC2002_DB4_B/101_8.xyt,out/xyt/FVC2004_DB1_B/104_6.xyt
16,out/xyt/FVC2000_DB2_B/106_2.xyt,out/xyt/FVC2002_DB1_B/109_4.xyt
16,out/xyt/FVC2004_DB4_B/101_2.xyt,out/xyt/FVC2004_DB4_B/103_1.xyt
16,out/xyt/FVC2002_DB4_B/105_3.xyt,out/xyt/FVC2004_DB1_B/107_5.xyt
16,out/xyt/FVC2000_DB4_B/102_1.xyt,out/xyt/FVC2000_DB4_B/105_1.xyt
16,out/xyt/FVC2002_DB1_B/106_1.xyt,out/xyt/FVC2004_DB3_B/105_6.xyt
16,out/xyt/FVC2002_DB1_B/102_1.xyt,out/xyt/FVC2002_DB2_B/108_8.xyt
16,out/xyt/FVC2002_DB2_B/103_1.xyt,out/xyt/FVC2004_DB2_B/108_1.xyt
16,out/xyt/FVC2002_DB3_B/109_1.xyt,out/xyt/FVC2004_DB1_B/108_6.xyt
16,out/xyt/FVC2002_DB2_B/110_3.xyt,out/xyt/FVC2004_DB1_B/107_6.xyt
16,out/xyt/FVC2000_DB1_B/109_4.xyt,out/xyt/FVC2002_DB2_B/106_1.xyt
16,out/xyt/FVC2004_DB2_B/104_7.xyt,out/xyt/FVC2004_DB2_B/110_2.xyt
16,out/xyt/FVC2000_DB3_B/110_7.xyt,out/xyt/FVC2004_DB4_B/103_1.xyt
16,out/xyt/FVC2002_DB3_B/104_3.xyt,out/xyt/FVC2002_DB3_B/109_3.xyt
16,out/xyt/FVC2002_DB1_B/102_2.xyt,out/xyt/FVC2002_DB4_B/107_2.xyt
16,out/xyt/FVC2000_DB4_B/110_3.xyt,out/xyt/FVC2002_DB3_B/104_1.xyt
16,out/xyt/FVC2000_DB2_B/107_6.xyt,out/xyt/FVC2000_DB2_B/109_5.xyt
16,out/xyt/FVC2002_DB3_B/110_1.xyt,out/xyt/FVC2002_DB4_B/102_5.xyt
16,out/xyt/FVC2002_DB1_B/110_6.xyt,out/xyt/FVC2004_DB1_B/103_6.xyt
16,out/xyt/FVC2004_DB1_B/101_2.xyt,out/xyt/FVC2004_DB4_B/102_6.xyt
16,out/xyt/FVC2002_DB4_B/103_8.xyt,out/xyt/FVC2004_DB2_B/109_7.xyt
16,out/xyt/FVC2000_DB4_B/103_6.xyt,out/xyt/FVC2000_DB4_B/104_4.xyt
16,out/xyt/FVC2002_DB4_B/109_5.xyt,out/xyt/FVC2004_DB1_B/105_7.xyt
16,out/xyt/FVC2000_DB4_B/103_6.xyt,out/xyt/FVC2002_DB4_B/103_8.xyt
16,out/xyt/FVC2002_DB1_B/104_4.xyt,out/xyt/FVC2004_DB1_B/108_5.xyt
16,out/xyt/FVC2002_DB3_B/109_1.xyt,out/xyt/FVC2002_DB4_B/102_4.xyt
16,out/xyt/FVC2002_DB4_B/102_5.xyt,out/xyt/FVC2002_DB4_B/110_3.xyt
16,out/xyt/FVC2002_DB4_B/110_1.xyt,out/xyt/FVC2004_DB4_B/105_2.xyt
16,out/xyt/FVC2004_DB4_B/108_4.xyt,out/xyt/FVC2004_DB4_B/109_1.xyt
16,out/xyt/FVC2002_DB1_B/107_6.xyt,out/xyt/FVC2004_DB4_B/110_1.xyt
16,out/xyt/FVC2002_DB4_B/105_8.xyt,out/xyt/FVC2004_DB4_B/103_3.xyt
16,out/xyt/FVC2000_DB1_B/104_8.xyt,out/xyt/FVC2004_DB1_B/102_8.xyt
16,out/xyt/FVC2004_DB1_B/107_5.xyt,out/xyt/FVC2004_DB2_B/108_1.xyt
16,out/xyt/FVC2004_DB3_B/105_1.xyt,out/xyt/FVC2004_DB4_B/106_7.xyt
16,out/xyt/FVC2000_DB4_B/104_5.xyt,out/xyt/FVC2002_DB4_B/105_2.xyt
16,out/xyt/FVC2000_DB2_B/105_8.xyt,out/xyt/FVC2004_DB4_B/104_1.xyt
16,out/xyt/FVC2002_DB1_B/101_7.xyt,out/xyt/FVC2002_DB1_B/105_6.xyt
16,out/xyt/FVC2002_DB1_B/102_1.xyt,out/xyt/FVC2004_DB3_B/106_1.xyt
16,out/xyt/FVC2002_DB3_B/109_6.xyt,out/xyt/FVC2002_DB4_B/105_8.xyt
16,out/xyt/FVC2002_DB4_B/102_6.xyt,out/xyt/FVC2002_DB4_B/110_2.xyt
16,out/xyt/FVC2002_DB3_B/108_5.xyt,out/xyt/FVC2004_DB1_B/101_8.xyt
16,out/xyt/FVC2004_DB1_B/109_8.xyt,out/xyt/FVC2004_DB4_B/105_8.xyt
16,out/xyt/FVC2002_DB4_B/110_1.xyt,out/xyt/FVC2004_DB4_B/104_3.xyt
16,out/xyt/FVC2002_DB4_B/102_4.xyt,out/xyt/FVC2004_DB1_B/104_1.xyt
16,out/xyt/FVC2002_DB2_B/104_8.xyt,out/xyt/FVC2002_DB3_B/107_2.xyt
16,out/xyt/FVC2004_DB1_B/103_2.xyt,out/xyt/FVC2004_DB1_B/107_2.xyt
16,out/xyt/FVC2000_DB2_B/102_1.xyt,out/xyt/FVC2004_DB2_B/104_1.xyt
16,out/xyt/FVC2002_DB1_B/106_8.xyt,out/xyt/FVC2002_DB2_B/108_4.xyt
16,out/xyt/FVC2000_DB4_B/109_6.xyt,out/xyt/FVC2004_DB2_B/106_3.xyt
16,out/xyt/FVC2004_DB4_B/102_6.xyt,out/xyt/FVC2004_DB4_B/105_2.xyt
16,out/xyt/FVC2004_DB2_B/107_1.xyt,out/xyt/FVC2004_DB4_B/103_4.xyt
16,out/xyt/FVC2000_DB4_B/110_3.xyt,out/xyt/FVC2004_DB1_B/103_1.xyt
16,out/xyt/FVC2002_DB1_B/102_4.xyt,out/xyt/FVC2002_DB2_B/109_1.xyt
16,out/xyt/FVC2002_DB4_B/108_2.xyt,out/xyt/FVC2002_DB4_B/110_7.xyt
16,out/xyt/FVC2004_DB2_B/104_1.xyt,out/xyt/FVC2004_DB4_B/110_8.xyt
16,out/xyt/FVC2000_DB4_B/103_2.xyt,out/xyt/FVC2002_DB4_B/102_6.xyt
16,out/xyt/FVC2000_DB4_B/102_7.xyt,out/xyt/FVC2004_DB1_B/110_5.xyt
16,out/xyt/FVC2002_DB1_B/105_1.xyt,out/xyt/FVC2002_DB1_B/106_5.xyt
16,out/xyt/FVC2002_DB4_B/102_7.xyt,out/xyt/FVC2002_DB4_B/110_3.xyt
16,out/xyt/FVC2000_DB4_B/110_5.xyt,out/xyt/FVC2002_DB4_B/105_8.xyt
16,out/xyt/FVC2000_DB4_B/107_6.xyt,out/xyt/FVC2002_DB4_B/101_5.xyt
16,out/xyt/FVC2002_DB4_B/103_8.xyt,out/xyt/FVC2004_DB4_B/101_4.xyt
16,out/xyt/FVC2004_DB1_B/105_5.xyt,out/xyt/FVC2004_DB4_B/102_6.xyt
16,out/xyt/FVC2002_DB2_B/109_5.xyt,out/xyt/FVC2004_DB3_B/105_6.xyt
16,out/xyt/FVC2004_DB3_B/104_1.xyt,out/xyt/FVC2004_DB3_B/110_7.xyt
16,out/xyt/FVC2004_DB1_B/103_6.xyt,out/xyt/FVC2004_DB4_B/109_5.xyt
16,out/xyt/FVC2002_DB1_B/107_3.xyt,out/xyt/FVC2002_DB4_B/102_7.xyt
16,out/xyt/FVC2000_DB2_B/106_6.xyt,out/xyt/FVC2002_DB2_B/101_7.xyt
16,out/xyt/FVC2002_DB1_B/107_7.xyt,out/xyt/FVC2004_DB2_B/109_1.xyt
16,out/xyt/FVC2000_DB4_B/106_5.xyt,out/xyt/FVC2002_DB4_B/110_2.xyt
16,out/xyt/FVC2002_DB3_B/103_5.xyt,out/xyt/FVC2004_DB1_B/107_7.xyt
16,out/xyt/FVC2002_DB1_B/106_8.xyt,out/xyt/FVC2004_DB2_B/104_2.xyt
16,out/xyt/FVC2002_DB2_B/103_2.xyt,out/xyt/FVC2002_DB4_B/101_4.xyt
16,out/xyt/FVC2004_DB1_B/103_6.xyt,out/xyt/FVC2004_DB4_B/109_8.xyt
16,out/xyt/FVC2004_DB1_B/103_1.xyt,out/xyt/FVC2004_DB2_B/103_7.xyt
16,out/xyt/FVC2000_DB2_B/106_1.xyt,out/xyt/FVC2002_DB2_B/101_8.xyt
16,out/xyt/FVC2000_DB4_B/110_4.xyt,out/xyt/FVC2004_DB1_B/102_1.xyt
16,out/xyt/FVC2000_DB2_B/110_1.xyt,out/xyt/FVC2004_DB1_B/105_7.xyt
16,out/xyt/FVC2002_DB2_B/108_7.xyt,out/xyt/FVC2002_DB3_B/102_4.xyt
16,out/xyt/FVC2000_DB4_B/109_4.xyt,out/xyt/FVC2004_DB2_B/108_1.xyt
16,out/xyt/FVC2000_DB4_B/102_1.xyt,out/xyt/FVC2002_DB4_B/107_2.xyt
16,out/xyt/FVC2004_DB1_B/104_4.xyt,out/xyt/FVC2004_DB3_B/107_3.xyt
16,out/xyt/FVC2002_DB2_B/103_8.xyt,out/xyt/FVC2002_DB2_B/109_5.xyt
16,out/xyt/FVC2000_DB2_B/106_1.xyt,out/xyt/FVC2000_DB4_B/110_5.xyt
16,out/xyt/FVC2002_DB4_B/109_3.xyt,out/xyt/FVC2004_DB3_B/108_5.xyt
16,out/xyt/FVC2000_DB4_B/109_7.xyt,out/xyt/FVC2004_DB4_B/107_3.xyt
16,out/xyt/FVC2002_DB1_B/107_3.xyt,out/xyt/FVC2004_DB3_B/105_2.xyt
16,out/xyt/FVC2002_DB1_B/101_3.xyt,out/xyt/FVC2004_DB1_B/106_8.xyt
16,out/xyt/FVC2004_DB4_B/106_7.xyt,out/xyt/FVC2004_DB4_B/108_2.xyt
16,out/xyt/FVC2004_DB1_B/101_2.xyt,out/xyt/FVC2004_DB4_B/108_8.xyt
16,out/xyt/FVC2002_DB4_B/103_1.xyt,out/xyt/FVC2002_DB4_B/107_5.xyt
16,out/xyt/FVC2000_DB4_B/105_4.xyt,out/xyt/FVC2004_DB2_B/109_1.xyt
16,out/xyt/FVC2002_DB4_B/105_3.xyt,out/xyt/FVC2004_DB4_B/110_4.xyt
16,out/xyt/FVC2002_DB1_B/106_7.xyt,out/xyt/FVC2004_DB3_B/106_7.xyt
16,out/xyt/FVC2002_DB2_B/101_4.xyt,out/xyt/FVC2004_DB1_B/107_5.xyt
16,out/xyt/FVC2002_DB2_B/108_2.xyt,out/xyt/FVC2004_DB4_B/104_1.xyt
16,out/xyt/FVC2004_DB1_B/105_5.xyt,out/xyt/FVC2004_DB4_B/101_4.xyt
16,out/xyt/FVC2004_DB3_B/104_1.xyt,out/xyt/FVC2004_DB4_B/102_2.xyt
16,out/xyt/FVC2002_DB1_B/104_4.xyt,out/xyt/FVC2004_DB2_B/104_1.xyt
16,out/xyt/FVC2002_DB4_B/108_3.xyt,out/xyt/FVC2002_DB4_B/109_3.xyt
16,out/xyt/FVC2002_DB2_B/108_8.xyt,out/xyt/FVC2002_DB4_B/102_3.xyt
16,out/xyt/FVC2002_DB2_B/105_2.xyt,out/xyt/FVC2002_DB4_B/102_2.xyt
16,out/xyt/FVC2004_DB1_B/105_4.xyt,out/xyt/FVC2004_DB3_B/107_1.xyt
16,out/xyt/FVC2002_DB4_B/103_8.xyt,out/xyt/FVC2004_DB4_B/109_5.xyt
16,out/xyt/FVC2002_DB4_B/101_4.xyt,out/xyt/FVC2004_DB4_B/110_7.xyt
16,out/xyt/FVC2004_DB2_B/107_1.xyt,out/xyt/FVC2004_DB3_B/110_6.xyt
16,out/xyt/FVC2002_DB3_B/108_5.xyt,out/xyt/FVC2004_DB1_B/107_5.xyt
16,out/xyt/FVC2002_DB4_B/108_6.xyt,out/xyt/FVC2004_DB1_B/103_6.xyt
16,out/xyt/FVC2002_DB4_B/103_3.xyt,out/xyt/FVC2002_DB4_B/110_8.xyt
16,out/xyt/FVC2000_DB4_B/102_5.xyt,out/xyt/FVC2004_DB1_B/104_7.xyt
16,out/xyt/FVC2002_DB2_B/109_2.xyt,out/xyt/FVC2004_DB3_B/108_6.xyt
16,out/xyt/FVC2002_DB3_B/107_1.xyt,out/xyt/FVC2002_DB3_B/108_4.xyt
16,out/xyt/FVC2000_DB2_B/109_2.xyt,out/xyt/FVC2000_DB3_B/109_8.xyt
16,out/xyt/FVC2002_DB4_B/109_6.xyt,out/xyt/FVC2004_DB2_B/107_1.xyt
16,out/xyt/FVC2002_DB1_B/102_1.xyt,out/xyt/FVC2002_DB4_B/103_7.xyt
16,out/xyt/FVC2002_DB1_B/107_2.xyt,out/xyt/FVC2002_DB4_B/110_6.xyt
16,out/xyt/FVC2002_DB1_B/106_3.xyt,out/xyt/FVC2002_DB4_B/107_1.xyt
16,out/xyt/FVC2000_DB4_B/110_1.xyt,out/xyt/FVC2002_DB4_B/109_3.xyt
16,out/xyt/FVC2000_DB1_B/102_1.xyt,out/xyt/FVC2000_DB4_B/102_6.xyt
16,out/xyt/FVC2000_DB2_B/108_5.xyt,out/xyt/FVC2002_DB1_B/102_2.xyt
16,out/xyt/FVC2002_DB2_B/108_7.xyt,out/xyt/FVC2002_DB4_B/101_8.xyt
16,out/xyt/FVC2000_DB1_B/109_3.xyt,out/xyt/FVC2000_DB2_B/105_4.xyt
16,out/xyt/FVC2000_DB4_B/102_5.xyt,out/xyt/FVC2002_DB2_B/103_7.xyt
16,out/xyt/FVC2002_DB1_B/104_7.xyt,out/xyt/FVC2004_DB1_B/104_5.xyt
16,out/xyt/FVC2002_DB3_B/106_4.xyt,out/xyt/FVC2004_DB2_B/104_3.xyt
16,out/xyt/FVC2002_DB3_B/101_2.xyt,out/xyt/FVC2002_DB4_B/109_1.xyt
16,out/xyt/FVC2002_DB2_B/103_2.xyt,out/xyt/FVC2002_DB4_B/101_1.xyt
16,out/xyt/FVC2000_DB4_B/102_1.xyt,out/xyt/FVC2002_DB1_B/105_3.xyt
16,out/xyt/FVC2000_DB2_B/107_2.xyt,out/xyt/FVC2002_DB2_B/109_7.xyt
16,out/xyt/FVC2004_DB4_B/102_2.xyt,out/xyt/FVC2004_DB4_B/103_3.xyt
16,out/xyt/FVC2002_DB1_B/106_5.xyt,out/xyt/FVC2004_DB4_B/105_3.xyt
16,out/xyt/FVC2000_DB3_B/109_7.xyt,out/xyt/FVC2004_DB4_B/101_6.xyt
16,out/xyt/FVC2002_DB4_B/101_8.xyt,out/xyt/FVC2004_DB1_B/104_4.xyt
16,out/xyt/FVC2000_DB4_B/109_2.xyt,out/xyt/FVC2004_DB1_B/101_5.xyt
16,out/xyt/FVC2002_DB3_B/109_1.xyt,out/xyt/FVC2002_DB4_B/109_2.xyt
16,out/xyt/FVC2002_DB3_B/109_7.xyt,out/xyt/FVC2002_DB3_B/110_6.xyt
16,out/xyt/FVC2002_DB1_B/109_7.xyt,out/xyt/FVC2002_DB3_B/109_7.xyt
16,out/xyt/FVC2002_DB1_B/102_2.xyt,out/xyt/FVC2002_DB1_B/109_1.xyt
16,out/xyt/FVC2002_DB3_B/101_8.xyt,out/xyt/FVC2002_DB3_B/107_2.xyt
16,out/xyt/FVC2002_DB2_B/105_7.xyt,out/xyt/FVC2004_DB4_B/106_7.xyt
16,out/xyt/FVC2002_DB2_B/102_6.xyt,out/xyt/FVC2002_DB4_B/107_2.xyt
16,out/xyt/FVC2002_DB1_B/103_5.xyt,out/xyt/FVC2004_DB1_B/108_5.xyt
16,out/xyt/FVC2002_DB2_B/110_6.xyt,out/xyt/FVC2002_DB4_B/110_7.xyt
16,out/xyt/FVC2000_DB4_B/109_5.xyt,out/xyt/FVC2002_DB4_B/110_1.xyt
16,out/xyt/FVC2000_DB2_B/110_8.xyt,out/xyt/FVC2004_DB1_B/105_7.xyt
16,out/xyt/FVC2000_DB2_B/105_2.xyt,out/xyt/FVC2002_DB2_B/106_8.xyt
16,out/xyt/FVC2000_DB1_B/108_7.xyt,out/xyt/FVC2000_DB4_B/101_4.xyt
16,out/xyt/FVC2002_DB4_B/109_8.xyt,out/xyt/FVC2004_DB1_B/101_5.xyt
16,out/xyt/FVC2002_DB3_B/108_5.xyt,out/xyt/FVC2004_DB1_B/102_4.xyt
16,out/xyt/FVC2002_DB1_B/110_8.xyt,out/xyt/FVC2002_DB2_B/106_1.xyt
16,out/xyt/FVC2004_DB1_B/102_1.xyt,out/xyt/FVC2004_DB4_B/106_7.xyt
16,out/xyt/FVC2002_DB3_B/109_2.xyt,out/xyt/FVC2004_DB1_B/107_1.xyt
16,out/xyt/FVC2004_DB3_B/102_4.xyt,out/xyt/FVC2004_DB3_B/104_4.xyt
16,out/xyt/FVC2002_DB4_B/109_2.xyt,out/xyt/FVC2004_DB1_B/107_4.xyt
16,out/xyt/FVC2004_DB1_B/106_8.xyt,out/xyt/FVC2004_DB4_B/106_3.xyt
16,out/xyt/FVC2000_DB3_B/103_1.xyt,out/xyt/FVC2004_DB4_B/103_2.xyt
16,out/xyt/FVC2000_DB4_B/110_7.xyt,out/xyt/FVC2004_DB1_B/103_6.xyt
16,out/xyt/FVC2004_DB4_B/105_7.xyt,out/xyt/FVC2004_DB4_B/108_5.xyt
16,out/xyt/FVC2000_DB2_B/109_2.xyt,out/xyt/FVC2004_DB2_B/106_8.xyt
16,out/xyt/FVC2002_DB2_B/108_4.xyt,out/xyt/FVC2004_DB4_B/108_8.xyt
16,out/xyt/FVC2000_DB4_B/102_2.xyt,out/xyt/FVC2004_DB4_B/107_1.xyt
16,out/xyt/FVC2000_DB1_B/102_8.xyt,out/xyt/FVC2004_DB4_B/110_8.xyt
16,out/xyt/FVC2004_DB1_B/107_1.xyt,out/xyt/FVC2004_DB4_B/109_8.xyt
16,out/xyt/FVC2002_DB2_B/105_2.xyt,out/xyt/FVC2002_DB4_B/103_8.xyt
16,out/xyt/FVC2002_DB2_B/105_2.xyt,out/xyt/FVC2002_DB4_B/102_4.xyt
16,out/xyt/FVC2002_DB3_B/109_7.xyt,out/xyt/FVC2004_DB1_B/101_4.xyt
16,out/xyt/FVC2000_DB1_B/109_4.xyt,out/xyt/FVC2004_DB1_B/104_3.xyt
16,out/xyt/FVC2002_DB4_B/102_4.xyt,out/xyt/FVC2002_DB4_B/105_8.xyt
16,out/xyt/FVC2002_DB4_B/103_5.xyt,out/xyt/FVC2004_DB2_B/102_1.xyt
16,out/xyt/FVC2000_DB2_B/102_2.xyt,out/xyt/FVC2000_DB4_B/110_3.xyt
16,out/xyt/FVC2002_DB1_B/107_2.xyt,out/xyt/FVC2002_DB2_B/105_1.xyt
16,out/xyt/FVC2000_DB4_B/109_2.xyt,out/xyt/FVC2004_DB2_B/108_8.xyt
16,out/xyt/FVC2004_DB3_B/102_4.xyt,out/xyt/FVC2004_DB3_B/110_7.xyt
16,out/xyt/FVC2002_DB1_B/104_5.xyt,out/xyt/FVC2002_DB3_B/101_2.xyt
16,out/xyt/FVC2004_DB3_B/105_1.xyt,out/xyt/FVC2004_DB4_B/109_8.xyt
16,out/xyt/FVC2002_DB2_B/110_3.xyt,out/xyt/FVC2004_DB4_B/101_5.xyt
16,out/xyt/FVC2002_DB1_B/106_7.xyt,out/xyt/FVC2002_DB1_B/107_2.xyt
16,out/xyt/FVC2004_DB3_B/104_1.xyt,out/xyt/FVC2004_DB4_B/101_2.xyt
16,out/xyt/FVC2002_DB4_B/102_3.xyt,out/xyt/FVC2002_DB4_B/105_3.xyt
16,out/xyt/FVC2000_DB1_B/102_2.xyt,out/xyt/FVC2000_DB1_B/108_3.xyt
16,out/xyt/FVC2002_DB3_B/108_7.xyt,out/xyt/FVC2004_DB1_B/105_6.xyt
16,out/xyt/FVC2000_DB4_B/109_8.xyt,out/xyt/FVC2002_DB1_B/105_4.xyt
16,out/xyt/FVC2002_DB3_B/108_4.xyt,out/xyt/FVC2002_DB3_B/109_7.xyt
16,out/xyt/FVC2002_DB1_B/110_1.xyt,out/xyt/FVC2004_DB2_B/102_3.xyt
16,out/xyt/FVC2002_DB3_B/102_4.xyt,out/xyt/FVC2004_DB4_B/108_4.xyt
16,out/xyt/FVC2002_DB2_B/105_7.xyt,out/xyt/FVC2002_DB4_B/108_2.xyt
16,out/xyt/FVC2002_DB2_B/109_5.xyt,out/xyt/FVC2002_DB4_B/102_7.xyt
16,out/xyt/FVC2002_DB2_B/103_4.xyt,out/xyt/FVC2002_DB4_B/103_8.xyt
16,out/xyt/FVC2002_DB4_B/107_2.xyt,out/xyt/FVC2002_DB4_B/108_4.xyt
16,out/xyt/FVC2004_DB1_B/103_7.xyt,out/xyt/FVC2004_DB1_B/107_1.xyt
16,out/xyt/FVC2002_DB4_B/102_1.xyt,out/xyt/FVC2002_DB4_B/110_3.xyt
16,out/xyt/FVC2004_DB1_B/109_1.xyt,out/xyt/FVC2004_DB1_B/110_5.xyt
16,out/xyt/FVC2002_DB3_B/109_4.xyt,out/xyt/FVC2002_DB4_B/102_2.xyt
16,out/xyt/FVC2002_DB2_B/108_5.xyt,out/xyt/FVC2002_DB3_B/106_4.xyt
16,out/xyt/FVC2002_DB4_B/103_5.xyt,out/xyt/FVC2002_DB4_B/110_1.xyt
16,out/xyt/FVC2000_DB4_B/109_7.xyt,out/xyt/FVC2004_DB2_B/108_8.xyt
16,out/xyt/FVC2002_DB1_B/102_6.xyt,out/xyt/FVC2004_DB1_B/103_3.xyt
16,out/xyt/FVC2002_DB4_B/103_8.xyt,out/xyt/FVC2004_DB4_B/108_5.xyt
16,out/xyt/FVC2002_DB4_B/105_8.xyt,out/xyt/FVC2004_DB3_B/102_1.xyt
16,out/xyt/FVC2002_DB3_B/109_6.xyt,out/xyt/FVC2004_DB4_B/103_5.xyt
16,out/xyt/FVC2002_DB1_B/102_1.xyt,out/xyt/FVC2002_DB4_B/101_8.xyt
16,out/xyt/FVC2000_DB4_B/109_5.xyt,out/xyt/FVC2002_DB4_B/105_3.xyt
16,out/xyt/FVC2002_DB1_B/105_7.xyt,out/xyt/FVC2002_DB3_B/103_3.xyt
16,out/xyt/FVC2002_DB2_B/109_5.xyt,out/xyt/FVC2004_DB4_B/106_7.xyt
16,out/xyt/FVC2000_DB3_B/105_4.xyt,out/xyt/FVC2004_DB3_B/103_7.xyt
16,out/xyt/FVC2000_DB3_B/105_4.xyt,out/xyt/FVC2000_DB3_B/110_2.xyt
16,out/xyt/FVC2002_DB2_B/105_6.xyt,out/xyt/FVC2002_DB4_B/102_5.xyt
16,out/xyt/FVC2000_DB2_B/107_7.xyt,out/xyt/FVC2004_DB2_B/103_7.xyt
16,out/xyt/FVC2002_DB1_B/110_4.xyt,out/xyt/FVC2002_DB3_B/106_7.xyt
16,out/xyt/FVC2002_DB1_B/106_7.xyt,out/xyt/FVC2004_DB4_B/102_4.xyt
16,out/xyt/FVC2004_DB1_B/104_6.xyt,out/xyt/FVC2004_DB3_B/105_3.xyt
16,out/xyt/FVC2000_DB3_B/107_4.xyt,out/xyt/FVC2004_DB4_B/102_1.xyt
16,out/xyt/FVC2000_DB1_B/106_8.xyt,out/xyt/FVC2002_DB3_B/103_2.xyt
16,out/xyt/FVC2002_DB4_B/103_5.xyt,out/xyt/FVC2002_DB4_B/109_5.xyt
16,out/xyt/FVC2000_DB4_B/103_1.xyt,out/xyt/FVC2002_DB4_B/110_8.xyt
16,out/xyt/FVC2004_DB1_B/107_1.xyt,out/xyt/FVC2004_DB3_B/106_2.xyt
16,out/xyt/FVC2002_DB4_B/110_8.xyt,out/xyt/FVC2004_DB1_B/105_5.xyt
16,out/xyt/FVC2000_DB1_B/102_8.xyt,out/xyt/FVC2004_DB1_B/101_4.xyt
16,out/xyt/FVC2002_DB1_B/105_4.xyt,out/xyt/FVC2004_DB2_B/108_4.xyt
16,out/xyt/FVC2004_DB1_B/103_3.xyt,out/xyt/FVC2004_DB2_B/109_1.xyt
16,out/xyt/FVC2002_DB1_B/105_8.xyt,out/xyt/FVC2004_DB4_B/103_4.xyt
16,out/xyt/FVC2002_DB2_B/106_6.xyt,out/xyt/FVC2004_DB2_B/102_3.xyt
16,out/xyt/FVC2000_DB4_B/109_3.xyt,out/xyt/FVC2004_DB1_B/104_6.xyt
16,out/xyt/FVC2002_DB2_B/108_2.xyt,out/xyt/FVC2002_DB4_B/103_2.xyt
16,out/xyt/FVC2002_DB3_B/109_2.xyt,out/xyt/FVC2002_DB4_B/109_1.xyt
16,out/xyt/FVC2002_DB2_B/103_7.xyt,out/xyt/FVC2004_DB2_B/108_1.xyt
16,out/xyt/FVC2002_DB2_B/109_2.xyt,out/xyt/FVC2002_DB4_B/110_6.xyt
16,out/xyt/FVC2002_DB2_B/108_8.xyt,out/xyt/FVC2002_DB3_B/109_8.xyt
16,out/xyt/FVC2000_DB3_B/102_3.xyt,out/xyt/FVC2004_DB1_B/109_5.xyt
16,out/xyt/FVC2002_DB4_B/102_1.xyt,out/xyt/FVC2004_DB4_B/105_8.xyt
16,out/xyt/FVC2002_DB4_B/105_4.xyt,out/xyt/FVC2002_DB4_B/106_7.xyt
16,out/xyt/FVC2002_DB1_B/105_7.xyt,out/xyt/FVC2002_DB3_B/108_8.xyt
16,out/xyt/FVC2002_DB1_B/109_7.xyt,out/xyt/FVC2002_DB4_B/106_8.xyt
16,out/xyt/FVC2002_DB2_B/106_4.xyt,out/xyt/FVC2004_DB2_B/101_6.xyt
16,out/xyt/FVC2000_DB4_B/109_2.xyt,out/xyt/FVC2002_DB4_B/105_1.xyt
16,out/xyt/FVC2002_DB1_B/104_5.xyt,out/xyt/FVC2004_DB1_B/108_3.xyt
16,out/xyt/FVC2000_DB4_B/110_3.xyt,out/xyt/FVC2004_DB3_B/107_4.xyt
16,out/xyt/FVC2002_DB1_B/107_4.xyt,out/xyt/FVC2002_DB3_B/105_1.xyt
16,out/xyt/FVC2004_DB2_B/108_7.xyt,out/xyt/FVC2004_DB4_B/108_6.xyt
16,out/xyt/FVC2004_DB3_B/104_8.xyt,out/xyt/FVC2004_DB3_B/108_7.xyt
16,out/xyt/FVC2002_DB4_B/108_2.xyt,out/xyt/FVC2004_DB2_B/108_7.xyt
16,out/xyt/FVC2002_DB1_B/110_2.xyt,out/xyt/FVC2002_DB4_B/110_1.xyt
16,out/xyt/FVC2004_DB1_B/104_1.xyt,out/xyt/FVC2004_DB2_B/104_2.xyt
16,out/xyt/FVC2000_DB2_B/106_6.xyt,out/xyt/FVC2002_DB1_B/109_2.xyt
16,out/xyt/FVC2000_DB4_B/103_3.xyt,out/xyt/FVC2002_DB4_B/102_6.xyt
16,out/xyt/FVC2000_DB4_B/105_2.xyt,out/xyt/FVC2002_DB2_B/103_8.xyt
16,out/xyt/FVC2000_DB1_B/105_3.xyt,out/xyt/FVC2002_DB2_B/103_1.xyt
16,out/xyt/FVC2000_DB2_B/103_5.xyt,out/xyt/FVC2002_DB2_B/101_7.xyt
16,out/xyt/FVC2004_DB2_B/110_6.xyt,out/xyt/FVC2004_DB4_B/102_6.xyt
16,out/xyt/FVC2002_DB3_B/110_7.xyt,out/xyt/FVC2002_DB4_B/109_1.xyt
16,out/xyt/FVC2002_DB1_B/105_8.xyt,out/xyt/FVC2004_DB4_B/106_3.xyt
16,out/xyt/FVC2000_DB4_B/102_1.xyt,out/xyt/FVC2002_DB4_B/106_7.xyt
16,out/xyt/FVC2002_DB3_B/104_2.xyt,out/xyt/FVC2004_DB2_B/104_8.xyt
16,out/xyt/FVC2002_DB1_B/109_7.xyt,out/xyt/FVC2002_DB1_B/110_5.xyt
16,out/xyt/FVC2000_DB2_B/109_8.xyt,out/xyt/FVC2000_DB3_B/110_4.xyt
16,out/xyt/FVC2002_DB4_B/103_7.xyt,out/xyt/FVC2004_DB1_B/104_1.xyt
16,out/xyt/FVC2002_DB4_B/107_1.xyt,out/xyt/FVC2004_DB3_B/105_6.xyt
16,out/xyt/FVC2002_DB2_B/106_1.xyt,out/xyt/FVC2004_DB2_B/109_6.xyt
16,out/xyt/FVC2002_DB2_B/103_8.xyt,out/xyt/FVC2004_DB1_B/110_4.xyt
16,out/xyt/FVC2002_DB4_B/101_4.xyt,out/xyt/FVC2004_DB4_B/108_8.xyt
16,out/xyt/FVC2002_DB4_B/101_4.xyt,out/xyt/FVC2002_DB4_B/102_1.xyt
16,out/xyt/FVC2002_DB4_B/109_4.xyt,out/xyt/FVC2004_DB1_B/107_8.xyt
16,out/xyt/FVC2002_DB2_B/103_2.xyt,out/xyt/FVC2004_DB3_B/105_4.xyt
16,out/xyt/FVC2002_DB1_B/107_7.xyt,out/xyt/FVC2002_DB3_B/108_5.xyt
16,out/xyt/FVC2002_DB2_B/106_3.xyt,out/xyt/FVC2002_DB4_B/109_8.xyt
16,out/xyt/FVC2004_DB1_B/102_8.xyt,out/xyt/FVC2004_DB1_B/103_8.xyt
16,out/xyt/FVC2002_DB3_B/107_3.xyt,out/xyt/FVC2004_DB2_B/109_2.xyt
16,out/xyt/FVC2002_DB2_B/108_1.xyt,out/xyt/FVC2004_DB2_B/110_8.xyt
16,out/xyt/FVC2002_DB2_B/110_6.xyt,out/xyt/FVC2002_DB4_B/102_6.xyt
16,out/xyt/FVC2002_DB2_B/106_3.xyt,out/xyt/FVC2002_DB4_B/102_7.xyt
16,out/xyt/FVC2002_DB1_B/102_4.xyt,out/xyt/FVC2002_DB3_B/109_2.xyt
16,out/xyt/FVC2000_DB1_B/107_1.xyt,out/xyt/FVC2004_DB2_B/103_7.xyt
16,out/xyt/FVC2002_DB1_B/106_5.xyt,out/xyt/FVC2004_DB2_B/109_3.xyt
16,out/xyt/FVC2002_DB4_B/107_2.xyt,out/xyt/FVC2004_DB1_B/105_5.xyt
16,out/xyt/FVC2004_DB1_B/103_6.xyt,out/xyt/FVC2004_DB4_B/105_4.xyt
16,out/xyt/FVC2002_DB2_B/105_7.xyt,out/xyt/FVC2004_DB4_B/110_6.xyt
16,out/xyt/FVC2002_DB4_B/102_7.xyt,out/xyt/FVC2004_DB1_B/104_4.xyt
16,out/xyt/FVC2004_DB3_B/102_2.xyt,out/xyt/FVC2004_DB3_B/103_2.xyt
16,out/xyt/FVC2002_DB4_B/108_6.xyt,out/xyt/FVC2004_DB4_B/104_6.xyt
16,out/xyt/FVC2002_DB1_B/102_6.xyt,out/xyt/FVC2002_DB2_B/109_7.xyt
16,out/xyt/FVC2004_DB2_B/109_7.xyt,out/xyt/FVC2004_DB4_B/110_3.xyt
16,out/xyt/FVC2000_DB2_B/105_3.xyt,out/xyt/FVC2002_DB1_B/110_3.xyt
16,out/xyt/FVC2000_DB4_B/109_2.xyt,out/xyt/FVC2004_DB4_B/105_8.xyt
16,out/xyt/FVC2002_DB4_B/104_6.xyt,out/xyt/FVC2004_DB1_B/110_3.xyt
16,out/xyt/FVC2000_DB4_B/109_3.xyt,out/xyt/FVC2002_DB4_B/108_1.xyt
16,out/xyt/FVC2002_DB1_B/106_8.xyt,out/xyt/FVC2002_DB4_B/109_4.xyt
16,out/xyt/FVC2002_DB4_B/102_4.xyt,out/xyt/FVC2004_DB1_B/105_2.xyt
16,out/xyt/FVC2002_DB3_B/104_8.xyt,out/xyt/FVC2002_DB3_B/105_2.xyt
16,out/xyt/FVC2002_DB4_B/108_1.xyt,out/xyt/FVC2004_DB2_B/108_4.xyt
16,out/xyt/FVC2000_DB2_B/104_6.xyt,out/xyt/FVC2000_DB2_B/105_3.xyt
16,out/xyt/FVC2002_DB1_B/105_3.xyt,out/xyt/FVC2002_DB2_B/108_2.xyt
16,out/xyt/FVC2000_DB4_B/109_6.xyt,out/xyt/FVC2002_DB4_B/105_3.xyt
16,out/xyt/FVC2004_DB3_B/104_6.xyt,out/xyt/FVC2004_DB3_B/108_7.xyt
16,out/xyt/FVC2002_DB4_B/109_3.xyt,out/xyt/FVC2004_DB4_B/104_1.xyt
15,out/xyt/FVC2000_DB2_B/108_4.xyt,out/xyt/FVC2004_DB2_B/108_6.xyt
15,out/xyt/FVC2000_DB2_B/108_5.xyt,out/xyt/FVC2000_DB4_B/110_3.xyt
15,out/xyt/FVC2000_DB2_B/108_5.xyt,out/xyt/FVC2002_DB4_B/109_2.xyt
15,out/xyt/FVC2000_DB2_B/108_5.xyt,out/xyt/FVC2004_DB2_B/108_8.xyt
15,out/xyt/FVC2000_DB2_B/108_5.xyt,out/xyt/FVC2002_DB3_B/109_2.xyt
15,out/xyt/FVC2000_DB2_B/108_6.xyt,out/xyt/FVC2002_DB4_B/109_7.xyt
15,out/xyt/FVC2000_DB2_B/108_6.xyt,out/xyt/FVC2000_DB3_B/105_7.xyt
15,out/xyt/FVC2000_DB2_B/108_7.xyt,out/xyt/FVC2002_DB2_B/110_4.xyt
15,out/xyt/FVC2000_DB2_B/108_6.xyt,out/xyt/FVC2004_DB3_B/104_8.xyt
15,out/xyt/FVC2000_DB2_B/108_6.xyt,out/xyt/FVC2002_DB4_B/109_8.xyt
15,out/xyt/FVC2000_DB2_B/108_5.xyt,out/xyt/FVC2004_DB2_B/104_7.xyt
15,out/xyt/FVC2000_DB2_B/108_6.xyt,out/xyt/FVC2004_DB3_B/104_2.xyt
15,out/xyt/FVC2000_DB2_B/108_6.xyt,out/xyt/FVC2004_DB3_B/104_1.xyt
15,out/xyt/FVC2000_DB2_B/108_8.xyt,out/xyt/FVC2002_DB4_B/103_8.xyt
15,out/xyt/FVC2000_DB2_B/108_6.xyt,out/xyt/FVC2004_DB3_B/104_4.xyt
15,out/xyt/FVC2000_DB2_B/108_7.xyt,out/xyt/FVC2004_DB2_B/107_6.xyt
15,out/xyt/FVC2000_DB2_B/109_1.xyt,out/xyt/FVC2000_DB3_B/102_3.xyt
15,out/xyt/FVC2000_DB2_B/108_7.xyt,out/xyt/FVC2004_DB3_B/104_8.xyt
15,out/xyt/FVC2000_DB2_B/109_2.xyt,out/xyt/FVC2002_DB3_B/110_4.xyt
15,out/xyt/FVC2000_DB2_B/109_5.xyt,out/xyt/FVC2002_DB2_B/109_3.xyt
15,out/xyt/FVC2000_DB2_B/109_2.xyt,out/xyt/FVC2004_DB4_B/102_5.xyt
15,out/xyt/FVC2000_DB2_B/109_3.xyt,out/xyt/FVC2002_DB1_B/106_8.xyt
15,out/xyt/FVC2000_DB2_B/109_3.xyt,out/xyt/FVC2002_DB3_B/110_3.xyt
15,out/xyt/FVC2000_DB2_B/109_1.xyt,out/xyt/FVC2004_DB4_B/102_7.xyt
15,out/xyt/FVC2000_DB2_B/109_1.xyt,out/xyt/FVC2002_DB3_B/105_4.xyt
15,out/xyt/FVC2000_DB2_B/108_7.xyt,out/xyt/FVC2004_DB2_B/107_2.xyt
15,out/xyt/FVC2000_DB2_B/109_5.xyt,out/xyt/FVC2004_DB4_B/108_1.xyt
15,out/xyt/FVC2000_DB2_B/109_2.xyt,out/xyt/FVC2000_DB3_B/108_3.xyt
15,out/xyt/FVC2000_DB2_B/109_1.xyt,out/xyt/FVC2004_DB3_B/102_3.xyt
15,out/xyt/FVC2000_DB2_B/109_1.xyt,out/xyt/FVC2002_DB3_B/108_5.xyt
15,out/xyt/FVC2000_DB2_B/109_1.xyt,out/xyt/FVC2000_DB3_B/109_8.xyt
15,out/xyt/FVC2000_DB2_B/109_1.xyt,out/xyt/FVC2004_DB3_B/101_1.xyt
15,out/xyt/FVC2000_DB2_B/109_1.xyt,out/xyt/FVC2002_DB1_B/106_2.xyt
15,out/xyt/FVC2000_DB2_B/109_4.xyt,out/xyt/FVC2004_DB3_B/102_7.xyt
15,out/xyt/FVC2000_DB2_B/109_3.xyt,out/xyt/FVC2000_DB3_B/107_5.xyt
15,out/xyt/FVC2000_DB2_B/108_8.xyt,out/xyt/FVC2002_DB4_B/103_3.xyt
15,out/xyt/FVC2000_DB2_B/109_1.xyt,out/xyt/FVC2004_DB1_B/110_8.xyt
15,out/xyt/FVC2000_DB2_B/109_5.xyt,out/xyt/FVC2002_DB1_B/105_7.xyt
15,out/xyt/FVC2000_DB2_B/109_3.xyt,out/xyt/FVC2002_DB1_B/106_7.xyt
15,out/xyt/FVC2000_DB3_B/110_2.xyt,out/xyt/FVC2004_DB2_B/105_3.xyt
15,out/xyt/FVC2000_DB3_B/105_4.xyt,out/xyt/FVC2004_DB2_B/106_8.xyt
15,out/xyt/FVC2000_DB2_B/109_5.xyt,out/xyt/FVC2004_DB1_B/107_2.xyt
15,out/xyt/FVC2000_DB2_B/109_4.xyt,out/xyt/FVC2002_DB4_B/109_5.xyt
15,out/xyt/FVC2000_DB3_B/106_7.xyt,out/xyt/FVC2004_DB2_B/108_7.xyt
15,out/xyt/FVC2000_DB3_B/105_4.xyt,out/xyt/FVC2000_DB3_B/108_3.xyt
15,out/xyt/FVC2000_DB2_B/109_8.xyt,out/xyt/FVC2004_DB2_B/107_7.xyt
15,out/xyt/FVC2000_DB2_B/109_5.xyt,out/xyt/FVC2002_DB4_B/102_4.xyt
15,out/xyt/FVC2000_DB2_B/109_2.xyt,out/xyt/FVC2000_DB3_B/104_3.xyt
15,out/xyt/FVC2000_DB3_B/103_2.xyt,out/xyt/FVC2004_DB4_B/102_6.xyt
15,out/xyt/FVC2000_DB2_B/109_1.xyt,out/xyt/FVC2004_DB3_B/105_4.xyt
15,out/xyt/FVC2000_DB2_B/109_1.xyt,out/xyt/FVC2004_DB3_B/104_8.xyt
15,out/xyt/FVC2000_DB2_B/109_6.xyt,out/xyt/FVC2004_DB4_B/101_5.xyt
15,out/xyt/FVC2000_DB3_B/104_8.xyt,out/xyt/FVC2000_DB3_B/105_7.xyt
15,out/xyt/FVC2000_DB3_B/103_2.xyt,out/xyt/FVC2002_DB1_B/102_7.xyt
15,out/xyt/FVC2000_DB3_B/105_6.xyt,out/xyt/FVC2004_DB2_B/107_1.xyt
15,out/xyt/FVC2000_DB2_B/109_2.xyt,out/xyt/FVC2002_DB1_B/106_2.xyt
15,out/xyt/FVC2000_DB2_B/109_5.xyt,out/xyt/FVC2002_DB4_B/108_6.xyt
15,out/xyt/FVC2000_DB2_B/109_2.xyt,out/xyt/FVC2004_DB3_B/104_1.xyt
15,out/xyt/FVC2000_DB2_B/109_5.xyt,out/xyt/FVC2002_DB4_B/108_5.xyt
15,out/xyt/FVC2000_DB3_B/101_4.xyt,out/xyt/FVC2000_DB3_B/106_8.xyt
15,out/xyt/FVC2000_DB2_B/109_4.xyt,out/xyt/FVC2004_DB3_B/102_5.xyt
15,out/xyt/FVC2000_DB2_B/110_3.xyt,out/xyt/FVC2002_DB2_B/103_6.xyt
15,out/xyt/FVC2000_DB2_B/109_1.xyt,out/xyt/FVC2004_DB3_B/102_5.xyt
15,out/xyt/FVC2000_DB2_B/109_8.xyt,out/xyt/FVC2004_DB3_B/102_1.xyt
15,out/xyt/FVC2000_DB3_B/102_2.xyt,out/xyt/FVC2000_DB3_B/104_4.xyt
15,out/xyt/FVC2000_DB3_B/104_3.xyt,out/xyt/FVC2002_DB1_B/108_3.xyt
15,out/xyt/FVC2000_DB2_B/109_3.xyt,out/xyt/FVC2000_DB4_B/109_2.xyt
15,out/xyt/FVC2000_DB2_B/109_5.xyt,out/xyt/FVC2002_DB2_B/105_3.xyt
15,out/xyt/FVC2000_DB2_B/109_5.xyt,out/xyt/FVC2002_DB3_B/101_8.xyt
15,out/xyt/FVC2000_DB2_B/109_8.xyt,out/xyt/FVC2004_DB4_B/102_6.xyt
15,out/xyt/FVC2000_DB2_B/109_4.xyt,out/xyt/FVC2004_DB2_B/107_2.xyt
15,out/xyt/FVC2000_DB2_B/109_2.xyt,out/xyt/FVC2000_DB3_B/109_3.xyt
15,out/xyt/FVC2000_DB3_B/102_3.xyt,out/xyt/FVC2004_DB3_B/102_6.xyt
15,out/xyt/FVC2000_DB2_B/109_2.xyt,out/xyt/FVC2004_DB3_B/102_2.xyt
15,out/xyt/FVC2000_DB2_B/109_5.xyt,out/xyt/FVC2002_DB1_B/107_1.xyt
15,out/xyt/FVC2000_DB2_B/109_8.xyt,out/xyt/FVC2002_DB1_B/105_2.xyt
15,out/xyt/FVC2000_DB3_B/103_2.xyt,out/xyt/FVC2000_DB3_B/104_3.xyt
15,out/xyt/FVC2000_DB3_B/105_6.xyt,out/xyt/FVC2000_DB3_B/108_8.xyt
15,out/xyt/FVC2000_DB2_B/109_3.xyt,out/xyt/FVC2004_DB4_B/102_5.xyt
15,out/xyt/FVC2000_DB4_B/102_1.xyt,out/xyt/FVC2002_DB4_B/102_4.xyt
15,out/xyt/FVC2000_DB3_B/110_7.xyt,out/xyt/FVC2002_DB1_B/106_2.xyt
15,out/xyt/FVC2000_DB3_B/105_4.xyt,out/xyt/FVC2004_DB3_B/108_3.xyt
15,out/xyt/FVC2000_DB3_B/105_6.xyt,out/xyt/FVC2004_DB1_B/107_8.xyt
15,out/xyt/FVC2000_DB2_B/110_5.xyt,out/xyt/FVC2002_DB2_B/103_2.xyt
15,out/xyt/FVC2000_DB2_B/110_5.xyt,out/xyt/FVC2002_DB2_B/103_5.xyt
15,out/xyt/FVC2000_DB2_B/109_8.xyt,out/xyt/FVC2004_DB3_B/106_6.xyt
15,out/xyt/FVC2000_DB2_B/109_5.xyt,out/xyt/FVC2000_DB4_B/110_3.xyt
15,out/xyt/FVC2000_DB4_B/101_4.xyt,out/xyt/FVC2002_DB2_B/109_7.xyt
15,out/xyt/FVC2000_DB4_B/102_8.xyt,out/xyt/FVC2004_DB1_B/103_1.xyt
15,out/xyt/FVC2000_DB4_B/102_1.xyt,out/xyt/FVC2002_DB4_B/102_6.xyt
15,out/xyt/FVC2000_DB3_B/110_3.xyt,out/xyt/FVC2004_DB4_B/101_4.xyt
15,out/xyt/FVC2000_DB2_B/110_3.xyt,out/xyt/FVC2002_DB2_B/103_1.xyt
15,out/xyt/FVC2000_DB2_B/110_7.xyt,out/xyt/FVC2002_DB3_B/104_3.xyt
15,out/xyt/FVC2000_DB3_B/109_7.xyt,out/xyt/FVC2000_DB4_B/102_8.xyt
15,out/xyt/FVC2000_DB2_B/110_5.xyt,out/xyt/FVC2002_DB2_B/103_8.xyt
15,out/xyt/FVC2000_DB3_B/106_2.xyt,out/xyt/FVC2000_DB3_B/109_1.xyt
15,out/xyt/FVC2000_DB2_B/109_5.xyt,out/xyt/FVC2004_DB4_B/106_1.xyt
15,out/xyt/FVC2000_DB3_B/110_6.xyt,out/xyt/FVC2004_DB4_B/108_1.xyt
15,out/xyt/FVC2000_DB3_B/103_5.xyt,out/xyt/FVC2000_DB3_B/110_2.xyt
15,out/xyt/FVC2000_DB4_B/101_7.xyt,out/xyt/FVC2002_DB1_B/107_3.xyt
15,out/xyt/FVC2000_DB3_B/105_1.xyt,out/xyt/FVC2000_DB3_B/109_2.xyt
15,out/xyt/FVC2000_DB3_B/104_8.xyt,out/xyt/FVC2004_DB3_B/108_7.xyt
15,out/xyt/FVC2000_DB2_B/109_2.xyt,out/xyt/FVC2000_DB3_B/110_7.xyt
15,out/xyt/FVC2000_DB3_B/101_3.xyt,out/xyt/FVC2004_DB3_B/104_1.xyt
15,out/xyt/FVC2000_DB4_B/102_8.xyt,out/xyt/FVC2004_DB4_B/101_3.xyt
15,out/xyt/FVC2000_DB4_B/109_6.xyt,out/xyt/FVC2004_DB1_B/101_1.xyt
15,out/xyt/FVC2000_DB3_B/105_6.xyt,out/xyt/FVC2002_DB4_B/109_7.xyt
15,out/xyt/FVC2000_DB3_B/107_4.xyt,out/xyt/FVC2004_DB4_B/101_4.xyt
15,out/xyt/FVC2000_DB3_B/103_3.xyt,out/xyt/FVC2000_DB3_B/106_3.xyt
15,out/xyt/FVC2000_DB3_B/109_7.xyt,out/xyt/FVC2004_DB1_B/105_8.xyt
15,out/xyt/FVC2000_DB3_B/110_2.xyt,out/xyt/FVC2002_DB4_B/102_3.xyt
15,out/xyt/FVC2000_DB2_B/109_3.xyt,out/xyt/FVC2000_DB3_B/110_7.xyt
15,out/xyt/FVC2000_DB3_B/103_6.xyt,out/xyt/FVC2002_DB4_B/109_6.xyt
15,out/xyt/FVC2000_DB4_B/101_7.xyt,out/xyt/FVC2004_DB1_B/103_6.xyt
15,out/xyt/FVC2000_DB2_B/109_5.xyt,out/xyt/FVC2004_DB3_B/105_2.xyt
15,out/xyt/FVC2000_DB3_B/103_4.xyt,out/xyt/FVC2004_DB2_B/107_1.xyt
15,out/xyt/FVC2000_DB2_B/109_5.xyt,out/xyt/FVC2002_DB4_B/109_8.xyt
15,out/xyt/FVC2000_DB3_B/104_8.xyt,out/xyt/FVC2004_DB4_B/101_8.xyt
15,out/xyt/FVC2000_DB2_B/109_8.xyt,out/xyt/FVC2000_DB3_B/110_7.xyt
15,out/xyt/FVC2000_DB3_B/104_3.xyt,out/xyt/FVC2002_DB3_B/108_2.xyt
15,out/xyt/FVC2000_DB3_B/108_3.xyt,out/xyt/FVC2004_DB3_B/103_7.xyt
15,out/xyt/FVC2000_DB2_B/109_5.xyt,out/xyt/FVC2002_DB1_B/110_4.xyt
15,out/xyt/FVC2000_DB3_B/106_5.xyt,out/xyt/FVC2000_DB3_B/110_2.xyt
15,out/xyt/FVC2000_DB3_B/109_5.xyt,out/xyt/FVC2002_DB4_B/103_4.xyt
15,out/xyt/FVC2000_DB2_B/110_8.xyt,out/xyt/FVC2004_DB1_B/105_5.xyt
15,out/xyt/FVC2000_DB2_B/109_3.xyt,out/xyt/FVC2004_DB2_B/110_4.xyt
15,out/xyt/FVC2000_DB2_B/109_4.xyt,out/xyt/FVC2004_DB1_B/106_2.xyt
15,out/xyt/FVC2000_DB3_B/103_1.xyt,out/xyt/FVC2002_DB4_B/109_7.xyt
15,out/xyt/FVC2000_DB3_B/109_2.xyt,out/xyt/FVC2004_DB4_B/101_8.xyt
15,out/xyt/FVC2000_DB3_B/109_8.xyt,out/xyt/FVC2004_DB3_B/103_5.xyt
15,out/xyt/FVC2000_DB4_B/102_4.xyt,out/xyt/FVC2004_DB1_B/109_5.xyt
15,out/xyt/FVC2000_DB3_B/104_3.xyt,out/xyt/FVC2004_DB3_B/104_2.xyt
15,out/xyt/FVC2000_DB3_B/108_8.xyt,out/xyt/FVC2000_DB3_B/109_6.xyt
15,out/xyt/FVC2000_DB2_B/109_5.xyt,out/xyt/FVC2004_DB3_B/106_1.xyt
15,out/xyt/FVC2000_DB2_B/109_5.xyt,out/xyt/FVC2004_DB1_B/102_2.xyt
15,out/xyt/FVC2000_DB4_B/102_4.xyt,out/xyt/FVC2004_DB4_B/110_6.xyt
15,out/xyt/FVC2000_DB2_B/109_5.xyt,out/xyt/FVC2002_DB4_B/102_7.xyt
15,out/xyt/FVC2000_DB4_B/102_3.xyt,out/xyt/FVC2004_DB2_B/108_4.xyt
15,out/xyt/FVC2000_DB4_B/101_5.xyt,out/xyt/FVC2002_DB2_B/109_4.xyt
15,out/xyt/FVC2000_DB3_B/102_8.xyt,out/xyt/FVC2000_DB3_B/109_7.xyt
15,out/xyt/FVC2000_DB3_B/104_4.xyt,out/xyt/FVC2000_DB3_B/109_7.xyt
15,out/xyt/FVC2000_DB2_B/109_8.xyt,out/xyt/FVC2004_DB4_B/103_1.xyt
15,out/xyt/FVC2000_DB3_B/102_3.xyt,out/xyt/FVC2004_DB2_B/107_1.xyt
15,out/xyt/FVC2000_DB2_B/109_4.xyt,out/xyt/FVC2004_DB3_B/104_1.xyt
15,out/xyt/FVC2000_DB3_B/107_4.xyt,out/xyt/FVC2004_DB3_B/102_2.xyt
15,out/xyt/FVC2000_DB3_B/104_3.xyt,out/xyt/FVC2002_DB3_B/108_5.xyt
15,out/xyt/FVC2000_DB3_B/109_1.xyt,out/xyt/FVC2004_DB4_B/102_2.xyt
15,out/xyt/FVC2000_DB2_B/109_4.xyt,out/xyt/FVC2002_DB2_B/106_3.xyt
15,out/xyt/FVC2000_DB3_B/102_3.xyt,out/xyt/FVC2004_DB4_B/101_6.xyt
15,out/xyt/FVC2000_DB4_B/101_7.xyt,out/xyt/FVC2004_DB4_B/109_1.xyt
15,out/xyt/FVC2000_DB2_B/109_5.xyt,out/xyt/FVC2004_DB2_B/106_3.xyt
15,out/xyt/FVC2000_DB3_B/105_6.xyt,out/xyt/FVC2004_DB4_B/103_1.xyt
15,out/xyt/FVC2000_DB3_B/102_4.xyt,out/xyt/FVC2000_DB3_B/105_4.xyt
15,out/xyt/FVC2000_DB3_B/103_5.xyt,out/xyt/FVC2000_DB3_B/107_4.xyt
15,out/xyt/FVC2000_DB4_B/101_4.xyt,out/xyt/FVC2004_DB2_B/110_4.xyt
15,out/xyt/FVC2000_DB4_B/103_6.xyt,out/xyt/FVC2002_DB4_B/110_7.xyt
15,out/xyt/FVC2000_DB3_B/110_7.xyt,out/xyt/FVC2004_DB4_B/101_6.xyt
15,out/xyt/FVC2000_DB4_B/101_7.xyt,out/xyt/FVC2004_DB4_B/109_8.xyt
15,out/xyt/FVC2000_DB2_B/109_5.xyt,out/xyt/FVC2004_DB4_B/103_4.xyt
15,out/xyt/FVC2000_DB4_B/104_8.xyt,out/xyt/FVC2002_DB2_B/109_5.xyt
15,out/xyt/FVC2002_DB1_B/102_7.xyt,out/xyt/FVC2004_DB1_B/107_2.xyt
15,out/xyt/FVC2000_DB4_B/101_4.xyt,out/xyt/FVC2002_DB3_B/109_8.xyt
15,out/xyt/FVC2000_DB4_B/101_4.xyt,out/xyt/FVC2000_DB4_B/109_2.xyt
15,out/xyt/FVC2000_DB3_B/105_6.xyt,out/xyt/FVC2004_DB3_B/101_8.xyt
15,out/xyt/FVC2002_DB1_B/106_3.xyt,out/xyt/FVC2002_DB2_B/105_2.xyt
15,out/xyt/FVC2000_DB4_B/103_1.xyt,out/xyt/FVC2002_DB2_B/103_5.xyt
15,out/xyt/FVC2000_DB3_B/108_7.xyt,out/xyt/FVC2004_DB1_B/105_4.xyt
15,out/xyt/FVC2000_DB4_B/107_8.xyt,out/xyt/FVC2002_DB4_B/103_4.xyt
15,out/xyt/FVC2000_DB4_B/105_2.xyt,out/xyt/FVC2004_DB1_B/107_1.xyt
15,out/xyt/FVC2000_DB3_B/106_2.xyt,out/xyt/FVC2000_DB3_B/107_4.xyt
15,out/xyt/FVC2000_DB4_B/102_2.xyt,out/xyt/FVC2002_DB1_B/109_5.xyt
15,out/xyt/FVC2000_DB3_B/104_3.xyt,out/xyt/FVC2004_DB3_B/104_8.xyt
15,out/xyt/FVC2000_DB3_B/104_4.xyt,out/xyt/FVC2004_DB4_B/102_8.xyt
15,out/xyt/FVC2000_DB3_B/109_7.xyt,out/xyt/FVC2004_DB3_B/102_7.xyt
15,out/xyt/FVC2000_DB2_B/109_8.xyt,out/xyt/FVC2004_DB3_B/104_4.xyt
15,out/xyt/FVC2000_DB4_B/103_5.xyt,out/xyt/FVC2002_DB4_B/110_2.xyt
15,out/xyt/FVC2000_DB4_B/103_7.xyt,out/xyt/FVC2002_DB4_B/103_2.xyt
15,out/xyt/FVC2000_DB4_B/103_3.xyt,out/xyt/FVC2002_DB2_B/108_8.xyt
15,out/xyt/FVC2000_DB4_B/109_7.xyt,out/xyt/FVC2002_DB4_B/108_2.xyt
15,out/xyt/FVC2000_DB4_B/108_6.xyt,out/xyt/FVC2004_DB2_B/101_5.xyt
15,out/xyt/FVC2000_DB4_B/106_7.xyt,out/xyt/FVC2004_DB1_B/104_1.xyt
15,out/xyt/FVC2000_DB4_B/101_4.xyt,out/xyt/FVC2002_DB4_B/110_5.xyt
15,out/xyt/FVC2000_DB4_B/110_3.xyt,out/xyt/FVC2002_DB3_B/109_2.xyt
15,out/xyt/FVC2000_DB2_B/110_5.xyt,out/xyt/FVC2002_DB3_B/110_1.xyt
15,out/xyt/FVC2000_DB3_B/104_3.xyt,out/xyt/FVC2000_DB3_B/105_5.xyt
15,out/xyt/FVC2000_DB4_B/102_3.xyt,out/xyt/FVC2002_DB2_B/103_1.xyt
15,out/xyt/FVC2000_DB4_B/102_8.xyt,out/xyt/FVC2004_DB3_B/107_4.xyt
15,out/xyt/FVC2000_DB4_B/108_7.xyt,out/xyt/FVC2004_DB2_B/104_2.xyt
15,out/xyt/FVC2000_DB4_B/102_7.xyt,out/xyt/FVC2002_DB1_B/106_2.xyt
15,out/xyt/FVC2000_DB3_B/110_6.xyt,out/xyt/FVC2004_DB2_B/103_7.xyt
15,out/xyt/FVC2000_DB3_B/103_6.xyt,out/xyt/FVC2004_DB1_B/107_8.xyt
15,out/xyt/FVC2000_DB4_B/103_5.xyt,out/xyt/FVC2004_DB4_B/105_3.xyt
15,out/xyt/FVC2000_DB4_B/102_7.xyt,out/xyt/FVC2004_DB4_B/102_4.xyt
15,out/xyt/FVC2000_DB2_B/110_6.xyt,out/xyt/FVC2002_DB2_B/103_4.xyt
15,out/xyt/FVC2000_DB3_B/104_3.xyt,out/xyt/FVC2000_DB3_B/109_8.xyt
15,out/xyt/FVC2000_DB3_B/110_7.xyt,out/xyt/FVC2004_DB3_B/102_2.xyt
15,out/xyt/FVC2000_DB4_B/103_4.xyt,out/xyt/FVC2002_DB4_B/102_8.xyt
15,out/xyt/FVC2000_DB3_B/109_5.xyt,out/xyt/FVC2002_DB2_B/103_4.xyt
15,out/xyt/FVC2000_DB4_B/104_1.xyt,out/xyt/FVC2002_DB4_B/107_5.xyt
15,out/xyt/FVC2000_DB4_B/102_1.xyt,out/xyt/FVC2004_DB2_B/109_7.xyt
15,out/xyt/FVC2000_DB4_B/102_7.xyt,out/xyt/FVC2000_DB4_B/105_4.xyt
15,out/xyt/FVC2000_DB4_B/102_7.xyt,out/xyt/FVC2002_DB3_B/106_3.xyt
15,out/xyt/FVC2000_DB3_B/105_4.xyt,out/xyt/FVC2000_DB3_B/108_1.xyt
15,out/xyt/FVC2000_DB3_B/107_1.xyt,out/xyt/FVC2002_DB1_B/102_7.xyt
15,out/xyt/FVC2000_DB4_B/103_6.xyt,out/xyt/FVC2002_DB2_B/103_7.xyt
15,out/xyt/FVC2000_DB2_B/109_8.xyt,out/xyt/FVC2004_DB4_B/102_8.xyt
15,out/xyt/FVC2000_DB2_B/109_4.xyt,out/xyt/FVC2000_DB3_B/102_3.xyt
15,out/xyt/FVC2000_DB3_B/104_8.xyt,out/xyt/FVC2000_DB3_B/110_7.xyt
15,out/xyt/FVC2000_DB3_B/109_4.xyt,out/xyt/FVC2004_DB3_B/103_5.xyt
15,out/xyt/FVC2000_DB4_B/109_5.xyt,out/xyt/FVC2002_DB4_B/107_6.xyt
15,out/xyt/FVC2000_DB4_B/109_5.xyt,out/xyt/FVC2002_DB1_B/104_3.xyt
15,out/xyt/FVC2000_DB4_B/109_7.xyt,out/xyt/FVC2002_DB2_B/106_5.xyt
15,out/xyt/FVC2000_DB4_B/110_3.xyt,out/xyt/FVC2002_DB2_B/103_8.xyt
15,out/xyt/FVC2000_DB4_B/102_1.xyt,out/xyt/FVC2002_DB4_B/103_3.xyt
15,out/xyt/FVC2000_DB3_B/109_7.xyt,out/xyt/FVC2002_DB3_B/110_4.xyt
15,out/xyt/FVC2000_DB4_B/102_7.xyt,out/xyt/FVC2004_DB1_B/103_5.xyt
15,out/xyt/FVC2002_DB1_B/102_7.xyt,out/xyt/FVC2002_DB4_B/105_5.xyt
15,out/xyt/FVC2000_DB4_B/102_8.xyt,out/xyt/FVC2002_DB2_B/103_1.xyt
15,out/xyt/FVC2000_DB3_B/104_3.xyt,out/xyt/FVC2004_DB1_B/101_2.xyt
15,out/xyt/FVC2000_DB4_B/109_6.xyt,out/xyt/FVC2002_DB4_B/103_4.xyt
15,out/xyt/FVC2000_DB4_B/110_6.xyt,out/xyt/FVC2004_DB3_B/103_2.xyt
15,out/xyt/FVC2000_DB4_B/102_2.xyt,out/xyt/FVC2004_DB2_B/109_3.xyt
15,out/xyt/FVC2000_DB4_B/102_5.xyt,out/xyt/FVC2002_DB4_B/102_2.xyt
15,out/xyt/FVC2000_DB2_B/109_8.xyt,out/xyt/FVC2004_DB1_B/110_7.xyt
15,out/xyt/FVC2000_DB2_B/109_5.xyt,out/xyt/FVC2002_DB1_B/106_6.xyt
15,out/xyt/FVC2000_DB3_B/105_3.xyt,out/xyt/FVC2000_DB3_B/109_8.xyt
15,out/xyt/FVC2000_DB4_B/103_3.xyt,out/xyt/FVC2002_DB1_B/107_3.xyt
15,out/xyt/FVC2000_DB4_B/102_4.xyt,out/xyt/FVC2000_DB4_B/108_4.xyt
15,out/xyt/FVC2000_DB4_B/103_7.xyt,out/xyt/FVC2002_DB2_B/108_1.xyt
15,out/xyt/FVC2000_DB3_B/106_1.xyt,out/xyt/FVC2002_DB2_B/108_4.xyt
15,out/xyt/FVC2000_DB4_B/102_5.xyt,out/xyt/FVC2004_DB1_B/103_4.xyt
15,out/xyt/FVC2000_DB4_B/102_5.xyt,out/xyt/FVC2002_DB2_B/110_6.xyt
15,out/xyt/FVC2000_DB4_B/103_1.xyt,out/xyt/FVC2002_DB4_B/102_6.xyt
15,out/xyt/FVC2000_DB3_B/106_7.xyt,out/xyt/FVC2004_DB2_B/108_4.xyt
15,out/xyt/FVC2000_DB3_B/104_3.xyt,out/xyt/FVC2004_DB3_B/102_2.xyt
15,out/xyt/FVC2000_DB4_B/108_6.xyt,out/xyt/FVC2000_DB4_B/109_6.xyt
15,out/xyt/FVC2000_DB4_B/109_1.xyt,out/xyt/FVC2004_DB2_B/110_2.xyt
15,out/xyt/FVC2000_DB4_B/102_1.xyt,out/xyt/FVC2004_DB3_B/105_3.xyt
15,out/xyt/FVC2000_DB3_B/110_4.xyt,out/xyt/FVC2004_DB3_B/102_2.xyt
15,out/xyt/FVC2002_DB1_B/106_3.xyt,out/xyt/FVC2004_DB4_B/102_1.xyt
15,out/xyt/FVC2000_DB3_B/110_7.xyt,out/xyt/FVC2004_DB3_B/104_8.xyt
15,out/xyt/FVC2000_DB4_B/102_2.xyt,out/xyt/FVC2002_DB4_B/102_2.xyt
15,out/xyt/FVC2000_DB4_B/102_8.xyt,out/xyt/FVC2002_DB1_B/107_5.xyt
15,out/xyt/FVC2000_DB3_B/103_6.xyt,out/xyt/FVC2000_DB3_B/104_3.xyt
15,out/xyt/FVC2000_DB4_B/102_5.xyt,out/xyt/FVC2004_DB4_B/105_4.xyt
15,out/xyt/FVC2000_DB4_B/103_7.xyt,out/xyt/FVC2004_DB2_B/110_4.xyt
15,out/xyt/FVC2000_DB4_B/102_6.xyt,out/xyt/FVC2002_DB4_B/103_3.xyt
15,out/xyt/FVC2000_DB4_B/102_7.xyt,out/xyt/FVC2002_DB2_B/108_8.xyt
15,out/xyt/FVC2000_DB4_B/109_8.xyt,out/xyt/FVC2004_DB4_B/106_7.xyt
15,out/xyt/FVC2000_DB4_B/102_2.xyt,out/xyt/FVC2004_DB3_B/107_4.xyt
15,out/xyt/FVC2000_DB4_B/102_4.xyt,out/xyt/FVC2004_DB1_B/104_1.xyt
15,out/xyt/FVC2000_DB2_B/110_1.xyt,out/xyt/FVC2002_DB1_B/102_2.xyt
15,out/xyt/FVC2000_DB2_B/109_5.xyt,out/xyt/FVC2000_DB4_B/109_7.xyt
15,out/xyt/FVC2000_DB3_B/108_8.xyt,out/xyt/FVC2000_DB3_B/110_8.xyt
15,out/xyt/FVC2000_DB3_B/109_5.xyt,out/xyt/FVC2002_DB4_B/107_4.xyt
15,out/xyt/FVC2000_DB3_B/110_8.xyt,out/xyt/FVC2004_DB2_B/101_5.xyt
15,out/xyt/FVC2000_DB4_B/102_3.xyt,out/xyt/FVC2004_DB1_B/103_8.xyt
15,out/xyt/FVC2000_DB3_B/110_2.xyt,out/xyt/FVC2004_DB1_B/104_6.xyt
15,out/xyt/FVC2000_DB4_B/102_3.xyt,out/xyt/FVC2002_DB4_B/102_5.xyt
15,out/xyt/FVC2000_DB4_B/101_3.xyt,out/xyt/FVC2000_DB4_B/103_3.xyt
15,out/xyt/FVC2000_DB4_B/104_8.xyt,out/xyt/FVC2002_DB2_B/106_3.xyt
15,out/xyt/FVC2000_DB4_B/102_7.xyt,out/xyt/FVC2000_DB4_B/105_6.xyt
15,out/xyt/FVC2000_DB4_B/102_5.xyt,out/xyt/FVC2002_DB2_B/108_1.xyt
15,out/xyt/FVC2000_DB4_B/102_6.xyt,out/xyt/FVC2004_DB4_B/105_8.xyt
15,out/xyt/FVC2000_DB4_B/102_2.xyt,out/xyt/FVC2002_DB2_B/101_1.xyt
15,out/xyt/FVC2000_DB4_B/102_3.xyt,out/xyt/FVC2002_DB3_B/106_1.xyt
15,out/xyt/FVC2000_DB4_B/102_8.xyt,out/xyt/FVC2000_DB4_B/105_7.xyt
15,out/xyt/FVC2000_DB3_B/104_3.xyt,out/xyt/FVC2002_DB4_B/109_6.xyt
15,out/xyt/FVC2000_DB2_B/110_7.xyt,out/xyt/FVC2002_DB4_B/108_5.xyt
15,out/xyt/FVC2000_DB3_B/104_3.xyt,out/xyt/FVC2004_DB4_B/102_8.xyt
15,out/xyt/FVC2000_DB2_B/109_5.xyt,out/xyt/FVC2004_DB4_B/110_8.xyt
15,out/xyt/FVC2000_DB4_B/103_4.xyt,out/xyt/FVC2004_DB4_B/103_4.xyt
15,out/xyt/FVC2000_DB4_B/103_2.xyt,out/xyt/FVC2004_DB1_B/103_6.xyt
15,out/xyt/FVC2000_DB4_B/101_3.xyt,out/xyt/FVC2000_DB4_B/109_6.xyt
15,out/xyt/FVC2000_DB4_B/102_8.xyt,out/xyt/FVC2004_DB2_B/105_7.xyt
15,out/xyt/FVC2000_DB4_B/103_8.xyt,out/xyt/FVC2004_DB2_B/108_4.xyt
15,out/xyt/FVC2000_DB4_B/103_4.xyt,out/xyt/FVC2002_DB2_B/109_1.xyt
15,out/xyt/FVC2000_DB4_B/101_7.xyt,out/xyt/FVC2004_DB4_B/110_3.xyt
15,out/xyt/FVC2000_DB4_B/110_3.xyt,out/xyt/FVC2002_DB3_B/106_3.xyt
15,out/xyt/FVC2000_DB4_B/102_2.xyt,out/xyt/FVC2004_DB4_B/102_1.xyt
15,out/xyt/FVC2000_DB3_B/108_7.xyt,out/xyt/FVC2000_DB3_B/109_7.xyt
15,out/xyt/FVC2000_DB3_B/104_4.xyt,out/xyt/FVC2004_DB4_B/102_5.xyt
15,out/xyt/FVC2000_DB4_B/104_7.xyt,out/xyt/FVC2002_DB4_B/107_5.xyt
15,out/xyt/FVC2000_DB4_B/109_2.xyt,out/xyt/FVC2004_DB1_B/101_3.xyt
15,out/xyt/FVC2000_DB3_B/109_5.xyt,out/xyt/FVC2000_DB4_B/103_6.xyt
15,out/xyt/FVC2000_DB4_B/102_5.xyt,out/xyt/FVC2004_DB1_B/103_8.xyt
15,out/xyt/FVC2000_DB4_B/101_7.xyt,out/xyt/FVC2000_DB4_B/105_4.xyt
15,out/xyt/FVC2000_DB2_B/110_1.xyt,out/xyt/FVC2000_DB4_B/101_3.xyt
15,out/xyt/FVC2000_DB3_B/104_3.xyt,out/xyt/FVC2004_DB3_B/104_4.xyt
15,out/xyt/FVC2000_DB4_B/102_1.xyt,out/xyt/FVC2004_DB3_B/105_7.xyt
15,out/xyt/FVC2000_DB4_B/102_2.xyt,out/xyt/FVC2002_DB2_B/109_5.xyt
15,out/xyt/FVC2000_DB4_B/102_8.xyt,out/xyt/FVC2004_DB2_B/101_5.xyt
15,out/xyt/FVC2000_DB3_B/104_3.xyt,out/xyt/FVC2004_DB3_B/102_7.xyt
15,out/xyt/FVC2000_DB3_B/109_8.xyt,out/xyt/FVC2004_DB2_B/107_6.xyt
15,out/xyt/FVC2000_DB4_B/101_4.xyt,out/xyt/FVC2002_DB2_B/108_3.xyt
15,out/xyt/FVC2000_DB3_B/105_4.xyt,out/xyt/FVC2004_DB3_B/110_7.xyt
15,out/xyt/FVC2000_DB3_B/109_7.xyt,out/xyt/FVC2000_DB4_B/109_2.xyt
15,out/xyt/FVC2000_DB4_B/101_5.xyt,out/xyt/FVC2002_DB4_B/102_2.xyt
15,out/xyt/FVC2000_DB3_B/104_3.xyt,out/xyt/FVC2004_DB3_B/110_2.xyt
15,out/xyt/FVC2000_DB4_B/102_2.xyt,out/xyt/FVC2004_DB1_B/104_1.xyt
15,out/xyt/FVC2000_DB4_B/103_6.xyt,out/xyt/FVC2002_DB2_B/103_2.xyt
15,out/xyt/FVC2000_DB2_B/110_7.xyt,out/xyt/FVC2004_DB2_B/108_3.xyt
15,out/xyt/FVC2000_DB2_B/110_4.xyt,out/xyt/FVC2002_DB2_B/103_8.xyt
15,out/xyt/FVC2000_DB4_B/102_1.xyt,out/xyt/FVC2004_DB4_B/106_5.xyt
15,out/xyt/FVC2000_DB3_B/110_7.xyt,out/xyt/FVC2004_DB3_B/103_1.xyt
15,out/xyt/FVC2000_DB3_B/109_1.xyt,out/xyt/FVC2004_DB2_B/107_8.xyt
15,out/xyt/FVC2000_DB4_B/102_1.xyt,out/xyt/FVC2002_DB4_B/110_6.xyt
15,out/xyt/FVC2000_DB3_B/109_5.xyt,out/xyt/FVC2002_DB4_B/110_8.xyt
15,out/xyt/FVC2000_DB4_B/101_7.xyt,out/xyt/FVC2000_DB4_B/109_2.xyt
15,out/xyt/FVC2000_DB4_B/101_4.xyt,out/xyt/FVC2004_DB4_B/106_7.xyt
15,out/xyt/FVC2000_DB4_B/109_7.xyt,out/xyt/FVC2004_DB2_B/109_5.xyt
15,out/xyt/FVC2000_DB4_B/110_3.xyt,out/xyt/FVC2002_DB1_B/102_2.xyt
15,out/xyt/FVC2000_DB4_B/104_6.xyt,out/xyt/FVC2002_DB4_B/105_6.xyt
15,out/xyt/FVC2000_DB4_B/103_6.xyt,out/xyt/FVC2002_DB2_B/108_1.xyt
15,out/xyt/FVC2000_DB4_B/103_5.xyt,out/xyt/FVC2004_DB2_B/109_1.xyt
15,out/xyt/FVC2000_DB4_B/105_6.xyt,out/xyt/FVC2004_DB4_B/110_6.xyt
15,out/xyt/FVC2000_DB4_B/103_2.xyt,out/xyt/FVC2002_DB4_B/110_4.xyt
15,out/xyt/FVC2000_DB3_B/108_7.xyt,out/xyt/FVC2002_DB1_B/106_2.xyt
15,out/xyt/FVC2000_DB4_B/103_2.xyt,out/xyt/FVC2000_DB4_B/106_1.xyt
15,out/xyt/FVC2000_DB4_B/109_4.xyt,out/xyt/FVC2002_DB4_B/108_1.xyt
15,out/xyt/FVC2002_DB1_B/102_4.xyt,out/xyt/FVC2002_DB1_B/107_3.xyt
15,out/xyt/FVC2002_DB2_B/101_2.xyt,out/xyt/FVC2002_DB3_B/109_8.xyt
15,out/xyt/FVC2002_DB1_B/105_3.xyt,out/xyt/FVC2002_DB1_B/107_3.xyt
15,out/xyt/FVC2000_DB4_B/109_5.xyt,out/xyt/FVC2002_DB4_B/108_2.xyt
15,out/xyt/FVC2002_DB1_B/102_4.xyt,out/xyt/FVC2004_DB4_B/106_5.xyt
15,out/xyt/FVC2000_DB4_B/103_1.xyt,out/xyt/FVC2002_DB4_B/103_2.xyt
15,out/xyt/FVC2000_DB4_B/103_8.xyt,out/xyt/FVC2004_DB3_B/105_5.xyt
15,out/xyt/FVC2000_DB4_B/103_1.xyt,out/xyt/FVC2002_DB4_B/101_4.xyt
15,out/xyt/FVC2000_DB3_B/109_7.xyt,out/xyt/FVC2002_DB1_B/102_1.xyt
15,out/xyt/FVC2002_DB1_B/110_4.xyt,out/xyt/FVC2004_DB4_B/107_1.xyt
15,out/xyt/FVC2002_DB2_B/106_2.xyt,out/xyt/FVC2002_DB4_B/110_4.xyt
15,out/xyt/FVC2000_DB4_B/108_5.xyt,out/xyt/FVC2004_DB4_B/105_7.xyt
15,out/xyt/FVC2002_DB1_B/105_4.xyt,out/xyt/FVC2004_DB1_B/104_5.xyt
15,out/xyt/FVC2000_DB4_B/102_4.xyt,out/xyt/FVC2000_DB4_B/109_6.xyt
15,out/xyt/FVC2000_DB4_B/109_2.xyt,out/xyt/FVC2002_DB4_B/107_5.xyt
15,out/xyt/FVC2002_DB1_B/106_5.xyt,out/xyt/FVC2002_DB1_B/107_7.xyt
15,out/xyt/FVC2002_DB1_B/105_1.xyt,out/xyt/FVC2002_DB2_B/108_3.xyt
15,out/xyt/FVC2000_DB4_B/108_3.xyt,out/xyt/FVC2002_DB1_B/106_6.xyt
15,out/xyt/FVC2002_DB1_B/106_5.xyt,out/xyt/FVC2004_DB2_B/110_8.xyt
15,out/xyt/FVC2000_DB4_B/110_3.xyt,out/xyt/FVC2002_DB3_B/107_5.xyt
15,out/xyt/FVC2002_DB1_B/105_7.xyt,out/xyt/FVC2004_DB4_B/108_8.xyt
15,out/xyt/FVC2000_DB4_B/109_6.xyt,out/xyt/FVC2004_DB1_B/104_5.xyt
15,out/xyt/FVC2002_DB1_B/106_3.xyt,out/xyt/FVC2002_DB2_B/105_3.xyt
15,out/xyt/FVC2002_DB1_B/102_6.xyt,out/xyt/FVC2004_DB2_B/104_5.xyt
15,out/xyt/FVC2002_DB1_B/102_4.xyt,out/xyt/FVC2004_DB3_B/101_4.xyt
15,out/xyt/FVC2000_DB3_B/104_8.xyt,out/xyt/FVC2004_DB3_B/102_2.xyt
15,out/xyt/FVC2000_DB4_B/102_1.xyt,out/xyt/FVC2002_DB4_B/103_5.xyt
15,out/xyt/FVC2000_DB3_B/110_6.xyt,out/xyt/FVC2000_DB4_B/110_6.xyt
15,out/xyt/FVC2000_DB4_B/101_3.xyt,out/xyt/FVC2000_DB4_B/109_5.xyt
15,out/xyt/FVC2000_DB4_B/108_5.xyt,out/xyt/FVC2002_DB4_B/108_5.xyt
15,out/xyt/FVC2000_DB3_B/103_5.xyt,out/xyt/FVC2000_DB3_B/105_4.xyt
15,out/xyt/FVC2000_DB4_B/103_7.xyt,out/xyt/FVC2002_DB4_B/102_3.xyt
15,out/xyt/FVC2000_DB4_B/104_4.xyt,out/xyt/FVC2002_DB4_B/110_8.xyt
15,out/xyt/FVC2000_DB4_B/110_6.xyt,out/xyt/FVC2004_DB1_B/107_4.xyt
15,out/xyt/FVC2002_DB1_B/106_2.xyt,out/xyt/FVC2004_DB3_B/105_3.xyt
15,out/xyt/FVC2000_DB4_B/110_3.xyt,out/xyt/FVC2002_DB1_B/107_6.xyt
15,out/xyt/FVC2000_DB4_B/108_4.xyt,out/xyt/FVC2002_DB4_B/110_8.xyt
15,out/xyt/FVC2002_DB1_B/106_6.xyt,out/xyt/FVC2002_DB4_B/103_5.xyt
15,out/xyt/FVC2002_DB1_B/106_2.xyt,out/xyt/FVC2004_DB2_B/109_1.xyt
15,out/xyt/FVC2002_DB1_B/106_7.xyt,out/xyt/FVC2002_DB4_B/109_4.xyt
15,out/xyt/FVC2000_DB4_B/109_6.xyt,out/xyt/FVC2004_DB4_B/108_2.xyt
15,out/xyt/FVC2002_DB1_B/104_4.xyt,out/xyt/FVC2002_DB3_B/106_3.xyt
15,out/xyt/FVC2000_DB4_B/110_3.xyt,out/xyt/FVC2004_DB1_B/108_6.xyt
15,out/xyt/FVC2000_DB4_B/109_2.xyt,out/xyt/FVC2002_DB4_B/103_5.xyt
15,out/xyt/FVC2000_DB4_B/102_2.xyt,out/xyt/FVC2004_DB3_B/107_1.xyt
15,out/xyt/FVC2002_DB3_B/109_7.xyt,out/xyt/FVC2002_DB4_B/105_4.xyt
15,out/xyt/FVC2002_DB2_B/103_1.xyt,out/xyt/FVC2004_DB1_B/103_3.xyt
15,out/xyt/FVC2002_DB3_B/105_4.xyt,out/xyt/FVC2004_DB1_B/110_4.xyt
15,out/xyt/FVC2000_DB3_B/106_5.xyt,out/xyt/FVC2002_DB4_B/109_7.xyt
15,out/xyt/FVC2000_DB4_B/109_6.xyt,out/xyt/FVC2004_DB2_B/105_4.xyt
15,out/xyt/FVC2000_DB4_B/102_8.xyt,out/xyt/FVC2004_DB1_B/103_4.xyt
15,out/xyt/FVC2000_DB4_B/103_1.xyt,out/xyt/FVC2004_DB4_B/106_5.xyt
15,out/xyt/FVC2000_DB4_B/102_4.xyt,out/xyt/FVC2002_DB1_B/104_8.xyt
15,out/xyt/FVC2000_DB4_B/110_5.xyt,out/xyt/FVC2002_DB4_B/102_3.xyt
15,out/xyt/FVC2002_DB1_B/106_1.xyt,out/xyt/FVC2004_DB3_B/105_4.xyt
15,out/xyt/FVC2000_DB4_B/110_4.xyt,out/xyt/FVC2002_DB3_B/106_1.xyt
15,out/xyt/FVC2002_DB1_B/107_8.xyt,out/xyt/FVC2002_DB1_B/110_3.xyt
15,out/xyt/FVC2002_DB1_B/102_6.xyt,out/xyt/FVC2004_DB4_B/104_6.xyt
15,out/xyt/FVC2000_DB4_B/102_8.xyt,out/xyt/FVC2002_DB1_B/107_2.xyt
15,out/xyt/FVC2000_DB4_B/101_4.xyt,out/xyt/FVC2004_DB2_B/101_5.xyt
15,out/xyt/FVC2000_DB4_B/103_6.xyt,out/xyt/FVC2002_DB2_B/108_8.xyt
15,out/xyt/FVC2000_DB4_B/110_3.xyt,out/xyt/FVC2002_DB3_B/106_7.xyt
15,out/xyt/FVC2000_DB4_B/110_8.xyt,out/xyt/FVC2004_DB3_B/105_5.xyt
15,out/xyt/FVC2000_DB4_B/109_4.xyt,out/xyt/FVC2004_DB2_B/108_4.xyt
15,out/xyt/FVC2000_DB4_B/106_5.xyt,out/xyt/FVC2002_DB1_B/101_7.xyt
15,out/xyt/FVC2000_DB4_B/102_8.xyt,out/xyt/FVC2004_DB1_B/109_6.xyt
15,out/xyt/FVC2000_DB4_B/105_8.xyt,out/xyt/FVC2004_DB2_B/105_7.xyt
15,out/xyt/FVC2000_DB4_B/104_5.xyt,out/xyt/FVC2004_DB1_B/104_1.xyt
15,out/xyt/FVC2000_DB4_B/102_5.xyt,out/xyt/FVC2004_DB2_B/109_5.xyt
15,out/xyt/FVC2000_DB3_B/108_7.xyt,out/xyt/FVC2004_DB2_B/101_5.xyt
15,out/xyt/FVC2000_DB4_B/101_3.xyt,out/xyt/FVC2004_DB4_B/103_5.xyt
15,out/xyt/FVC2000_DB4_B/101_7.xyt,out/xyt/FVC2002_DB2_B/103_4.xyt
15,out/xyt/FVC2000_DB4_B/101_3.xyt,out/xyt/FVC2002_DB4_B/105_4.xyt
15,out/xyt/FVC2000_DB4_B/106_5.xyt,out/xyt/FVC2002_DB4_B/105_5.xyt
15,out/xyt/FVC2000_DB4_B/106_8.xyt,out/xyt/FVC2002_DB4_B/110_7.xyt
15,out/xyt/FVC2000_DB4_B/102_1.xyt,out/xyt/FVC2002_DB2_B/105_2.xyt
15,out/xyt/FVC2002_DB2_B/106_1.xyt,out/xyt/FVC2002_DB4_B/107_3.xyt
15,out/xyt/FVC2000_DB4_B/105_6.xyt,out/xyt/FVC2002_DB1_B/110_6.xyt
15,out/xyt/FVC2000_DB4_B/110_3.xyt,out/xyt/FVC2002_DB4_B/105_1.xyt
15,out/xyt/FVC2000_DB4_B/103_6.xyt,out/xyt/FVC2000_DB4_B/110_8.xyt
15,out/xyt/FVC2000_DB4_B/103_3.xyt,out/xyt/FVC2002_DB2_B/108_5.xyt
15,out/xyt/FVC2002_DB1_B/104_4.xyt,out/xyt/FVC2002_DB3_B/106_2.xyt
15,out/xyt/FVC2002_DB1_B/107_2.xyt,out/xyt/FVC2004_DB1_B/110_4.xyt
15,out/xyt/FVC2000_DB4_B/103_2.xyt,out/xyt/FVC2000_DB4_B/106_2.xyt
15,out/xyt/FVC2000_DB4_B/103_4.xyt,out/xyt/FVC2000_DB4_B/110_1.xyt
15,out/xyt/FVC2002_DB1_B/102_1.xyt,out/xyt/FVC2004_DB4_B/106_4.xyt
15,out/xyt/FVC2002_DB2_B/103_7.xyt,out/xyt/FVC2004_DB3_B/105_6.xyt
15,out/xyt/FVC2000_DB4_B/102_6.xyt,out/xyt/FVC2004_DB2_B/101_1.xyt
15,out/xyt/FVC2000_DB4_B/109_5.xyt,out/xyt/FVC2004_DB4_B/104_2.xyt
15,out/xyt/FVC2000_DB4_B/106_4.xyt,out/xyt/FVC2004_DB2_B/110_5.xyt
15,out/xyt/FVC2000_DB4_B/104_3.xyt,out/xyt/FVC2004_DB1_B/103_6.xyt
15,out/xyt/FVC2002_DB2_B/101_8.xyt,out/xyt/FVC2004_DB1_B/104_1.xyt
15,out/xyt/FVC2000_DB4_B/102_2.xyt,out/xyt/FVC2000_DB4_B/105_6.xyt
15,out/xyt/FVC2000_DB2_B/109_5.xyt,out/xyt/FVC2002_DB1_B/106_2.xyt
15,out/xyt/FVC2000_DB4_B/102_4.xyt,out/xyt/FVC2002_DB2_B/105_8.xyt
15,out/xyt/FVC2000_DB3_B/106_8.xyt,out/xyt/FVC2004_DB4_B/101_2.xyt
15,out/xyt/FVC2000_DB4_B/105_2.xyt,out/xyt/FVC2004_DB2_B/108_4.xyt
15,out/xyt/FVC2000_DB4_B/105_4.xyt,out/xyt/FVC2002_DB2_B/103_7.xyt
15,out/xyt/FVC2000_DB4_B/103_3.xyt,out/xyt/FVC2004_DB4_B/110_6.xyt
15,out/xyt/FVC2002_DB1_B/102_1.xyt,out/xyt/FVC2002_DB4_B/102_5.xyt
15,out/xyt/FVC2002_DB3_B/108_8.xyt,out/xyt/FVC2002_DB4_B/105_1.xyt
15,out/xyt/FVC2002_DB3_B/107_3.xyt,out/xyt/FVC2002_DB3_B/108_1.xyt
15,out/xyt/FVC2002_DB1_B/110_8.xyt,out/xyt/FVC2002_DB4_B/105_3.xyt
15,out/xyt/FVC2002_DB1_B/104_4.xyt,out/xyt/FVC2002_DB2_B/101_7.xyt
15,out/xyt/FVC2002_DB1_B/103_1.xyt,out/xyt/FVC2002_DB2_B/105_8.xyt
15,out/xyt/FVC2002_DB1_B/101_7.xyt,out/xyt/FVC2002_DB3_B/108_1.xyt
15,out/xyt/FVC2002_DB1_B/102_2.xyt,out/xyt/FVC2004_DB4_B/110_8.xyt
15,out/xyt/FVC2002_DB1_B/102_8.xyt,out/xyt/FVC2002_DB4_B/109_3.xyt
15,out/xyt/FVC2000_DB4_B/103_4.xyt,out/xyt/FVC2002_DB4_B/102_5.xyt
15,out/xyt/FVC2002_DB1_B/110_4.xyt,out/xyt/FVC2002_DB3_B/109_8.xyt
15,out/xyt/FVC2000_DB4_B/104_8.xyt,out/xyt/FVC2000_DB4_B/110_8.xyt
15,out/xyt/FVC2000_DB4_B/106_5.xyt,out/xyt/FVC2002_DB4_B/106_4.xyt
15,out/xyt/FVC2000_DB4_B/109_3.xyt,out/xyt/FVC2004_DB2_B/102_1.xyt
15,out/xyt/FVC2002_DB1_B/103_8.xyt,out/xyt/FVC2002_DB3_B/105_1.xyt
15,out/xyt/FVC2002_DB2_B/103_1.xyt,out/xyt/FVC2004_DB3_B/105_3.xyt
15,out/xyt/FVC2002_DB1_B/102_1.xyt,out/xyt/FVC2004_DB4_B/102_4.xyt
15,out/xyt/FVC2000_DB4_B/105_4.xyt,out/xyt/FVC2002_DB2_B/103_1.xyt
15,out/xyt/FVC2000_DB4_B/101_3.xyt,out/xyt/FVC2002_DB2_B/110_6.xyt
15,out/xyt/FVC2000_DB3_B/109_4.xyt,out/xyt/FVC2002_DB4_B/103_8.xyt
15,out/xyt/FVC2002_DB1_B/102_6.xyt,out/xyt/FVC2002_DB2_B/102_5.xyt
15,out/xyt/FVC2002_DB1_B/109_7.xyt,out/xyt/FVC2004_DB2_B/109_5.xyt
15,out/xyt/FVC2002_DB1_B/105_1.xyt,out/xyt/FVC2002_DB2_B/106_1.xyt
15,out/xyt/FVC2002_DB1_B/102_7.xyt,out/xyt/FVC2002_DB4_B/103_2.xyt
15,out/xyt/FVC2002_DB3_B/106_4.xyt,out/xyt/FVC2004_DB1_B/102_8.xyt
15,out/xyt/FVC2002_DB2_B/105_7.xyt,out/xyt/FVC2004_DB4_B/110_3.xyt
15,out/xyt/FVC2000_DB4_B/104_5.xyt,out/xyt/FVC2002_DB1_B/102_6.xyt
15,out/xyt/FVC2002_DB2_B/101_4.xyt,out/xyt/FVC2002_DB3_B/108_5.xyt
15,out/xyt/FVC2002_DB1_B/106_6.xyt,out/xyt/FVC2002_DB4_B/101_5.xyt
15,out/xyt/FVC2000_DB3_B/104_3.xyt,out/xyt/FVC2004_DB3_B/103_4.xyt
15,out/xyt/FVC2000_DB4_B/102_8.xyt,out/xyt/FVC2004_DB3_B/105_6.xyt
15,out/xyt/FVC2000_DB4_B/109_8.xyt,out/xyt/FVC2002_DB4_B/108_4.xyt
15,out/xyt/FVC2000_DB3_B/110_6.xyt,out/xyt/FVC2000_DB4_B/110_5.xyt
15,out/xyt/FVC2000_DB3_B/110_8.xyt,out/xyt/FVC2002_DB1_B/105_6.xyt
15,out/xyt/FVC2000_DB4_B/110_3.xyt,out/xyt/FVC2004_DB2_B/109_1.xyt
15,out/xyt/FVC2002_DB1_B/102_4.xyt,out/xyt/FVC2002_DB1_B/106_1.xyt
15,out/xyt/FVC2000_DB4_B/102_7.xyt,out/xyt/FVC2002_DB1_B/106_3.xyt
15,out/xyt/FVC2002_DB2_B/105_1.xyt,out/xyt/FVC2004_DB2_B/110_2.xyt
15,out/xyt/FVC2002_DB1_B/106_6.xyt,out/xyt/FVC2002_DB4_B/110_4.xyt
15,out/xyt/FVC2002_DB1_B/102_2.xyt,out/xyt/FVC2002_DB2_B/102_8.xyt
15,out/xyt/FVC2002_DB1_B/102_3.xyt,out/xyt/FVC2004_DB2_B/108_6.xyt
15,out/xyt/FVC2000_DB4_B/102_1.xyt,out/xyt/FVC2004_DB1_B/107_1.xyt
15,out/xyt/FVC2002_DB1_B/110_5.xyt,out/xyt/FVC2002_DB3_B/110_1.xyt
15,out/xyt/FVC2002_DB1_B/104_3.xyt,out/xyt/FVC2002_DB2_B/109_3.xyt
15,out/xyt/FVC2000_DB4_B/105_2.xyt,out/xyt/FVC2004_DB1_B/102_5.xyt
15,out/xyt/FVC2000_DB4_B/103_7.xyt,out/xyt/FVC2004_DB1_B/103_6.xyt
15,out/xyt/FVC2002_DB1_B/107_4.xyt,out/xyt/FVC2002_DB4_B/110_6.xyt
15,out/xyt/FVC2000_DB4_B/108_2.xyt,out/xyt/FVC2002_DB2_B/110_6.xyt
15,out/xyt/FVC2000_DB4_B/101_3.xyt,out/xyt/FVC2002_DB4_B/110_2.xyt
15,out/xyt/FVC2002_DB1_B/106_5.xyt,out/xyt/FVC2004_DB2_B/102_2.xyt
15,out/xyt/FVC2000_DB3_B/109_4.xyt,out/xyt/FVC2004_DB4_B/102_4.xyt
15,out/xyt/FVC2000_DB4_B/104_5.xyt,out/xyt/FVC2002_DB1_B/106_2.xyt
15,out/xyt/FVC2002_DB1_B/104_5.xyt,out/xyt/FVC2004_DB2_B/110_2.xyt
15,out/xyt/FVC2000_DB4_B/109_3.xyt,out/xyt/FVC2004_DB1_B/101_3.xyt
15,out/xyt/FVC2002_DB2_B/104_7.xyt,out/xyt/FVC2002_DB4_B/106_5.xyt
15,out/xyt/FVC2000_DB4_B/109_4.xyt,out/xyt/FVC2002_DB2_B/105_7.xyt
15,out/xyt/FVC2000_DB4_B/103_7.xyt,out/xyt/FVC2002_DB4_B/103_8.xyt
15,out/xyt/FVC2000_DB4_B/102_2.xyt,out/xyt/FVC2002_DB4_B/110_7.xyt
15,out/xyt/FVC2000_DB4_B/101_4.xyt,out/xyt/FVC2000_DB4_B/109_4.xyt
15,out/xyt/FVC2002_DB1_B/110_2.xyt,out/xyt/FVC2002_DB2_B/102_4.xyt
15,out/xyt/FVC2002_DB1_B/106_5.xyt,out/xyt/FVC2004_DB3_B/107_3.xyt
15,out/xyt/FVC2002_DB1_B/106_5.xyt,out/xyt/FVC2004_DB4_B/110_5.xyt
15,out/xyt/FVC2002_DB2_B/105_7.xyt,out/xyt/FVC2002_DB2_B/108_1.xyt
15,out/xyt/FVC2000_DB4_B/102_8.xyt,out/xyt/FVC2002_DB2_B/108_1.xyt
15,out/xyt/FVC2000_DB4_B/109_3.xyt,out/xyt/FVC2002_DB2_B/108_1.xyt
15,out/xyt/FVC2002_DB1_B/102_4.xyt,out/xyt/FVC2002_DB4_B/108_1.xyt
15,out/xyt/FVC2000_DB4_B/109_1.xyt,out/xyt/FVC2002_DB2_B/106_1.xyt
15,out/xyt/FVC2000_DB4_B/106_2.xyt,out/xyt/FVC2002_DB4_B/102_7.xyt
15,out/xyt/FVC2000_DB4_B/105_7.xyt,out/xyt/FVC2002_DB1_B/107_1.xyt
15,out/xyt/FVC2000_DB4_B/103_6.xyt,out/xyt/FVC2004_DB1_B/107_5.xyt
15,out/xyt/FVC2000_DB4_B/103_2.xyt,out/xyt/FVC2002_DB3_B/104_1.xyt
15,out/xyt/FVC2000_DB4_B/104_5.xyt,out/xyt/FVC2004_DB4_B/109_8.xyt
15,out/xyt/FVC2000_DB4_B/105_7.xyt,out/xyt/FVC2002_DB1_B/102_1.xyt
15,out/xyt/FVC2000_DB4_B/108_6.xyt,out/xyt/FVC2002_DB4_B/108_2.xyt
15,out/xyt/FVC2000_DB4_B/109_8.xyt,out/xyt/FVC2004_DB3_B/106_2.xyt
15,out/xyt/FVC2000_DB4_B/110_8.xyt,out/xyt/FVC2004_DB4_B/110_8.xyt
15,out/xyt/FVC2002_DB1_B/106_3.xyt,out/xyt/FVC2002_DB2_B/102_8.xyt
15,out/xyt/FVC2000_DB4_B/103_7.xyt,out/xyt/FVC2004_DB3_B/106_2.xyt
15,out/xyt/FVC2002_DB1_B/107_6.xyt,out/xyt/FVC2002_DB3_B/107_2.xyt
15,out/xyt/FVC2002_DB1_B/102_6.xyt,out/xyt/FVC2004_DB4_B/106_5.xyt
15,out/xyt/FVC2000_DB4_B/109_4.xyt,out/xyt/FVC2002_DB1_B/102_1.xyt
15,out/xyt/FVC2000_DB4_B/108_5.xyt,out/xyt/FVC2002_DB4_B/103_4.xyt
15,out/xyt/FVC2000_DB4_B/103_6.xyt,out/xyt/FVC2002_DB4_B/110_5.xyt
15,out/xyt/FVC2000_DB4_B/107_6.xyt,out/xyt/FVC2002_DB3_B/108_8.xyt
15,out/xyt/FVC2000_DB4_B/105_7.xyt,out/xyt/FVC2004_DB4_B/108_5.xyt
15,out/xyt/FVC2000_DB3_B/109_5.xyt,out/xyt/FVC2004_DB4_B/103_5.xyt
15,out/xyt/FVC2002_DB1_B/106_1.xyt,out/xyt/FVC2002_DB1_B/110_6.xyt
15,out/xyt/FVC2000_DB3_B/110_8.xyt,out/xyt/FVC2002_DB1_B/102_4.xyt
15,out/xyt/FVC2002_DB1_B/102_7.xyt,out/xyt/FVC2004_DB1_B/105_6.xyt
15,out/xyt/FVC2000_DB4_B/103_7.xyt,out/xyt/FVC2002_DB4_B/102_6.xyt
15,out/xyt/FVC2000_DB4_B/109_5.xyt,out/xyt/FVC2002_DB4_B/110_3.xyt
15,out/xyt/FVC2002_DB2_B/101_7.xyt,out/xyt/FVC2002_DB4_B/105_2.xyt
15,out/xyt/FVC2000_DB4_B/102_2.xyt,out/xyt/FVC2002_DB2_B/109_1.xyt
15,out/xyt/FVC2000_DB4_B/109_8.xyt,out/xyt/FVC2004_DB1_B/108_4.xyt
15,out/xyt/FVC2000_DB4_B/102_4.xyt,out/xyt/FVC2002_DB4_B/102_6.xyt
15,out/xyt/FVC2002_DB1_B/102_2.xyt,out/xyt/FVC2002_DB4_B/105_1.xyt
15,out/xyt/FVC2002_DB1_B/102_4.xyt,out/xyt/FVC2002_DB4_B/108_3.xyt
15,out/xyt/FVC2000_DB4_B/101_5.xyt,out/xyt/FVC2002_DB2_B/110_6.xyt
15,out/xyt/FVC2000_DB4_B/102_5.xyt,out/xyt/FVC2004_DB1_B/107_5.xyt
15,out/xyt/FVC2000_DB4_B/109_6.xyt,out/xyt/FVC2002_DB1_B/102_2.xyt
15,out/xyt/FVC2000_DB4_B/110_8.xyt,out/xyt/FVC2002_DB2_B/106_1.xyt
15,out/xyt/FVC2002_DB1_B/104_8.xyt,out/xyt/FVC2002_DB2_B/109_2.xyt
15,out/xyt/FVC2002_DB1_B/103_5.xyt,out/xyt/FVC2002_DB1_B/107_7.xyt
15,out/xyt/FVC2002_DB1_B/105_6.xyt,out/xyt/FVC2004_DB4_B/106_8.xyt
15,out/xyt/FVC2000_DB4_B/103_3.xyt,out/xyt/FVC2002_DB4_B/101_6.xyt
15,out/xyt/FVC2000_DB4_B/104_5.xyt,out/xyt/FVC2002_DB1_B/107_3.xyt
15,out/xyt/FVC2000_DB4_B/109_3.xyt,out/xyt/FVC2000_DB4_B/110_7.xyt
15,out/xyt/FVC2002_DB1_B/102_1.xyt,out/xyt/FVC2004_DB4_B/110_1.xyt
15,out/xyt/FVC2002_DB1_B/107_4.xyt,out/xyt/FVC2004_DB4_B/105_8.xyt
15,out/xyt/FVC2002_DB1_B/101_7.xyt,out/xyt/FVC2002_DB1_B/106_5.xyt
15,out/xyt/FVC2000_DB4_B/105_4.xyt,out/xyt/FVC2002_DB4_B/106_7.xyt
15,out/xyt/FVC2000_DB4_B/103_6.xyt,out/xyt/FVC2002_DB2_B/103_5.xyt
15,out/xyt/FVC2002_DB1_B/104_5.xyt,out/xyt/FVC2002_DB4_B/108_2.xyt
15,out/xyt/FVC2000_DB4_B/110_2.xyt,out/xyt/FVC2004_DB1_B/107_1.xyt
15,out/xyt/FVC2000_DB4_B/103_2.xyt,out/xyt/FVC2002_DB3_B/109_7.xyt
15,out/xyt/FVC2002_DB1_B/102_6.xyt,out/xyt/FVC2002_DB2_B/106_5.xyt
15,out/xyt/FVC2000_DB3_B/107_3.xyt,out/xyt/FVC2002_DB3_B/105_4.xyt
15,out/xyt/FVC2000_DB3_B/104_3.xyt,out/xyt/FVC2004_DB4_B/102_5.xyt
15,out/xyt/FVC2000_DB4_B/109_6.xyt,out/xyt/FVC2002_DB1_B/102_6.xyt
15,out/xyt/FVC2000_DB3_B/104_8.xyt,out/xyt/FVC2000_DB3_B/109_8.xyt
15,out/xyt/FVC2000_DB3_B/107_4.xyt,out/xyt/FVC2000_DB3_B/110_8.xyt
15,out/xyt/FVC2002_DB1_B/105_4.xyt,out/xyt/FVC2004_DB2_B/110_2.xyt
15,out/xyt/FVC2000_DB4_B/106_7.xyt,out/xyt/FVC2002_DB3_B/109_1.xyt
15,out/xyt/FVC2000_DB4_B/101_6.xyt,out/xyt/FVC2002_DB4_B/103_2.xyt
15,out/xyt/FVC2000_DB4_B/103_5.xyt,out/xyt/FVC2004_DB4_B/110_1.xyt
15,out/xyt/FVC2000_DB4_B/110_1.xyt,out/xyt/FVC2002_DB4_B/103_2.xyt
15,out/xyt/FVC2000_DB4_B/104_4.xyt,out/xyt/FVC2002_DB4_B/105_5.xyt
15,out/xyt/FVC2002_DB2_B/102_5.xyt,out/xyt/FVC2002_DB2_B/105_3.xyt
15,out/xyt/FVC2000_DB4_B/102_2.xyt,out/xyt/FVC2004_DB2_B/109_6.xyt
15,out/xyt/FVC2000_DB4_B/101_4.xyt,out/xyt/FVC2004_DB4_B/109_6.xyt
15,out/xyt/FVC2000_DB4_B/103_3.xyt,out/xyt/FVC2002_DB2_B/109_1.xyt
15,out/xyt/FVC2000_DB4_B/103_5.xyt,out/xyt/FVC2002_DB4_B/110_4.xyt
15,out/xyt/FVC2000_DB4_B/104_3.xyt,out/xyt/FVC2002_DB2_B/109_5.xyt
15,out/xyt/FVC2000_DB4_B/105_1.xyt,out/xyt/FVC2002_DB2_B/103_5.xyt
15,out/xyt/FVC2000_DB4_B/103_8.xyt,out/xyt/FVC2002_DB4_B/108_4.xyt
15,out/xyt/FVC2002_DB2_B/101_6.xyt,out/xyt/FVC2004_DB2_B/105_6.xyt
15,out/xyt/FVC2000_DB4_B/102_1.xyt,out/xyt/FVC2002_DB1_B/107_1.xyt
15,out/xyt/FVC2000_DB4_B/102_5.xyt,out/xyt/FVC2000_DB4_B/109_6.xyt
15,out/xyt/FVC2000_DB4_B/110_8.xyt,out/xyt/FVC2002_DB2_B/109_3.xyt
15,out/xyt/FVC2002_DB1_B/105_6.xyt,out/xyt/FVC2002_DB4_B/103_8.xyt
15,out/xyt/FVC2000_DB4_B/102_3.xyt,out/xyt/FVC2002_DB4_B/102_7.xyt
15,out/xyt/FVC2002_DB1_B/106_1.xyt,out/xyt/FVC2002_DB4_B/109_2.xyt
15,out/xyt/FVC2000_DB3_B/109_8.xyt,out/xyt/FVC2004_DB4_B/103_1.xyt
15,out/xyt/FVC2000_DB4_B/107_6.xyt,out/xyt/FVC2004_DB1_B/109_3.xyt
15,out/xyt/FVC2002_DB1_B/104_1.xyt,out/xyt/FVC2002_DB2_B/101_2.xyt
15,out/xyt/FVC2000_DB4_B/102_1.xyt,out/xyt/FVC2002_DB4_B/102_8.xyt
15,out/xyt/FVC2000_DB4_B/106_1.xyt,out/xyt/FVC2002_DB4_B/109_1.xyt
15,out/xyt/FVC2000_DB4_B/104_8.xyt,out/xyt/FVC2002_DB1_B/107_8.xyt
15,out/xyt/FVC2002_DB1_B/106_5.xyt,out/xyt/FVC2004_DB2_B/108_1.xyt
15,out/xyt/FVC2000_DB4_B/110_5.xyt,out/xyt/FVC2002_DB4_B/110_2.xyt
15,out/xyt/FVC2000_DB4_B/108_1.xyt,out/xyt/FVC2004_DB4_B/108_5.xyt
15,out/xyt/FVC2000_DB4_B/101_4.xyt,out/xyt/FVC2002_DB3_B/109_1.xyt
15,out/xyt/FVC2000_DB4_B/109_8.xyt,out/xyt/FVC2004_DB4_B/107_5.xyt
15,out/xyt/FVC2000_DB4_B/102_8.xyt,out/xyt/FVC2004_DB4_B/105_4.xyt
15,out/xyt/FVC2000_DB4_B/102_5.xyt,out/xyt/FVC2004_DB2_B/108_2.xyt
15,out/xyt/FVC2000_DB4_B/102_1.xyt,out/xyt/FVC2002_DB4_B/107_5.xyt
15,out/xyt/FVC2000_DB4_B/102_2.xyt,out/xyt/FVC2002_DB2_B/103_8.xyt
15,out/xyt/FVC2000_DB3_B/110_8.xyt,out/xyt/FVC2000_DB4_B/102_7.xyt
15,out/xyt/FVC2000_DB4_B/103_6.xyt,out/xyt/FVC2002_DB2_B/106_1.xyt
15,out/xyt/FVC2000_DB4_B/101_7.xyt,out/xyt/FVC2004_DB4_B/108_7.xyt
15,out/xyt/FVC2000_DB4_B/106_8.xyt,out/xyt/FVC2002_DB1_B/110_4.xyt
15,out/xyt/FVC2000_DB4_B/106_5.xyt,out/xyt/FVC2000_DB4_B/108_2.xyt
15,out/xyt/FVC2000_DB4_B/110_3.xyt,out/xyt/FVC2004_DB2_B/105_7.xyt
15,out/xyt/FVC2000_DB4_B/103_5.xyt,out/xyt/FVC2004_DB1_B/103_6.xyt
15,out/xyt/FVC2000_DB4_B/105_7.xyt,out/xyt/FVC2002_DB4_B/101_6.xyt
15,out/xyt/FVC2000_DB4_B/103_4.xyt,out/xyt/FVC2004_DB2_B/108_1.xyt
15,out/xyt/FVC2000_DB4_B/109_5.xyt,out/xyt/FVC2002_DB4_B/103_5.xyt
15,out/xyt/FVC2000_DB4_B/102_4.xyt,out/xyt/FVC2002_DB4_B/102_4.xyt
15,out/xyt/FVC2000_DB4_B/106_8.xyt,out/xyt/FVC2004_DB2_B/104_6.xyt
15,out/xyt/FVC2000_DB4_B/101_4.xyt,out/xyt/FVC2002_DB3_B/109_6.xyt
15,out/xyt/FVC2000_DB4_B/103_8.xyt,out/xyt/FVC2002_DB4_B/110_6.xyt
15,out/xyt/FVC2000_DB4_B/104_1.xyt,out/xyt/FVC2004_DB1_B/107_2.xyt
15,out/xyt/FVC2000_DB4_B/101_3.xyt,out/xyt/FVC2002_DB1_B/106_8.xyt
15,out/xyt/FVC2000_DB4_B/103_3.xyt,out/xyt/FVC2004_DB4_B/110_1.xyt
15,out/xyt/FVC2000_DB4_B/108_5.xyt,out/xyt/FVC2002_DB4_B/108_4.xyt
15,out/xyt/FVC2000_DB4_B/102_1.xyt,out/xyt/FVC2002_DB2_B/103_8.xyt
15,out/xyt/FVC2000_DB4_B/102_2.xyt,out/xyt/FVC2000_DB4_B/103_1.xyt
15,out/xyt/FVC2000_DB4_B/110_5.xyt,out/xyt/FVC2004_DB1_B/103_6.xyt
15,out/xyt/FVC2000_DB3_B/108_8.xyt,out/xyt/FVC2004_DB3_B/102_7.xyt
15,out/xyt/FVC2002_DB1_B/102_7.xyt,out/xyt/FVC2002_DB2_B/108_2.xyt
15,out/xyt/FVC2000_DB4_B/108_6.xyt,out/xyt/FVC2000_DB4_B/110_6.xyt
15,out/xyt/FVC2000_DB4_B/108_7.xyt,out/xyt/FVC2002_DB4_B/110_6.xyt
15,out/xyt/FVC2000_DB4_B/104_8.xyt,out/xyt/FVC2002_DB1_B/110_2.xyt
15,out/xyt/FVC2002_DB1_B/102_2.xyt,out/xyt/FVC2002_DB4_B/107_7.xyt
15,out/xyt/FVC2000_DB4_B/105_5.xyt,out/xyt/FVC2002_DB1_B/102_7.xyt
15,out/xyt/FVC2000_DB3_B/108_7.xyt,out/xyt/FVC2004_DB3_B/110_6.xyt
15,out/xyt/FVC2000_DB4_B/103_2.xyt,out/xyt/FVC2004_DB4_B/106_8.xyt
15,out/xyt/FVC2000_DB3_B/104_3.xyt,out/xyt/FVC2004_DB1_B/110_1.xyt
15,out/xyt/FVC2002_DB1_B/102_6.xyt,out/xyt/FVC2004_DB2_B/103_1.xyt
15,out/xyt/FVC2000_DB4_B/109_7.xyt,out/xyt/FVC2002_DB4_B/109_1.xyt
15,out/xyt/FVC2000_DB4_B/103_6.xyt,out/xyt/FVC2002_DB4_B/110_8.xyt
15,out/xyt/FVC2000_DB4_B/103_3.xyt,out/xyt/FVC2002_DB4_B/103_6.xyt
15,out/xyt/FVC2000_DB4_B/101_3.xyt,out/xyt/FVC2000_DB4_B/110_1.xyt
15,out/xyt/FVC2002_DB1_B/110_1.xyt,out/xyt/FVC2002_DB4_B/109_8.xyt
15,out/xyt/FVC2000_DB4_B/109_2.xyt,out/xyt/FVC2002_DB3_B/110_1.xyt
15,out/xyt/FVC2000_DB4_B/102_7.xyt,out/xyt/FVC2004_DB2_B/108_1.xyt
15,out/xyt/FVC2000_DB4_B/102_8.xyt,out/xyt/FVC2000_DB4_B/103_6.xyt
15,out/xyt/FVC2002_DB1_B/102_4.xyt,out/xyt/FVC2002_DB2_B/103_7.xyt
15,out/xyt/FVC2002_DB1_B/104_3.xyt,out/xyt/FVC2004_DB3_B/107_3.xyt
15,out/xyt/FVC2002_DB1_B/105_6.xyt,out/xyt/FVC2002_DB2_B/105_7.xyt
15,out/xyt/FVC2002_DB2_B/110_6.xyt,out/xyt/FVC2004_DB1_B/109_4.xyt
15,out/xyt/FVC2000_DB4_B/102_2.xyt,out/xyt/FVC2004_DB4_B/110_6.xyt
15,out/xyt/FVC2002_DB3_B/109_1.xyt,out/xyt/FVC2004_DB1_B/101_5.xyt
15,out/xyt/FVC2000_DB4_B/110_6.xyt,out/xyt/FVC2004_DB1_B/108_5.xyt
15,out/xyt/FVC2002_DB1_B/102_7.xyt,out/xyt/FVC2002_DB4_B/105_6.xyt
15,out/xyt/FVC2002_DB1_B/101_6.xyt,out/xyt/FVC2002_DB2_B/106_6.xyt
15,out/xyt/FVC2002_DB1_B/106_2.xyt,out/xyt/FVC2004_DB2_B/108_7.xyt
15,out/xyt/FVC2002_DB2_B/106_8.xyt,out/xyt/FVC2002_DB4_B/102_5.xyt
15,out/xyt/FVC2002_DB1_B/107_3.xyt,out/xyt/FVC2004_DB4_B/109_5.xyt
15,out/xyt/FVC2002_DB4_B/109_6.xyt,out/xyt/FVC2002_DB4_B/110_3.xyt
15,out/xyt/FVC2002_DB2_B/109_2.xyt,out/xyt/FVC2002_DB3_B/103_3.xyt
15,out/xyt/FVC2000_DB4_B/110_3.xyt,out/xyt/FVC2002_DB1_B/102_7.xyt
15,out/xyt/FVC2002_DB3_B/107_1.xyt,out/xyt/FVC2004_DB1_B/109_5.xyt
15,out/xyt/FVC2000_DB4_B/103_8.xyt,out/xyt/FVC2000_DB4_B/108_5.xyt
15,out/xyt/FVC2002_DB1_B/102_7.xyt,out/xyt/FVC2004_DB4_B/104_4.xyt
15,out/xyt/FVC2002_DB1_B/102_6.xyt,out/xyt/FVC2004_DB4_B/103_7.xyt
15,out/xyt/FVC2002_DB1_B/110_3.xyt,out/xyt/FVC2002_DB2_B/102_8.xyt
15,out/xyt/FVC2002_DB3_B/104_5.xyt,out/xyt/FVC2004_DB1_B/107_1.xyt
15,out/xyt/FVC2002_DB2_B/101_6.xyt,out/xyt/FVC2004_DB1_B/104_5.xyt
15,out/xyt/FVC2002_DB2_B/103_7.xyt,out/xyt/FVC2004_DB1_B/104_1.xyt
15,out/xyt/FVC2002_DB2_B/101_1.xyt,out/xyt/FVC2004_DB1_B/104_4.xyt
15,out/xyt/FVC2002_DB2_B/106_2.xyt,out/xyt/FVC2004_DB1_B/101_5.xyt
15,out/xyt/FVC2002_DB1_B/102_2.xyt,out/xyt/FVC2002_DB1_B/109_4.xyt
15,out/xyt/FVC2002_DB2_B/107_2.xyt,out/xyt/FVC2004_DB2_B/108_3.xyt
15,out/xyt/FVC2002_DB1_B/106_2.xyt,out/xyt/FVC2002_DB2_B/103_2.xyt
15,out/xyt/FVC2002_DB2_B/101_5.xyt,out/xyt/FVC2004_DB1_B/107_1.xyt
15,out/xyt/FVC2002_DB2_B/101_4.xyt,out/xyt/FVC2004_DB1_B/109_4.xyt
15,out/xyt/FVC2000_DB4_B/105_6.xyt,out/xyt/FVC2002_DB4_B/102_4.xyt
15,out/xyt/FVC2000_DB4_B/105_2.xyt,out/xyt/FVC2002_DB2_B/103_7.xyt
15,out/xyt/FVC2002_DB1_B/102_3.xyt,out/xyt/FVC2002_DB4_B/109_8.xyt
15,out/xyt/FVC2000_DB4_B/109_7.xyt,out/xyt/FVC2002_DB2_B/102_5.xyt
15,out/xyt/FVC2002_DB1_B/101_7.xyt,out/xyt/FVC2002_DB3_B/101_4.xyt
15,out/xyt/FVC2002_DB3_B/109_2.xyt,out/xyt/FVC2002_DB4_B/105_7.xyt
15,out/xyt/FVC2002_DB2_B/107_3.xyt,out/xyt/FVC2004_DB1_B/108_6.xyt
15,out/xyt/FVC2002_DB3_B/105_3.xyt,out/xyt/FVC2004_DB1_B/102_8.xyt
15,out/xyt/FVC2002_DB4_B/101_8.xyt,out/xyt/FVC2002_DB4_B/103_8.xyt
15,out/xyt/FVC2002_DB1_B/102_7.xyt,out/xyt/FVC2002_DB4_B/107_1.xyt
15,out/xyt/FVC2000_DB4_B/110_5.xyt,out/xyt/FVC2004_DB4_B/107_1.xyt
15,out/xyt/FVC2002_DB1_B/105_5.xyt,out/xyt/FVC2004_DB1_B/103_6.xyt
15,out/xyt/FVC2000_DB4_B/109_8.xyt,out/xyt/FVC2002_DB2_B/109_1.xyt
15,out/xyt/FVC2002_DB1_B/102_2.xyt,out/xyt/FVC2004_DB1_B/104_7.xyt
15,out/xyt/FVC2002_DB1_B/107_2.xyt,out/xyt/FVC2002_DB1_B/110_4.xyt
15,out/xyt/FVC2000_DB4_B/109_5.xyt,out/xyt/FVC2004_DB1_B/104_1.xyt
15,out/xyt/FVC2002_DB2_B/104_3.xyt,out/xyt/FVC2002_DB4_B/104_5.xyt
15,out/xyt/FVC2002_DB4_B/101_4.xyt,out/xyt/FVC2002_DB4_B/102_6.xyt
15,out/xyt/FVC2002_DB2_B/106_8.xyt,out/xyt/FVC2004_DB4_B/110_1.xyt
15,out/xyt/FVC2002_DB1_B/105_1.xyt,out/xyt/FVC2004_DB1_B/104_7.xyt
15,out/xyt/FVC2002_DB2_B/103_2.xyt,out/xyt/FVC2002_DB2_B/108_3.xyt
15,out/xyt/FVC2002_DB1_B/107_7.xyt,out/xyt/FVC2004_DB1_B/103_3.xyt
15,out/xyt/FVC2002_DB2_B/102_7.xyt,out/xyt/FVC2002_DB2_B/105_6.xyt
15,out/xyt/FVC2002_DB1_B/102_2.xyt,out/xyt/FVC2002_DB1_B/106_7.xyt
15,out/xyt/FVC2002_DB2_B/102_8.xyt,out/xyt/FVC2004_DB4_B/108_8.xyt
15,out/xyt/FVC2002_DB1_B/106_2.xyt,out/xyt/FVC2002_DB4_B/103_8.xyt
15,out/xyt/FVC2002_DB1_B/107_3.xyt,out/xyt/FVC2002_DB2_B/108_8.xyt
15,out/xyt/FVC2002_DB1_B/107_3.xyt,out/xyt/FVC2004_DB4_B/109_1.xyt
15,out/xyt/FVC2002_DB1_B/107_2.xyt,out/xyt/FVC2004_DB1_B/104_7.xyt
15,out/xyt/FVC2002_DB2_B/103_1.xyt,out/xyt/FVC2004_DB2_B/109_5.xyt
15,out/xyt/FVC2002_DB2_B/108_2.xyt,out/xyt/FVC2004_DB3_B/105_3.xyt
15,out/xyt/FVC2002_DB1_B/105_5.xyt,out/xyt/FVC2002_DB3_B/108_4.xyt
15,out/xyt/FVC2002_DB1_B/110_2.xyt,out/xyt/FVC2004_DB1_B/104_7.xyt
15,out/xyt/FVC2000_DB4_B/102_1.xyt,out/xyt/FVC2004_DB1_B/104_1.xyt
15,out/xyt/FVC2000_DB4_B/102_4.xyt,out/xyt/FVC2004_DB1_B/104_7.xyt
15,out/xyt/FVC2000_DB4_B/110_3.xyt,out/xyt/FVC2004_DB2_B/104_3.xyt
15,out/xyt/FVC2000_DB4_B/106_1.xyt,out/xyt/FVC2004_DB4_B/108_4.xyt
15,out/xyt/FVC2000_DB4_B/103_2.xyt,out/xyt/FVC2002_DB2_B/108_1.xyt
15,out/xyt/FVC2002_DB4_B/101_7.xyt,out/xyt/FVC2002_DB4_B/102_3.xyt
15,out/xyt/FVC2000_DB4_B/103_4.xyt,out/xyt/FVC2002_DB2_B/108_8.xyt
15,out/xyt/FVC2000_DB4_B/102_1.xyt,out/xyt/FVC2004_DB2_B/109_4.xyt
15,out/xyt/FVC2002_DB2_B/108_2.xyt,out/xyt/FVC2002_DB4_B/105_8.xyt
15,out/xyt/FVC2002_DB1_B/102_4.xyt,out/xyt/FVC2002_DB1_B/104_2.xyt
15,out/xyt/FVC2000_DB4_B/103_2.xyt,out/xyt/FVC2004_DB4_B/104_3.xyt
15,out/xyt/FVC2002_DB2_B/109_7.xyt,out/xyt/FVC2004_DB1_B/104_4.xyt
15,out/xyt/FVC2002_DB1_B/109_5.xyt,out/xyt/FVC2004_DB2_B/103_1.xyt
15,out/xyt/FVC2002_DB1_B/102_7.xyt,out/xyt/FVC2004_DB1_B/107_1.xyt
15,out/xyt/FVC2002_DB1_B/105_1.xyt,out/xyt/FVC2004_DB4_B/110_8.xyt
15,out/xyt/FVC2002_DB1_B/105_3.xyt,out/xyt/FVC2004_DB2_B/109_1.xyt
15,out/xyt/FVC2002_DB1_B/106_8.xyt,out/xyt/FVC2004_DB4_B/105_6.xyt
15,out/xyt/FVC2002_DB4_B/103_5.xyt,out/xyt/FVC2004_DB4_B/110_1.xyt
15,out/xyt/FVC2002_DB2_B/103_7.xyt,out/xyt/FVC2002_DB2_B/108_6.xyt
15,out/xyt/FVC2002_DB1_B/105_8.xyt,out/xyt/FVC2002_DB2_B/109_1.xyt
15,out/xyt/FVC2002_DB4_B/103_2.xyt,out/xyt/FVC2004_DB2_B/101_5.xyt
15,out/xyt/FVC2000_DB4_B/109_3.xyt,out/xyt/FVC2004_DB3_B/108_2.xyt
15,out/xyt/FVC2002_DB3_B/106_3.xyt,out/xyt/FVC2004_DB2_B/104_2.xyt
15,out/xyt/FVC2002_DB2_B/110_6.xyt,out/xyt/FVC2004_DB4_B/104_4.xyt
15,out/xyt/FVC2002_DB1_B/107_3.xyt,out/xyt/FVC2004_DB4_B/105_5.xyt
15,out/xyt/FVC2002_DB3_B/104_8.xyt,out/xyt/FVC2004_DB1_B/107_5.xyt
15,out/xyt/FVC2002_DB3_B/104_3.xyt,out/xyt/FVC2004_DB1_B/107_5.xyt
15,out/xyt/FVC2002_DB1_B/109_5.xyt,out/xyt/FVC2002_DB2_B/101_8.xyt
15,out/xyt/FVC2002_DB4_B/103_4.xyt,out/xyt/FVC2004_DB2_B/101_5.xyt
15,out/xyt/FVC2002_DB4_B/102_1.xyt,out/xyt/FVC2004_DB4_B/106_7.xyt
15,out/xyt/FVC2002_DB1_B/105_8.xyt,out/xyt/FVC2002_DB2_B/103_8.xyt
15,out/xyt/FVC2002_DB1_B/106_8.xyt,out/xyt/FVC2004_DB1_B/105_2.xyt
15,out/xyt/FVC2002_DB3_B/104_7.xyt,out/xyt/FVC2004_DB4_B/104_1.xyt
15,out/xyt/FVC2000_DB4_B/110_6.xyt,out/xyt/FVC2002_DB3_B/106_2.xyt
15,out/xyt/FVC2002_DB1_B/102_2.xyt,out/xyt/FVC2002_DB4_B/107_5.xyt
15,out/xyt/FVC2002_DB2_B/102_5.xyt,out/xyt/FVC2002_DB2_B/108_8.xyt
15,out/xyt/FVC2002_DB4_B/103_8.xyt,out/xyt/FVC2004_DB4_B/103_6.xyt
15,out/xyt/FVC2002_DB2_B/106_5.xyt,out/xyt/FVC2004_DB4_B/106_4.xyt
15,out/xyt/FVC2002_DB2_B/106_1.xyt,out/xyt/FVC2004_DB3_B/105_6.xyt
15,out/xyt/FVC2002_DB4_B/105_6.xyt,out/xyt/FVC2004_DB4_B/108_1.xyt
15,out/xyt/FVC2000_DB4_B/109_1.xyt,out/xyt/FVC2004_DB1_B/104_1.xyt
15,out/xyt/FVC2002_DB1_B/101_4.xyt,out/xyt/FVC2002_DB1_B/105_4.xyt
15,out/xyt/FVC2002_DB1_B/101_7.xyt,out/xyt/FVC2004_DB1_B/103_4.xyt
15,out/xyt/FVC2002_DB4_B/102_8.xyt,out/xyt/FVC2004_DB2_B/109_3.xyt
15,out/xyt/FVC2002_DB1_B/110_7.xyt,out/xyt/FVC2002_DB3_B/108_5.xyt
15,out/xyt/FVC2002_DB4_B/108_5.xyt,out/xyt/FVC2004_DB1_B/104_1.xyt
15,out/xyt/FVC2002_DB2_B/109_3.xyt,out/xyt/FVC2004_DB1_B/101_2.xyt
15,out/xyt/FVC2000_DB4_B/106_2.xyt,out/xyt/FVC2004_DB4_B/104_6.xyt
15,out/xyt/FVC2002_DB1_B/106_6.xyt,out/xyt/FVC2002_DB1_B/110_2.xyt
15,out/xyt/FVC2002_DB2_B/102_2.xyt,out/xyt/FVC2004_DB2_B/102_1.xyt
15,out/xyt/FVC2002_DB1_B/105_6.xyt,out/xyt/FVC2002_DB4_B/110_7.xyt
15,out/xyt/FVC2002_DB1_B/106_3.xyt,out/xyt/FVC2004_DB3_B/107_2.xyt
15,out/xyt/FVC2002_DB2_B/106_2.xyt,out/xyt/FVC2002_DB4_B/108_8.xyt
15,out/xyt/FVC2002_DB2_B/106_3.xyt,out/xyt/FVC2004_DB2_B/103_1.xyt
15,out/xyt/FVC2000_DB4_B/103_5.xyt,out/xyt/FVC2002_DB4_B/103_1.xyt
15,out/xyt/FVC2000_DB4_B/108_6.xyt,out/xyt/FVC2004_DB4_B/110_6.xyt
15,out/xyt/FVC2000_DB4_B/109_2.xyt,out/xyt/FVC2004_DB4_B/102_2.xyt
15,out/xyt/FVC2002_DB1_B/102_7.xyt,out/xyt/FVC2004_DB4_B/103_4.xyt
15,out/xyt/FVC2000_DB4_B/109_5.xyt,out/xyt/FVC2002_DB3_B/101_4.xyt
15,out/xyt/FVC2002_DB1_B/110_1.xyt,out/xyt/FVC2002_DB4_B/110_4.xyt
15,out/xyt/FVC2002_DB1_B/102_7.xyt,out/xyt/FVC2002_DB3_B/109_2.xyt
15,out/xyt/FVC2002_DB1_B/101_7.xyt,out/xyt/FVC2002_DB4_B/110_6.xyt
15,out/xyt/FVC2002_DB1_B/102_7.xyt,out/xyt/FVC2004_DB2_B/105_6.xyt
15,out/xyt/FVC2002_DB1_B/102_7.xyt,out/xyt/FVC2002_DB3_B/109_8.xyt
15,out/xyt/FVC2002_DB1_B/110_6.xyt,out/xyt/FVC2002_DB2_B/105_6.xyt
15,out/xyt/FVC2002_DB1_B/104_3.xyt,out/xyt/FVC2002_DB4_B/108_3.xyt
15,out/xyt/FVC2002_DB2_B/109_2.xyt,out/xyt/FVC2002_DB4_B/110_5.xyt
15,out/xyt/FVC2002_DB1_B/102_1.xyt,out/xyt/FVC2004_DB1_B/102_8.xyt
15,out/xyt/FVC2002_DB1_B/102_4.xyt,out/xyt/FVC2002_DB2_B/109_2.xyt
15,out/xyt/FVC2000_DB4_B/108_6.xyt,out/xyt/FVC2002_DB1_B/106_3.xyt
15,out/xyt/FVC2002_DB3_B/105_3.xyt,out/xyt/FVC2004_DB2_B/104_6.xyt
15,out/xyt/FVC2002_DB2_B/106_5.xyt,out/xyt/FVC2004_DB2_B/109_3.xyt
15,out/xyt/FVC2000_DB4_B/109_5.xyt,out/xyt/FVC2002_DB1_B/110_1.xyt
15,out/xyt/FVC2002_DB1_B/105_1.xyt,out/xyt/FVC2002_DB4_B/103_5.xyt
15,out/xyt/FVC2000_DB4_B/102_7.xyt,out/xyt/FVC2004_DB1_B/103_1.xyt
15,out/xyt/FVC2002_DB2_B/106_1.xyt,out/xyt/FVC2004_DB2_B/108_1.xyt
15,out/xyt/FVC2002_DB4_B/101_8.xyt,out/xyt/FVC2004_DB2_B/101_5.xyt
15,out/xyt/FVC2000_DB4_B/102_3.xyt,out/xyt/FVC2002_DB4_B/106_4.xyt
15,out/xyt/FVC2000_DB4_B/102_7.xyt,out/xyt/FVC2002_DB4_B/102_4.xyt
15,out/xyt/FVC2002_DB2_B/105_7.xyt,out/xyt/FVC2004_DB4_B/104_2.xyt
15,out/xyt/FVC2000_DB4_B/106_7.xyt,out/xyt/FVC2004_DB4_B/106_5.xyt
15,out/xyt/FVC2000_DB4_B/101_4.xyt,out/xyt/FVC2004_DB1_B/104_5.xyt
15,out/xyt/FVC2002_DB2_B/102_2.xyt,out/xyt/FVC2002_DB4_B/106_8.xyt
15,out/xyt/FVC2002_DB1_B/105_3.xyt,out/xyt/FVC2004_DB2_B/110_1.xyt
15,out/xyt/FVC2002_DB3_B/106_1.xyt,out/xyt/FVC2002_DB3_B/107_6.xyt
15,out/xyt/FVC2000_DB4_B/109_2.xyt,out/xyt/FVC2002_DB1_B/102_3.xyt
15,out/xyt/FVC2000_DB4_B/109_6.xyt,out/xyt/FVC2002_DB1_B/104_1.xyt
15,out/xyt/FVC2000_DB4_B/102_1.xyt,out/xyt/FVC2002_DB4_B/105_8.xyt
15,out/xyt/FVC2002_DB4_B/107_3.xyt,out/xyt/FVC2002_DB4_B/109_3.xyt
15,out/xyt/FVC2002_DB4_B/108_1.xyt,out/xyt/FVC2004_DB2_B/104_2.xyt
15,out/xyt/FVC2002_DB1_B/108_6.xyt,out/xyt/FVC2004_DB1_B/110_5.xyt
15,out/xyt/FVC2002_DB1_B/110_8.xyt,out/xyt/FVC2002_DB4_B/102_2.xyt
15,out/xyt/FVC2002_DB1_B/107_4.xyt,out/xyt/FVC2004_DB2_B/110_2.xyt
15,out/xyt/FVC2002_DB1_B/106_8.xyt,out/xyt/FVC2002_DB3_B/109_1.xyt
15,out/xyt/FVC2000_DB4_B/109_1.xyt,out/xyt/FVC2002_DB1_B/106_1.xyt
15,out/xyt/FVC2002_DB1_B/104_4.xyt,out/xyt/FVC2002_DB1_B/109_5.xyt
15,out/xyt/FVC2000_DB4_B/103_4.xyt,out/xyt/FVC2002_DB2_B/109_7.xyt
15,out/xyt/FVC2002_DB2_B/105_8.xyt,out/xyt/FVC2002_DB2_B/106_6.xyt
15,out/xyt/FVC2002_DB2_B/108_4.xyt,out/xyt/FVC2004_DB4_B/108_5.xyt
15,out/xyt/FVC2002_DB4_B/102_3.xyt,out/xyt/FVC2002_DB4_B/110_7.xyt
15,out/xyt/FVC2002_DB2_B/103_2.xyt,out/xyt/FVC2002_DB2_B/109_3.xyt
15,out/xyt/FVC2000_DB4_B/105_2.xyt,out/xyt/FVC2004_DB2_B/109_1.xyt
15,out/xyt/FVC2000_DB4_B/103_5.xyt,out/xyt/FVC2004_DB4_B/110_7.xyt
15,out/xyt/FVC2002_DB2_B/108_1.xyt,out/xyt/FVC2004_DB2_B/110_2.xyt
15,out/xyt/FVC2002_DB1_B/105_8.xyt,out/xyt/FVC2004_DB2_B/102_1.xyt
15,out/xyt/FVC2002_DB2_B/103_2.xyt,out/xyt/FVC2004_DB1_B/101_4.xyt
15,out/xyt/FVC2002_DB1_B/107_4.xyt,out/xyt/FVC2002_DB1_B/110_3.xyt
15,out/xyt/FVC2002_DB2_B/105_1.xyt,out/xyt/FVC2004_DB3_B/105_6.xyt
15,out/xyt/FVC2002_DB4_B/101_6.xyt,out/xyt/FVC2002_DB4_B/108_2.xyt
15,out/xyt/FVC2000_DB4_B/106_8.xyt,out/xyt/FVC2002_DB4_B/103_4.xyt
15,out/xyt/FVC2002_DB1_B/102_7.xyt,out/xyt/FVC2002_DB3_B/109_6.xyt
15,out/xyt/FVC2002_DB1_B/106_8.xyt,out/xyt/FVC2004_DB3_B/105_1.xyt
15,out/xyt/FVC2002_DB2_B/105_2.xyt,out/xyt/FVC2002_DB2_B/109_2.xyt
15,out/xyt/FVC2000_DB4_B/109_6.xyt,out/xyt/FVC2004_DB4_B/108_3.xyt
15,out/xyt/FVC2002_DB1_B/101_3.xyt,out/xyt/FVC2004_DB1_B/106_2.xyt
15,out/xyt/FVC2002_DB1_B/105_7.xyt,out/xyt/FVC2002_DB1_B/110_2.xyt
15,out/xyt/FVC2002_DB4_B/109_5.xyt,out/xyt/FVC2004_DB4_B/102_5.xyt
15,out/xyt/FVC2002_DB1_B/101_3.xyt,out/xyt/FVC2004_DB1_B/102_6.xyt
15,out/xyt/FVC2000_DB4_B/103_3.xyt,out/xyt/FVC2004_DB2_B/108_4.xyt
15,out/xyt/FVC2002_DB1_B/101_7.xyt,out/xyt/FVC2004_DB4_B/105_3.xyt
15,out/xyt/FVC2002_DB1_B/106_7.xyt,out/xyt/FVC2002_DB2_B/106_5.xyt
15,out/xyt/FVC2000_DB4_B/103_5.xyt,out/xyt/FVC2004_DB3_B/105_2.xyt
15,out/xyt/FVC2000_DB4_B/104_5.xyt,out/xyt/FVC2002_DB1_B/106_7.xyt
15,out/xyt/FVC2000_DB4_B/104_4.xyt,out/xyt/FVC2002_DB4_B/107_5.xyt
15,out/xyt/FVC2000_DB3_B/109_8.xyt,out/xyt/FVC2002_DB1_B/102_1.xyt
15,out/xyt/FVC2002_DB2_B/108_1.xyt,out/xyt/FVC2002_DB3_B/106_1.xyt
15,out/xyt/FVC2002_DB1_B/102_4.xyt,out/xyt/FVC2004_DB4_B/110_1.xyt
15,out/xyt/FVC2002_DB4_B/109_4.xyt,out/xyt/FVC2004_DB4_B/102_8.xyt
15,out/xyt/FVC2002_DB1_B/106_8.xyt,out/xyt/FVC2004_DB4_B/106_6.xyt
15,out/xyt/FVC2002_DB4_B/102_6.xyt,out/xyt/FVC2004_DB2_B/108_1.xyt
15,out/xyt/FVC2002_DB2_B/108_4.xyt,out/xyt/FVC2004_DB2_B/108_1.xyt
15,out/xyt/FVC2002_DB1_B/106_7.xyt,out/xyt/FVC2004_DB4_B/110_8.xyt
15,out/xyt/FVC2002_DB4_B/108_6.xyt,out/xyt/FVC2002_DB4_B/110_6.xyt
15,out/xyt/FVC2002_DB3_B/108_3.xyt,out/xyt/FVC2004_DB3_B/102_5.xyt
15,out/xyt/FVC2002_DB4_B/110_4.xyt,out/xyt/FVC2004_DB4_B/110_4.xyt
15,out/xyt/FVC2002_DB2_B/103_7.xyt,out/xyt/FVC2002_DB4_B/103_3.xyt
15,out/xyt/FVC2002_DB1_B/106_2.xyt,out/xyt/FVC2004_DB1_B/107_1.xyt
15,out/xyt/FVC2002_DB1_B/104_4.xyt,out/xyt/FVC2002_DB3_B/103_4.xyt
15,out/xyt/FVC2002_DB1_B/105_7.xyt,out/xyt/FVC2004_DB4_B/104_1.xyt
15,out/xyt/FVC2002_DB2_B/103_5.xyt,out/xyt/FVC2004_DB4_B/110_6.xyt
15,out/xyt/FVC2002_DB1_B/102_6.xyt,out/xyt/FVC2002_DB1_B/107_8.xyt
15,out/xyt/FVC2002_DB3_B/101_3.xyt,out/xyt/FVC2004_DB2_B/104_2.xyt
15,out/xyt/FVC2002_DB4_B/107_3.xyt,out/xyt/FVC2004_DB1_B/101_3.xyt
15,out/xyt/FVC2002_DB1_B/102_6.xyt,out/xyt/FVC2004_DB4_B/104_7.xyt
15,out/xyt/FVC2000_DB4_B/108_4.xyt,out/xyt/FVC2004_DB1_B/104_7.xyt
15,out/xyt/FVC2002_DB4_B/103_3.xyt,out/xyt/FVC2004_DB1_B/103_1.xyt
15,out/xyt/FVC2002_DB2_B/109_2.xyt,out/xyt/FVC2004_DB4_B/106_4.xyt
15,out/xyt/FVC2002_DB2_B/102_6.xyt,out/xyt/FVC2002_DB3_B/104_3.xyt
15,out/xyt/FVC2002_DB1_B/106_6.xyt,out/xyt/FVC2002_DB4_B/106_1.xyt
15,out/xyt/FVC2000_DB4_B/108_4.xyt,out/xyt/FVC2002_DB4_B/110_1.xyt
15,out/xyt/FVC2000_DB4_B/110_8.xyt,out/xyt/FVC2004_DB3_B/105_1.xyt
15,out/xyt/FVC2002_DB1_B/110_7.xyt,out/xyt/FVC2002_DB3_B/102_1.xyt
15,out/xyt/FVC2002_DB1_B/107_4.xyt,out/xyt/FVC2002_DB2_B/108_3.xyt
15,out/xyt/FVC2002_DB2_B/102_6.xyt,out/xyt/FVC2002_DB3_B/109_5.xyt
15,out/xyt/FVC2002_DB2_B/103_7.xyt,out/xyt/FVC2004_DB4_B/106_7.xyt
15,out/xyt/FVC2002_DB2_B/108_3.xyt,out/xyt/FVC2002_DB4_B/105_2.xyt
15,out/xyt/FVC2002_DB1_B/105_6.xyt,out/xyt/FVC2002_DB2_B/107_2.xyt
15,out/xyt/FVC2002_DB1_B/105_5.xyt,out/xyt/FVC2002_DB2_B/108_7.xyt
15,out/xyt/FVC2000_DB4_B/109_6.xyt,out/xyt/FVC2002_DB1_B/107_2.xyt
15,out/xyt/FVC2000_DB4_B/109_3.xyt,out/xyt/FVC2004_DB2_B/104_2.xyt
15,out/xyt/FVC2002_DB1_B/101_6.xyt,out/xyt/FVC2004_DB2_B/109_4.xyt
15,out/xyt/FVC2002_DB2_B/108_2.xyt,out/xyt/FVC2004_DB4_B/108_8.xyt
15,out/xyt/FVC2002_DB4_B/105_3.xyt,out/xyt/FVC2004_DB1_B/103_5.xyt
15,out/xyt/FVC2002_DB1_B/110_4.xyt,out/xyt/FVC2002_DB4_B/106_8.xyt
15,out/xyt/FVC2002_DB2_B/108_2.xyt,out/xyt/FVC2004_DB3_B/105_4.xyt
15,out/xyt/FVC2002_DB2_B/108_1.xyt,out/xyt/FVC2002_DB4_B/105_5.xyt
15,out/xyt/FVC2002_DB1_B/106_1.xyt,out/xyt/FVC2002_DB1_B/107_3.xyt
15,out/xyt/FVC2002_DB1_B/105_6.xyt,out/xyt/FVC2002_DB4_B/110_5.xyt
15,out/xyt/FVC2002_DB1_B/107_7.xyt,out/xyt/FVC2004_DB2_B/109_4.xyt
15,out/xyt/FVC2002_DB4_B/103_5.xyt,out/xyt/FVC2004_DB4_B/104_4.xyt
15,out/xyt/FVC2002_DB1_B/105_8.xyt,out/xyt/FVC2004_DB4_B/108_1.xyt
15,out/xyt/FVC2002_DB2_B/106_5.xyt,out/xyt/FVC2002_DB3_B/109_4.xyt
15,out/xyt/FVC2002_DB2_B/102_6.xyt,out/xyt/FVC2004_DB2_B/109_4.xyt
15,out/xyt/FVC2002_DB4_B/109_5.xyt,out/xyt/FVC2004_DB1_B/104_3.xyt
15,out/xyt/FVC2002_DB1_B/110_8.xyt,out/xyt/FVC2002_DB3_B/106_5.xyt
15,out/xyt/FVC2002_DB1_B/107_2.xyt,out/xyt/FVC2004_DB2_B/109_3.xyt
15,out/xyt/FVC2002_DB1_B/105_3.xyt,out/xyt/FVC2004_DB4_B/108_4.xyt
15,out/xyt/FVC2000_DB3_B/109_3.xyt,out/xyt/FVC2004_DB3_B/103_7.xyt
15,out/xyt/FVC2002_DB1_B/106_8.xyt,out/xyt/FVC2004_DB3_B/105_4.xyt
15,out/xyt/FVC2002_DB4_B/105_1.xyt,out/xyt/FVC2004_DB2_B/101_1.xyt
15,out/xyt/FVC2002_DB1_B/110_5.xyt,out/xyt/FVC2002_DB3_B/109_6.xyt
15,out/xyt/FVC2002_DB1_B/106_5.xyt,out/xyt/FVC2002_DB2_B/109_1.xyt
15,out/xyt/FVC2002_DB1_B/110_8.xyt,out/xyt/FVC2002_DB4_B/105_8.xyt
15,out/xyt/FVC2002_DB1_B/106_2.xyt,out/xyt/FVC2004_DB3_B/105_1.xyt
15,out/xyt/FVC2002_DB1_B/102_7.xyt,out/xyt/FVC2004_DB4_B/110_6.xyt
15,out/xyt/FVC2000_DB4_B/109_6.xyt,out/xyt/FVC2002_DB2_B/103_7.xyt
15,out/xyt/FVC2000_DB4_B/110_6.xyt,out/xyt/FVC2002_DB4_B/105_8.xyt
15,out/xyt/FVC2002_DB2_B/102_7.xyt,out/xyt/FVC2002_DB2_B/105_7.xyt
15,out/xyt/FVC2002_DB3_B/101_8.xyt,out/xyt/FVC2002_DB3_B/104_4.xyt
15,out/xyt/FVC2002_DB1_B/107_2.xyt,out/xyt/FVC2002_DB4_B/102_3.xyt
15,out/xyt/FVC2000_DB4_B/109_1.xyt,out/xyt/FVC2002_DB1_B/102_4.xyt
15,out/xyt/FVC2002_DB2_B/105_3.xyt,out/xyt/FVC2002_DB2_B/106_1.xyt
15,out/xyt/FVC2002_DB3_B/102_6.xyt,out/xyt/FVC2004_DB4_B/108_1.xyt
15,out/xyt/FVC2002_DB1_B/107_7.xyt,out/xyt/FVC2004_DB2_B/104_7.xyt
15,out/xyt/FVC2002_DB4_B/105_3.xyt,out/xyt/FVC2004_DB2_B/107_2.xyt
15,out/xyt/FVC2002_DB4_B/107_3.xyt,out/xyt/FVC2004_DB4_B/103_4.xyt
15,out/xyt/FVC2000_DB4_B/102_8.xyt,out/xyt/FVC2002_DB4_B/109_5.xyt
15,out/xyt/FVC2002_DB2_B/104_2.xyt,out/xyt/FVC2002_DB3_B/109_8.xyt
15,out/xyt/FVC2002_DB2_B/110_6.xyt,out/xyt/FVC2004_DB4_B/104_3.xyt
15,out/xyt/FVC2002_DB1_B/106_7.xyt,out/xyt/FVC2004_DB2_B/110_8.xyt
15,out/xyt/FVC2002_DB1_B/106_6.xyt,out/xyt/FVC2004_DB4_B/105_5.xyt
15,out/xyt/FVC2002_DB1_B/102_2.xyt,out/xyt/FVC2002_DB2_B/103_4.xyt
15,out/xyt/FVC2002_DB1_B/102_6.xyt,out/xyt/FVC2004_DB3_B/101_2.xyt
15,out/xyt/FVC2002_DB1_B/105_3.xyt,out/xyt/FVC2002_DB2_B/103_8.xyt
15,out/xyt/FVC2002_DB1_B/102_7.xyt,out/xyt/FVC2002_DB4_B/109_7.xyt
15,out/xyt/FVC2002_DB2_B/109_3.xyt,out/xyt/FVC2002_DB4_B/108_2.xyt
15,out/xyt/FVC2002_DB4_B/103_4.xyt,out/xyt/FVC2002_DB4_B/110_1.xyt
15,out/xyt/FVC2002_DB1_B/106_8.xyt,out/xyt/FVC2002_DB4_B/101_4.xyt
15,out/xyt/FVC2002_DB2_B/103_7.xyt,out/xyt/FVC2002_DB4_B/101_6.xyt
15,out/xyt/FVC2002_DB1_B/102_2.xyt,out/xyt/FVC2002_DB1_B/106_1.xyt
15,out/xyt/FVC2002_DB1_B/101_6.xyt,out/xyt/FVC2002_DB3_B/108_7.xyt
15,out/xyt/FVC2002_DB2_B/109_4.xyt,out/xyt/FVC2004_DB1_B/108_6.xyt
15,out/xyt/FVC2002_DB1_B/106_6.xyt,out/xyt/FVC2002_DB4_B/103_2.xyt
15,out/xyt/FVC2000_DB4_B/102_3.xyt,out/xyt/FVC2002_DB2_B/108_8.xyt
15,out/xyt/FVC2000_DB3_B/110_5.xyt,out/xyt/FVC2004_DB1_B/107_6.xyt
15,out/xyt/FVC2002_DB1_B/109_1.xyt,out/xyt/FVC2002_DB4_B/109_2.xyt
15,out/xyt/FVC2002_DB1_B/105_7.xyt,out/xyt/FVC2002_DB3_B/108_7.xyt
15,out/xyt/FVC2002_DB1_B/107_7.xyt,out/xyt/FVC2002_DB2_B/103_7.xyt
15,out/xyt/FVC2000_DB4_B/109_3.xyt,out/xyt/FVC2004_DB4_B/105_2.xyt
15,out/xyt/FVC2002_DB1_B/102_1.xyt,out/xyt/FVC2002_DB4_B/102_7.xyt
15,out/xyt/FVC2002_DB2_B/106_8.xyt,out/xyt/FVC2004_DB2_B/109_6.xyt
15,out/xyt/FVC2000_DB4_B/109_5.xyt,out/xyt/FVC2004_DB4_B/104_1.xyt
15,out/xyt/FVC2000_DB4_B/109_6.xyt,out/xyt/FVC2004_DB1_B/103_6.xyt
15,out/xyt/FVC2000_DB4_B/109_1.xyt,out/xyt/FVC2004_DB4_B/108_3.xyt
15,out/xyt/FVC2002_DB1_B/102_1.xyt,out/xyt/FVC2004_DB1_B/101_4.xyt
15,out/xyt/FVC2000_DB4_B/108_6.xyt,out/xyt/FVC2002_DB4_B/110_3.xyt
15,out/xyt/FVC2002_DB4_B/105_5.xyt,out/xyt/FVC2002_DB4_B/108_2.xyt
15,out/xyt/FVC2002_DB3_B/109_4.xyt,out/xyt/FVC2004_DB1_B/104_6.xyt
15,out/xyt/FVC2002_DB1_B/104_8.xyt,out/xyt/FVC2004_DB3_B/107_1.xyt
15,out/xyt/FVC2002_DB3_B/108_8.xyt,out/xyt/FVC2004_DB1_B/110_5.xyt
15,out/xyt/FVC2002_DB2_B/104_4.xyt,out/xyt/FVC2004_DB1_B/107_1.xyt
15,out/xyt/FVC2002_DB1_B/107_2.xyt,out/xyt/FVC2004_DB3_B/106_1.xyt
15,out/xyt/FVC2002_DB2_B/104_8.xyt,out/xyt/FVC2002_DB4_B/106_8.xyt
15,out/xyt/FVC2002_DB3_B/101_4.xyt,out/xyt/FVC2002_DB3_B/106_6.xyt
15,out/xyt/FVC2002_DB2_B/107_4.xyt,out/xyt/FVC2002_DB2_B/109_2.xyt
15,out/xyt/FVC2002_DB2_B/106_3.xyt,out/xyt/FVC2004_DB4_B/104_6.xyt
15,out/xyt/FVC2000_DB4_B/102_8.xyt,out/xyt/FVC2004_DB4_B/105_6.xyt
15,out/xyt/FVC2000_DB4_B/104_8.xyt,out/xyt/FVC2002_DB1_B/102_2.xyt
15,out/xyt/FVC2002_DB2_B/107_2.xyt,out/xyt/FVC2004_DB1_B/104_5.xyt
15,out/xyt/FVC2002_DB1_B/102_2.xyt,out/xyt/FVC2004_DB4_B/104_4.xyt
15,out/xyt/FVC2002_DB2_B/103_3.xyt,out/xyt/FVC2004_DB1_B/103_8.xyt
15,out/xyt/FVC2002_DB4_B/103_4.xyt,out/xyt/FVC2004_DB2_B/110_2.xyt
15,out/xyt/FVC2002_DB3_B/105_4.xyt,out/xyt/FVC2002_DB3_B/107_2.xyt
15,out/xyt/FVC2002_DB1_B/102_4.xyt,out/xyt/FVC2004_DB2_B/108_7.xyt
15,out/xyt/FVC2002_DB2_B/103_7.xyt,out/xyt/FVC2004_DB1_B/107_6.xyt
15,out/xyt/FVC2000_DB4_B/109_3.xyt,out/xyt/FVC2002_DB3_B/101_8.xyt
15,out/xyt/FVC2002_DB2_B/106_6.xyt,out/xyt/FVC2002_DB2_B/108_7.xyt
15,out/xyt/FVC2000_DB4_B/105_7.xyt,out/xyt/FVC2002_DB4_B/101_8.xyt
15,out/xyt/FVC2000_DB4_B/110_8.xyt,out/xyt/FVC2002_DB1_B/110_6.xyt
15,out/xyt/FVC2000_DB4_B/104_3.xyt,out/xyt/FVC2002_DB2_B/105_5.xyt
15,out/xyt/FVC2002_DB1_B/106_8.xyt,out/xyt/FVC2004_DB1_B/103_3.xyt
15,out/xyt/FVC2000_DB4_B/110_3.xyt,out/xyt/FVC2002_DB2_B/108_3.xyt
15,out/xyt/FVC2000_DB4_B/110_4.xyt,out/xyt/FVC2002_DB4_B/107_2.xyt
15,out/xyt/FVC2000_DB4_B/104_8.xyt,out/xyt/FVC2004_DB4_B/106_7.xyt
15,out/xyt/FVC2000_DB4_B/109_1.xyt,out/xyt/FVC2004_DB1_B/103_4.xyt
15,out/xyt/FVC2002_DB2_B/103_1.xyt,out/xyt/FVC2004_DB1_B/108_5.xyt
15,out/xyt/FVC2002_DB2_B/106_3.xyt,out/xyt/FVC2004_DB2_B/104_1.xyt
15,out/xyt/FVC2002_DB1_B/108_2.xyt,out/xyt/FVC2004_DB3_B/103_5.xyt
15,out/xyt/FVC2002_DB3_B/104_8.xyt,out/xyt/FVC2002_DB3_B/109_2.xyt
15,out/xyt/FVC2002_DB2_B/103_5.xyt,out/xyt/FVC2004_DB1_B/103_3.xyt
15,out/xyt/FVC2002_DB4_B/107_2.xyt,out/xyt/FVC2002_DB4_B/110_3.xyt
15,out/xyt/FVC2002_DB3_B/104_7.xyt,out/xyt/FVC2002_DB3_B/109_4.xyt
15,out/xyt/FVC2002_DB2_B/101_7.xyt,out/xyt/FVC2002_DB4_B/108_5.xyt
15,out/xyt/FVC2002_DB1_B/105_6.xyt,out/xyt/FVC2004_DB3_B/107_8.xyt
15,out/xyt/FVC2002_DB2_B/109_1.xyt,out/xyt/FVC2004_DB2_B/104_1.xyt
15,out/xyt/FVC2002_DB2_B/102_1.xyt,out/xyt/FVC2002_DB2_B/103_7.xyt
15,out/xyt/FVC2002_DB1_B/107_3.xyt,out/xyt/FVC2002_DB4_B/101_8.xyt
15,out/xyt/FVC2002_DB4_B/103_8.xyt,out/xyt/FVC2002_DB4_B/107_4.xyt
15,out/xyt/FVC2002_DB3_B/107_4.xyt,out/xyt/FVC2002_DB3_B/108_1.xyt
15,out/xyt/FVC2000_DB4_B/110_3.xyt,out/xyt/FVC2002_DB4_B/107_6.xyt
15,out/xyt/FVC2002_DB2_B/108_6.xyt,out/xyt/FVC2002_DB4_B/102_4.xyt
15,out/xyt/FVC2002_DB1_B/102_7.xyt,out/xyt/FVC2004_DB2_B/108_8.xyt
15,out/xyt/FVC2000_DB4_B/109_3.xyt,out/xyt/FVC2002_DB2_B/102_5.xyt
15,out/xyt/FVC2002_DB3_B/107_1.xyt,out/xyt/FVC2004_DB1_B/109_4.xyt
15,out/xyt/FVC2002_DB2_B/102_7.xyt,out/xyt/FVC2002_DB4_B/108_4.xyt
15,out/xyt/FVC2002_DB3_B/104_8.xyt,out/xyt/FVC2002_DB3_B/107_2.xyt
15,out/xyt/FVC2000_DB4_B/106_7.xyt,out/xyt/FVC2004_DB4_B/104_3.xyt
15,out/xyt/FVC2000_DB4_B/101_3.xyt,out/xyt/FVC2002_DB4_B/103_4.xyt
15,out/xyt/FVC2002_DB1_B/105_7.xyt,out/xyt/FVC2004_DB2_B/108_8.xyt
15,out/xyt/FVC2002_DB3_B/105_4.xyt,out/xyt/FVC2004_DB1_B/107_2.xyt
15,out/xyt/FVC2002_DB3_B/108_8.xyt,out/xyt/FVC2002_DB3_B/109_2.xyt
15,out/xyt/FVC2002_DB1_B/104_1.xyt,out/xyt/FVC2004_DB3_B/107_2.xyt
15,out/xyt/FVC2000_DB4_B/102_3.xyt,out/xyt/FVC2000_DB4_B/108_1.xyt
15,out/xyt/FVC2002_DB2_B/109_3.xyt,out/xyt/FVC2004_DB1_B/107_2.xyt
15,out/xyt/FVC2002_DB1_B/106_1.xyt,out/xyt/FVC2002_DB4_B/107_4.xyt
15,out/xyt/FVC2002_DB2_B/110_5.xyt,out/xyt/FVC2004_DB3_B/102_7.xyt
15,out/xyt/FVC2002_DB1_B/105_1.xyt,out/xyt/FVC2004_DB4_B/110_7.xyt
15,out/xyt/FVC2002_DB1_B/106_7.xyt,out/xyt/FVC2004_DB4_B/104_7.xyt
15,out/xyt/FVC2002_DB2_B/106_2.xyt,out/xyt/FVC2004_DB1_B/107_5.xyt
15,out/xyt/FVC2002_DB4_B/102_3.xyt,out/xyt/FVC2004_DB2_B/102_3.xyt
15,out/xyt/FVC2002_DB1_B/106_2.xyt,out/xyt/FVC2004_DB4_B/105_6.xyt
15,out/xyt/FVC2002_DB1_B/101_6.xyt,out/xyt/FVC2004_DB2_B/102_7.xyt
15,out/xyt/FVC2002_DB1_B/109_1.xyt,out/xyt/FVC2002_DB3_B/108_7.xyt
15,out/xyt/FVC2002_DB3_B/102_6.xyt,out/xyt/FVC2004_DB2_B/101_3.xyt
15,out/xyt/FVC2002_DB3_B/104_3.xyt,out/xyt/FVC2004_DB1_B/105_7.xyt
15,out/xyt/FVC2002_DB1_B/102_7.xyt,out/xyt/FVC2004_DB4_B/104_1.xyt
15,out/xyt/FVC2002_DB2_B/108_8.xyt,out/xyt/FVC2002_DB4_B/102_5.xyt
15,out/xyt/FVC2002_DB1_B/104_1.xyt,out/xyt/FVC2002_DB4_B/102_5.xyt
15,out/xyt/FVC2002_DB4_B/105_8.xyt,out/xyt/FVC2004_DB4_B/106_7.xyt
15,out/xyt/FVC2000_DB4_B/102_2.xyt,out/xyt/FVC2002_DB4_B/103_3.xyt
15,out/xyt/FVC2000_DB4_B/109_6.xyt,out/xyt/FVC2002_DB3_B/103_4.xyt
15,out/xyt/FVC2002_DB3_B/109_2.xyt,out/xyt/FVC2002_DB4_B/110_2.xyt
15,out/xyt/FVC2002_DB1_B/107_1.xyt,out/xyt/FVC2002_DB4_B/103_8.xyt
15,out/xyt/FVC2002_DB1_B/106_3.xyt,out/xyt/FVC2002_DB4_B/105_8.xyt
15,out/xyt/FVC2002_DB3_B/105_4.xyt,out/xyt/FVC2002_DB4_B/107_5.xyt
15,out/xyt/FVC2002_DB1_B/105_2.xyt,out/xyt/FVC2002_DB2_B/106_1.xyt
15,out/xyt/FVC2002_DB2_B/101_7.xyt,out/xyt/FVC2002_DB2_B/104_6.xyt
15,out/xyt/FVC2002_DB4_B/101_7.xyt,out/xyt/FVC2004_DB4_B/105_3.xyt
15,out/xyt/FVC2002_DB1_B/109_2.xyt,out/xyt/FVC2004_DB2_B/102_3.xyt
15,out/xyt/FVC2000_DB4_B/109_3.xyt,out/xyt/FVC2002_DB1_B/105_3.xyt
15,out/xyt/FVC2000_DB4_B/109_3.xyt,out/xyt/FVC2004_DB3_B/104_1.xyt
15,out/xyt/FVC2000_DB4_B/109_8.xyt,out/xyt/FVC2002_DB2_B/108_1.xyt
15,out/xyt/FVC2000_DB4_B/109_7.xyt,out/xyt/FVC2004_DB2_B/105_6.xyt
15,out/xyt/FVC2002_DB2_B/103_6.xyt,out/xyt/FVC2002_DB3_B/107_2.xyt
15,out/xyt/FVC2002_DB1_B/105_8.xyt,out/xyt/FVC2002_DB3_B/103_2.xyt
15,out/xyt/FVC2002_DB1_B/106_1.xyt,out/xyt/FVC2004_DB1_B/107_4.xyt
15,out/xyt/FVC2002_DB2_B/109_1.xyt,out/xyt/FVC2002_DB4_B/108_6.xyt
15,out/xyt/FVC2002_DB1_B/102_1.xyt,out/xyt/FVC2004_DB4_B/102_3.xyt
15,out/xyt/FVC2002_DB1_B/106_7.xyt,out/xyt/FVC2004_DB1_B/103_7.xyt
15,out/xyt/FVC2002_DB1_B/107_3.xyt,out/xyt/FVC2004_DB1_B/102_8.xyt
15,out/xyt/FVC2002_DB4_B/105_1.xyt,out/xyt/FVC2004_DB4_B/108_4.xyt
15,out/xyt/FVC2002_DB1_B/104_8.xyt,out/xyt/FVC2004_DB1_B/107_1.xyt
15,out/xyt/FVC2002_DB2_B/106_5.xyt,out/xyt/FVC2004_DB3_B/105_3.xyt
15,out/xyt/FVC2002_DB2_B/101_7.xyt,out/xyt/FVC2004_DB1_B/109_2.xyt
15,out/xyt/FVC2002_DB1_B/106_5.xyt,out/xyt/FVC2002_DB2_B/106_5.xyt
15,out/xyt/FVC2002_DB1_B/102_6.xyt,out/xyt/FVC2004_DB1_B/104_8.xyt
15,out/xyt/FVC2000_DB4_B/103_7.xyt,out/xyt/FVC2004_DB4_B/105_3.xyt
15,out/xyt/FVC2000_DB4_B/103_8.xyt,out/xyt/FVC2002_DB4_B/102_6.xyt
15,out/xyt/FVC2002_DB1_B/102_6.xyt,out/xyt/FVC2004_DB1_B/103_1.xyt
15,out/xyt/FVC2002_DB3_B/108_8.xyt,out/xyt/FVC2004_DB2_B/103_7.xyt
15,out/xyt/FVC2002_DB1_B/102_1.xyt,out/xyt/FVC2002_DB2_B/103_1.xyt
15,out/xyt/FVC2000_DB4_B/101_4.xyt,out/xyt/FVC2002_DB4_B/109_3.xyt
15,out/xyt/FVC2002_DB2_B/107_4.xyt,out/xyt/FVC2004_DB3_B/105_2.xyt
15,out/xyt/FVC2000_DB4_B/106_1.xyt,out/xyt/FVC2000_DB4_B/110_3.xyt
15,out/xyt/FVC2002_DB2_B/110_6.xyt,out/xyt/FVC2004_DB2_B/105_2.xyt
15,out/xyt/FVC2002_DB1_B/106_6.xyt,out/xyt/FVC2002_DB1_B/107_7.xyt
15,out/xyt/FVC2000_DB4_B/102_6.xyt,out/xyt/FVC2002_DB2_B/108_8.xyt
15,out/xyt/FVC2000_DB4_B/102_2.xyt,out/xyt/FVC2002_DB4_B/110_8.xyt
15,out/xyt/FVC2002_DB1_B/105_8.xyt,out/xyt/FVC2004_DB4_B/106_5.xyt
15,out/xyt/FVC2002_DB2_B/101_4.xyt,out/xyt/FVC2002_DB2_B/109_7.xyt
15,out/xyt/FVC2002_DB1_B/109_1.xyt,out/xyt/FVC2004_DB2_B/105_2.xyt
15,out/xyt/FVC2000_DB4_B/109_7.xyt,out/xyt/FVC2002_DB2_B/105_8.xyt
15,out/xyt/FVC2002_DB1_B/110_5.xyt,out/xyt/FVC2002_DB4_B/105_6.xyt
15,out/xyt/FVC2002_DB1_B/107_5.xyt,out/xyt/FVC2004_DB1_B/102_5.xyt
15,out/xyt/FVC2002_DB2_B/110_6.xyt,out/xyt/FVC2002_DB3_B/107_3.xyt
15,out/xyt/FVC2002_DB1_B/104_1.xyt,out/xyt/FVC2004_DB1_B/103_7.xyt
15,out/xyt/FVC2002_DB1_B/106_3.xyt,out/xyt/FVC2002_DB4_B/102_4.xyt
15,out/xyt/FVC2000_DB4_B/105_4.xyt,out/xyt/FVC2002_DB4_B/101_4.xyt
15,out/xyt/FVC2000_DB4_B/109_5.xyt,out/xyt/FVC2002_DB2_B/108_4.xyt
15,out/xyt/FVC2002_DB2_B/108_8.xyt,out/xyt/FVC2004_DB2_B/101_7.xyt
15,out/xyt/FVC2000_DB4_B/103_2.xyt,out/xyt/FVC2002_DB4_B/105_8.xyt
15,out/xyt/FVC2002_DB1_B/104_4.xyt,out/xyt/FVC2004_DB1_B/107_7.xyt
15,out/xyt/FVC2002_DB2_B/109_3.xyt,out/xyt/FVC2004_DB2_B/103_7.xyt
15,out/xyt/FVC2000_DB4_B/104_4.xyt,out/xyt/FVC2004_DB1_B/103_6.xyt
15,out/xyt/FVC2002_DB1_B/106_3.xyt,out/xyt/FVC2002_DB4_B/109_3.xyt
15,out/xyt/FVC2000_DB4_B/106_7.xyt,out/xyt/FVC2004_DB1_B/107_1.xyt
15,out/xyt/FVC2002_DB1_B/107_3.xyt,out/xyt/FVC2002_DB1_B/110_2.xyt
15,out/xyt/FVC2002_DB2_B/105_7.xyt,out/xyt/FVC2004_DB3_B/106_2.xyt
15,out/xyt/FVC2002_DB1_B/105_7.xyt,out/xyt/FVC2002_DB2_B/101_7.xyt
15,out/xyt/FVC2002_DB1_B/110_4.xyt,out/xyt/FVC2004_DB2_B/101_3.xyt
15,out/xyt/FVC2002_DB2_B/102_8.xyt,out/xyt/FVC2002_DB3_B/101_1.xyt
15,out/xyt/FVC2002_DB1_B/102_1.xyt,out/xyt/FVC2004_DB4_B/108_7.xyt
15,out/xyt/FVC2002_DB2_B/102_5.xyt,out/xyt/FVC2002_DB4_B/108_6.xyt
15,out/xyt/FVC2002_DB1_B/105_3.xyt,out/xyt/FVC2004_DB1_B/104_5.xyt
15,out/xyt/FVC2002_DB1_B/107_3.xyt,out/xyt/FVC2004_DB1_B/103_6.xyt
15,out/xyt/FVC2002_DB2_B/108_8.xyt,out/xyt/FVC2002_DB3_B/110_1.xyt
15,out/xyt/FVC2002_DB1_B/109_2.xyt,out/xyt/FVC2004_DB4_B/104_7.xyt
15,out/xyt/FVC2002_DB4_B/102_7.xyt,out/xyt/FVC2004_DB1_B/103_3.xyt
15,out/xyt/FVC2002_DB1_B/106_8.xyt,out/xyt/FVC2004_DB4_B/104_1.xyt
15,out/xyt/FVC2002_DB4_B/106_4.xyt,out/xyt/FVC2004_DB2_B/102_3.xyt
15,out/xyt/FVC2002_DB2_B/110_6.xyt,out/xyt/FVC2004_DB1_B/109_8.xyt
15,out/xyt/FVC2002_DB3_B/105_4.xyt,out/xyt/FVC2004_DB1_B/102_5.xyt
15,out/xyt/FVC2002_DB3_B/104_2.xyt,out/xyt/FVC2002_DB4_B/107_3.xyt
15,out/xyt/FVC2000_DB4_B/102_2.xyt,out/xyt/FVC2004_DB4_B/102_6.xyt
15,out/xyt/FVC2000_DB4_B/110_8.xyt,out/xyt/FVC2002_DB3_B/102_6.xyt
15,out/xyt/FVC2002_DB2_B/106_5.xyt,out/xyt/FVC2004_DB1_B/107_5.xyt
15,out/xyt/FVC2002_DB1_B/106_1.xyt,out/xyt/FVC2002_DB4_B/108_6.xyt
15,out/xyt/FVC2002_DB1_B/107_1.xyt,out/xyt/FVC2004_DB2_B/110_5.xyt
15,out/xyt/FVC2002_DB1_B/104_3.xyt,out/xyt/FVC2002_DB1_B/105_6.xyt
15,out/xyt/FVC2000_DB4_B/102_2.xyt,out/xyt/FVC2004_DB2_B/109_5.xyt
15,out/xyt/FVC2000_DB4_B/109_3.xyt,out/xyt/FVC2004_DB1_B/104_7.xyt
15,out/xyt/FVC2002_DB4_B/106_6.xyt,out/xyt/FVC2004_DB4_B/108_5.xyt
15,out/xyt/FVC2000_DB4_B/110_6.xyt,out/xyt/FVC2002_DB2_B/109_7.xyt
15,out/xyt/FVC2002_DB1_B/106_5.xyt,out/xyt/FVC2002_DB1_B/110_1.xyt
15,out/xyt/FVC2002_DB3_B/103_4.xyt,out/xyt/FVC2002_DB4_B/105_4.xyt
15,out/xyt/FVC2002_DB2_B/109_5.xyt,out/xyt/FVC2004_DB2_B/108_1.xyt
15,out/xyt/FVC2002_DB2_B/108_3.xyt,out/xyt/FVC2002_DB4_B/101_6.xyt
15,out/xyt/FVC2002_DB3_B/104_7.xyt,out/xyt/FVC2002_DB4_B/105_1.xyt
15,out/xyt/FVC2000_DB4_B/109_7.xyt,out/xyt/FVC2002_DB2_B/108_8.xyt
15,out/xyt/FVC2000_DB4_B/110_8.xyt,out/xyt/FVC2004_DB1_B/103_3.xyt
15,out/xyt/FVC2002_DB1_B/105_8.xyt,out/xyt/FVC2002_DB2_B/109_6.xyt
15,out/xyt/FVC2002_DB1_B/105_6.xyt,out/xyt/FVC2004_DB1_B/103_8.xyt
15,out/xyt/FVC2002_DB3_B/104_2.xyt,out/xyt/FVC2004_DB1_B/107_7.xyt
15,out/xyt/FVC2002_DB3_B/103_4.xyt,out/xyt/FVC2002_DB3_B/104_7.xyt
15,out/xyt/FVC2002_DB1_B/109_6.xyt,out/xyt/FVC2002_DB2_B/106_3.xyt
15,out/xyt/FVC2000_DB4_B/110_8.xyt,out/xyt/FVC2002_DB2_B/109_8.xyt
15,out/xyt/FVC2002_DB2_B/103_1.xyt,out/xyt/FVC2004_DB4_B/110_6.xyt
15,out/xyt/FVC2000_DB4_B/108_2.xyt,out/xyt/FVC2002_DB4_B/102_5.xyt
15,out/xyt/FVC2002_DB1_B/110_6.xyt,out/xyt/FVC2002_DB2_B/106_1.xyt
15,out/xyt/FVC2002_DB1_B/104_4.xyt,out/xyt/FVC2002_DB3_B/107_6.xyt
15,out/xyt/FVC2002_DB1_B/101_7.xyt,out/xyt/FVC2004_DB4_B/106_8.xyt
15,out/xyt/FVC2000_DB4_B/104_3.xyt,out/xyt/FVC2002_DB1_B/106_3.xyt
15,out/xyt/FVC2000_DB4_B/101_4.xyt,out/xyt/FVC2002_DB2_B/108_7.xyt
15,out/xyt/FVC2002_DB3_B/104_1.xyt,out/xyt/FVC2004_DB1_B/108_4.xyt
15,out/xyt/FVC2002_DB4_B/107_5.xyt,out/xyt/FVC2004_DB1_B/104_1.xyt
15,out/xyt/FVC2002_DB2_B/110_1.xyt,out/xyt/FVC2004_DB3_B/104_6.xyt
15,out/xyt/FVC2000_DB4_B/108_2.xyt,out/xyt/FVC2002_DB4_B/107_5.xyt
15,out/xyt/FVC2000_DB4_B/108_1.xyt,out/xyt/FVC2002_DB2_B/108_5.xyt
15,out/xyt/FVC2000_DB4_B/110_3.xyt,out/xyt/FVC2004_DB4_B/110_1.xyt
15,out/xyt/FVC2002_DB2_B/102_4.xyt,out/xyt/FVC2004_DB2_B/104_2.xyt
15,out/xyt/FVC2002_DB1_B/106_3.xyt,out/xyt/FVC2002_DB4_B/107_5.xyt
15,out/xyt/FVC2002_DB1_B/105_6.xyt,out/xyt/FVC2004_DB4_B/105_3.xyt
15,out/xyt/FVC2002_DB1_B/101_6.xyt,out/xyt/FVC2004_DB1_B/106_3.xyt
15,out/xyt/FVC2002_DB2_B/106_1.xyt,out/xyt/FVC2004_DB2_B/108_7.xyt
15,out/xyt/FVC2002_DB2_B/102_5.xyt,out/xyt/FVC2004_DB2_B/108_4.xyt
15,out/xyt/FVC2002_DB1_B/106_2.xyt,out/xyt/FVC2004_DB1_B/102_4.xyt
15,out/xyt/FVC2002_DB3_B/104_5.xyt,out/xyt/FVC2004_DB1_B/107_6.xyt
15,out/xyt/FVC2002_DB1_B/102_2.xyt,out/xyt/FVC2002_DB4_B/102_7.xyt
15,out/xyt/FVC2000_DB4_B/110_3.xyt,out/xyt/FVC2002_DB3_B/103_4.xyt
15,out/xyt/FVC2002_DB4_B/107_2.xyt,out/xyt/FVC2004_DB1_B/107_5.xyt
15,out/xyt/FVC2000_DB4_B/105_4.xyt,out/xyt/FVC2002_DB2_B/108_3.xyt
15,out/xyt/FVC2000_DB4_B/109_4.xyt,out/xyt/FVC2002_DB4_B/110_4.xyt
15,out/xyt/FVC2002_DB2_B/109_5.xyt,out/xyt/FVC2002_DB3_B/109_4.xyt
15,out/xyt/FVC2002_DB1_B/110_8.xyt,out/xyt/FVC2002_DB4_B/102_4.xyt
15,out/xyt/FVC2002_DB4_B/103_3.xyt,out/xyt/FVC2004_DB4_B/102_4.xyt
15,out/xyt/FVC2000_DB4_B/109_2.xyt,out/xyt/FVC2004_DB1_B/101_1.xyt
15,out/xyt/FVC2002_DB1_B/101_8.xyt,out/xyt/FVC2002_DB4_B/105_6.xyt
15,out/xyt/FVC2002_DB1_B/102_1.xyt,out/xyt/FVC2002_DB1_B/104_3.xyt
15,out/xyt/FVC2000_DB4_B/110_6.xyt,out/xyt/FVC2002_DB2_B/108_8.xyt
15,out/xyt/FVC2002_DB1_B/110_6.xyt,out/xyt/FVC2002_DB4_B/108_5.xyt
15,out/xyt/FVC2002_DB1_B/104_1.xyt,out/xyt/FVC2004_DB2_B/102_7.xyt
15,out/xyt/FVC2002_DB1_B/106_3.xyt,out/xyt/FVC2002_DB1_B/110_6.xyt
15,out/xyt/FVC2002_DB1_B/110_5.xyt,out/xyt/FVC2002_DB2_B/104_8.xyt
15,out/xyt/FVC2002_DB2_B/103_2.xyt,out/xyt/FVC2004_DB3_B/107_3.xyt
15,out/xyt/FVC2000_DB4_B/109_3.xyt,out/xyt/FVC2004_DB4_B/104_3.xyt
15,out/xyt/FVC2000_DB4_B/103_2.xyt,out/xyt/FVC2004_DB1_B/102_6.xyt
15,out/xyt/FVC2000_DB4_B/108_4.xyt,out/xyt/FVC2002_DB1_B/102_7.xyt
15,out/xyt/FVC2000_DB4_B/109_5.xyt,out/xyt/FVC2004_DB4_B/106_4.xyt
15,out/xyt/FVC2002_DB2_B/102_3.xyt,out/xyt/FVC2002_DB2_B/106_1.xyt
15,out/xyt/FVC2002_DB1_B/106_3.xyt,out/xyt/FVC2002_DB4_B/110_6.xyt
15,out/xyt/FVC2002_DB2_B/102_1.xyt,out/xyt/FVC2002_DB3_B/107_2.xyt
15,out/xyt/FVC2002_DB4_B/102_2.xyt,out/xyt/FVC2004_DB2_B/101_1.xyt
15,out/xyt/FVC2002_DB4_B/102_7.xyt,out/xyt/FVC2002_DB4_B/107_4.xyt
15,out/xyt/FVC2002_DB3_B/109_5.xyt,out/xyt/FVC2004_DB2_B/104_7.xyt
15,out/xyt/FVC2002_DB1_B/104_8.xyt,out/xyt/FVC2002_DB2_B/103_8.xyt
15,out/xyt/FVC2002_DB2_B/109_2.xyt,out/xyt/FVC2004_DB1_B/107_5.xyt
15,out/xyt/FVC2002_DB1_B/106_5.xyt,out/xyt/FVC2004_DB4_B/108_4.xyt
15,out/xyt/FVC2002_DB4_B/106_7.xyt,out/xyt/FVC2004_DB4_B/106_8.xyt
15,out/xyt/FVC2002_DB2_B/108_8.xyt,out/xyt/FVC2004_DB4_B/106_8.xyt
15,out/xyt/FVC2002_DB1_B/102_4.xyt,out/xyt/FVC2002_DB1_B/106_6.xyt
15,out/xyt/FVC2002_DB1_B/105_8.xyt,out/xyt/FVC2002_DB1_B/106_3.xyt
15,out/xyt/FVC2002_DB1_B/106_5.xyt,out/xyt/FVC2002_DB2_B/102_7.xyt
15,out/xyt/FVC2002_DB2_B/107_3.xyt,out/xyt/FVC2004_DB1_B/108_5.xyt
15,out/xyt/FVC2000_DB4_B/105_2.xyt,out/xyt/FVC2004_DB1_B/108_5.xyt
15,out/xyt/FVC2002_DB1_B/104_4.xyt,out/xyt/FVC2004_DB4_B/108_4.xyt
15,out/xyt/FVC2000_DB3_B/109_5.xyt,out/xyt/FVC2002_DB4_B/102_8.xyt
15,out/xyt/FVC2002_DB1_B/109_2.xyt,out/xyt/FVC2004_DB2_B/105_6.xyt
15,out/xyt/FVC2002_DB1_B/107_2.xyt,out/xyt/FVC2002_DB3_B/105_3.xyt
15,out/xyt/FVC2000_DB4_B/110_6.xyt,out/xyt/FVC2002_DB1_B/106_2.xyt
15,out/xyt/FVC2002_DB1_B/102_1.xyt,out/xyt/FVC2002_DB2_B/108_1.xyt
15,out/xyt/FVC2002_DB1_B/102_7.xyt,out/xyt/FVC2002_DB2_B/110_6.xyt
15,out/xyt/FVC2000_DB4_B/106_7.xyt,out/xyt/FVC2002_DB3_B/106_7.xyt
15,out/xyt/FVC2002_DB2_B/109_7.xyt,out/xyt/FVC2004_DB1_B/104_1.xyt
15,out/xyt/FVC2000_DB4_B/103_4.xyt,out/xyt/FVC2002_DB2_B/108_3.xyt
15,out/xyt/FVC2000_DB4_B/103_4.xyt,out/xyt/FVC2002_DB3_B/106_1.xyt
15,out/xyt/FVC2000_DB4_B/106_1.xyt,out/xyt/FVC2002_DB4_B/105_5.xyt
15,out/xyt/FVC2002_DB2_B/108_8.xyt,out/xyt/FVC2002_DB4_B/103_8.xyt
15,out/xyt/FVC2002_DB1_B/105_7.xyt,out/xyt/FVC2002_DB1_B/110_4.xyt
15,out/xyt/FVC2000_DB4_B/109_6.xyt,out/xyt/FVC2002_DB2_B/105_1.xyt
15,out/xyt/FVC2000_DB4_B/109_2.xyt,out/xyt/FVC2004_DB1_B/110_7.xyt
15,out/xyt/FVC2000_DB4_B/110_3.xyt,out/xyt/FVC2002_DB2_B/106_1.xyt
15,out/xyt/FVC2002_DB1_B/104_1.xyt,out/xyt/FVC2004_DB3_B/107_1.xyt
15,out/xyt/FVC2002_DB1_B/106_3.xyt,out/xyt/FVC2004_DB3_B/105_6.xyt
15,out/xyt/FVC2002_DB1_B/105_3.xyt,out/xyt/FVC2004_DB1_B/103_8.xyt
15,out/xyt/FVC2002_DB4_B/106_5.xyt,out/xyt/FVC2004_DB4_B/108_5.xyt
15,out/xyt/FVC2002_DB4_B/101_5.xyt,out/xyt/FVC2004_DB4_B/106_8.xyt
15,out/xyt/FVC2002_DB2_B/108_3.xyt,out/xyt/FVC2002_DB4_B/107_2.xyt
15,out/xyt/FVC2002_DB4_B/102_4.xyt,out/xyt/FVC2002_DB4_B/108_7.xyt
15,out/xyt/FVC2000_DB4_B/103_8.xyt,out/xyt/FVC2002_DB4_B/110_7.xyt
15,out/xyt/FVC2002_DB1_B/106_1.xyt,out/xyt/FVC2002_DB2_B/102_5.xyt
15,out/xyt/FVC2002_DB1_B/107_7.xyt,out/xyt/FVC2002_DB4_B/105_1.xyt
15,out/xyt/FVC2002_DB1_B/102_6.xyt,out/xyt/FVC2004_DB1_B/107_1.xyt
15,out/xyt/FVC2002_DB2_B/103_5.xyt,out/xyt/FVC2004_DB4_B/102_4.xyt
15,out/xyt/FVC2002_DB3_B/110_1.xyt,out/xyt/FVC2002_DB4_B/105_3.xyt
15,out/xyt/FVC2002_DB1_B/102_7.xyt,out/xyt/FVC2004_DB2_B/110_5.xyt
15,out/xyt/FVC2002_DB2_B/105_2.xyt,out/xyt/FVC2004_DB2_B/109_5.xyt
15,out/xyt/FVC2002_DB4_B/105_5.xyt,out/xyt/FVC2004_DB4_B/109_3.xyt
15,out/xyt/FVC2002_DB4_B/109_5.xyt,out/xyt/FVC2004_DB4_B/106_3.xyt
15,out/xyt/FVC2002_DB4_B/103_5.xyt,out/xyt/FVC2004_DB2_B/109_6.xyt
15,out/xyt/FVC2002_DB2_B/108_2.xyt,out/xyt/FVC2004_DB2_B/110_2.xyt
15,out/xyt/FVC2002_DB1_B/109_4.xyt,out/xyt/FVC2002_DB2_B/101_1.xyt
15,out/xyt/FVC2002_DB4_B/101_4.xyt,out/xyt/FVC2004_DB4_B/110_3.xyt
15,out/xyt/FVC2000_DB4_B/105_7.xyt,out/xyt/FVC2002_DB4_B/110_6.xyt
15,out/xyt/FVC2002_DB2_B/108_7.xyt,out/xyt/FVC2004_DB4_B/104_4.xyt
15,out/xyt/FVC2002_DB2_B/106_1.xyt,out/xyt/FVC2004_DB3_B/106_1.xyt
15,out/xyt/FVC2002_DB3_B/109_6.xyt,out/xyt/FVC2004_DB1_B/107_3.xyt
15,out/xyt/FVC2002_DB2_B/106_3.xyt,out/xyt/FVC2004_DB4_B/106_3.xyt
15,out/xyt/FVC2002_DB4_B/107_2.xyt,out/xyt/FVC2004_DB4_B/102_6.xyt
15,out/xyt/FVC2002_DB4_B/107_1.xyt,out/xyt/FVC2002_DB4_B/108_5.xyt
15,out/xyt/FVC2002_DB3_B/110_3.xyt,out/xyt/FVC2004_DB1_B/110_7.xyt
15,out/xyt/FVC2002_DB2_B/106_5.xyt,out/xyt/FVC2004_DB2_B/103_5.xyt
15,out/xyt/FVC2002_DB3_B/102_4.xyt,out/xyt/FVC2004_DB2_B/109_6.xyt
15,out/xyt/FVC2002_DB3_B/103_8.xyt,out/xyt/FVC2004_DB1_B/108_3.xyt
15,out/xyt/FVC2002_DB4_B/102_4.xyt,out/xyt/FVC2002_DB4_B/110_7.xyt
15,out/xyt/FVC2002_DB4_B/103_8.xyt,out/xyt/FVC2002_DB4_B/110_5.xyt
15,out/xyt/FVC2002_DB1_B/109_5.xyt,out/xyt/FVC2004_DB1_B/109_6.xyt
15,out/xyt/FVC2000_DB4_B/109_6.xyt,out/xyt/FVC2004_DB1_B/103_4.xyt
15,out/xyt/FVC2000_DB4_B/109_6.xyt,out/xyt/FVC2004_DB2_B/106_7.xyt
15,out/xyt/FVC2002_DB2_B/104_4.xyt,out/xyt/FVC2004_DB4_B/109_1.xyt
15,out/xyt/FVC2002_DB2_B/103_2.xyt,out/xyt/FVC2002_DB4_B/102_2.xyt
15,out/xyt/FVC2002_DB3_B/105_3.xyt,out/xyt/FVC2004_DB2_B/110_2.xyt
15,out/xyt/FVC2002_DB1_B/105_8.xyt,out/xyt/FVC2002_DB4_B/102_5.xyt
15,out/xyt/FVC2002_DB2_B/108_8.xyt,out/xyt/FVC2002_DB4_B/110_5.xyt
15,out/xyt/FVC2002_DB1_B/104_8.xyt,out/xyt/FVC2004_DB1_B/103_4.xyt
15,out/xyt/FVC2002_DB2_B/110_7.xyt,out/xyt/FVC2004_DB2_B/105_8.xyt
15,out/xyt/FVC2002_DB2_B/110_5.xyt,out/xyt/FVC2004_DB3_B/101_1.xyt
15,out/xyt/FVC2002_DB1_B/110_8.xyt,out/xyt/FVC2004_DB3_B/101_4.xyt
15,out/xyt/FVC2002_DB3_B/108_3.xyt,out/xyt/FVC2004_DB3_B/102_3.xyt
15,out/xyt/FVC2000_DB4_B/110_6.xyt,out/xyt/FVC2004_DB2_B/103_5.xyt
15,out/xyt/FVC2002_DB1_B/102_1.xyt,out/xyt/FVC2004_DB4_B/108_4.xyt
15,out/xyt/FVC2002_DB1_B/106_8.xyt,out/xyt/FVC2002_DB2_B/106_2.xyt
15,out/xyt/FVC2002_DB2_B/102_7.xyt,out/xyt/FVC2002_DB2_B/106_2.xyt
15,out/xyt/FVC2002_DB2_B/104_3.xyt,out/xyt/FVC2002_DB3_B/107_1.xyt
15,out/xyt/FVC2002_DB1_B/107_3.xyt,out/xyt/FVC2002_DB4_B/108_6.xyt
15,out/xyt/FVC2000_DB4_B/110_6.xyt,out/xyt/FVC2002_DB4_B/109_8.xyt
15,out/xyt/FVC2002_DB3_B/106_5.xyt,out/xyt/FVC2002_DB3_B/109_1.xyt
15,out/xyt/FVC2002_DB4_B/102_2.xyt,out/xyt/FVC2002_DB4_B/110_3.xyt
15,out/xyt/FVC2002_DB3_B/104_2.xyt,out/xyt/FVC2002_DB3_B/109_7.xyt
15,out/xyt/FVC2002_DB3_B/109_5.xyt,out/xyt/FVC2004_DB2_B/104_2.xyt
15,out/xyt/FVC2002_DB2_B/109_1.xyt,out/xyt/FVC2004_DB1_B/103_6.xyt
15,out/xyt/FVC2002_DB4_B/105_6.xyt,out/xyt/FVC2002_DB4_B/107_5.xyt
15,out/xyt/FVC2002_DB1_B/104_7.xyt,out/xyt/FVC2004_DB2_B/108_1.xyt
15,out/xyt/FVC2002_DB2_B/107_1.xyt,out/xyt/FVC2004_DB3_B/105_2.xyt
15,out/xyt/FVC2002_DB2_B/104_7.xyt,out/xyt/FVC2004_DB1_B/109_4.xyt
15,out/xyt/FVC2002_DB3_B/109_4.xyt,out/xyt/FVC2004_DB2_B/105_2.xyt
15,out/xyt/FVC2002_DB3_B/108_8.xyt,out/xyt/FVC2002_DB4_B/105_7.xyt
15,out/xyt/FVC2002_DB1_B/107_6.xyt,out/xyt/FVC2004_DB1_B/102_8.xyt
15,out/xyt/FVC2002_DB2_B/101_4.xyt,out/xyt/FVC2002_DB3_B/109_1.xyt
15,out/xyt/FVC2002_DB2_B/109_5.xyt,out/xyt/FVC2002_DB4_B/108_8.xyt
15,out/xyt/FVC2002_DB4_B/107_5.xyt,out/xyt/FVC2004_DB1_B/103_4.xyt
15,out/xyt/FVC2002_DB3_B/109_1.xyt,out/xyt/FVC2004_DB2_B/104_3.xyt
15,out/xyt/FVC2002_DB1_B/101_6.xyt,out/xyt/FVC2002_DB3_B/109_7.xyt
15,out/xyt/FVC2000_DB4_B/109_7.xyt,out/xyt/FVC2002_DB4_B/103_5.xyt
15,out/xyt/FVC2002_DB2_B/108_3.xyt,out/xyt/FVC2004_DB1_B/101_3.xyt
15,out/xyt/FVC2002_DB1_B/102_4.xyt,out/xyt/FVC2004_DB1_B/101_3.xyt
15,out/xyt/FVC2000_DB4_B/110_8.xyt,out/xyt/FVC2002_DB1_B/106_2.xyt
15,out/xyt/FVC2002_DB2_B/103_7.xyt,out/xyt/FVC2004_DB2_B/110_6.xyt
15,out/xyt/FVC2002_DB1_B/102_6.xyt,out/xyt/FVC2002_DB4_B/108_6.xyt
15,out/xyt/FVC2000_DB4_B/109_5.xyt,out/xyt/FVC2004_DB2_B/104_2.xyt
15,out/xyt/FVC2000_DB4_B/109_1.xyt,out/xyt/FVC2002_DB3_B/110_2.xyt
15,out/xyt/FVC2002_DB4_B/105_7.xyt,out/xyt/FVC2002_DB4_B/109_1.xyt
15,out/xyt/FVC2000_DB4_B/106_1.xyt,out/xyt/FVC2004_DB4_B/104_3.xyt
15,out/xyt/FVC2000_DB4_B/108_6.xyt,out/xyt/FVC2004_DB4_B/110_3.xyt
15,out/xyt/FVC2002_DB4_B/102_5.xyt,out/xyt/FVC2002_DB4_B/105_7.xyt
15,out/xyt/FVC2002_DB1_B/106_5.xyt,out/xyt/FVC2002_DB3_B/101_3.xyt
15,out/xyt/FVC2000_DB4_B/109_6.xyt,out/xyt/FVC2002_DB1_B/105_4.xyt
15,out/xyt/FVC2002_DB3_B/105_2.xyt,out/xyt/FVC2004_DB1_B/102_4.xyt
15,out/xyt/FVC2002_DB2_B/103_7.xyt,out/xyt/FVC2004_DB4_B/101_4.xyt
15,out/xyt/FVC2002_DB4_B/108_5.xyt,out/xyt/FVC2004_DB1_B/107_1.xyt
15,out/xyt/FVC2002_DB1_B/105_6.xyt,out/xyt/FVC2004_DB1_B/103_4.xyt
15,out/xyt/FVC2002_DB2_B/105_1.xyt,out/xyt/FVC2002_DB2_B/106_4.xyt
15,out/xyt/FVC2002_DB1_B/110_6.xyt,out/xyt/FVC2002_DB2_B/103_5.xyt
15,out/xyt/FVC2002_DB4_B/109_6.xyt,out/xyt/FVC2004_DB3_B/107_4.xyt
15,out/xyt/FVC2002_DB2_B/110_8.xyt,out/xyt/FVC2004_DB2_B/105_1.xyt
15,out/xyt/FVC2002_DB2_B/109_1.xyt,out/xyt/FVC2004_DB1_B/107_1.xyt
15,out/xyt/FVC2002_DB4_B/101_4.xyt,out/xyt/FVC2004_DB2_B/107_1.xyt
15,out/xyt/FVC2002_DB4_B/107_3.xyt,out/xyt/FVC2002_DB4_B/108_5.xyt
15,out/xyt/FVC2002_DB3_B/105_4.xyt,out/xyt/FVC2004_DB3_B/108_6.xyt
15,out/xyt/FVC2002_DB3_B/109_2.xyt,out/xyt/FVC2002_DB4_B/109_2.xyt
15,out/xyt/FVC2002_DB4_B/102_5.xyt,out/xyt/FVC2004_DB4_B/110_2.xyt
15,out/xyt/FVC2002_DB1_B/103_1.xyt,out/xyt/FVC2004_DB4_B/106_3.xyt
15,out/xyt/FVC2002_DB1_B/105_8.xyt,out/xyt/FVC2004_DB2_B/107_1.xyt
15,out/xyt/FVC2002_DB2_B/108_2.xyt,out/xyt/FVC2004_DB2_B/110_6.xyt
15,out/xyt/FVC2002_DB2_B/103_2.xyt,out/xyt/FVC2004_DB1_B/108_6.xyt
15,out/xyt/FVC2002_DB2_B/105_2.xyt,out/xyt/FVC2004_DB1_B/105_2.xyt
15,out/xyt/FVC2002_DB4_B/107_1.xyt,out/xyt/FVC2004_DB1_B/107_1.xyt
15,out/xyt/FVC2002_DB4_B/105_4.xyt,out/xyt/FVC2004_DB4_B/110_1.xyt
15,out/xyt/FVC2002_DB4_B/101_1.xyt,out/xyt/FVC2004_DB4_B/110_3.xyt
15,out/xyt/FVC2002_DB1_B/101_7.xyt,out/xyt/FVC2002_DB2_B/108_2.xyt
15,out/xyt/FVC2002_DB1_B/105_1.xyt,out/xyt/FVC2004_DB1_B/107_5.xyt
15,out/xyt/FVC2002_DB2_B/109_1.xyt,out/xyt/FVC2004_DB4_B/108_7.xyt
15,out/xyt/FVC2002_DB1_B/102_2.xyt,out/xyt/FVC2004_DB1_B/108_6.xyt
15,out/xyt/FVC2002_DB2_B/109_7.xyt,out/xyt/FVC2002_DB4_B/107_5.xyt
15,out/xyt/FVC2002_DB4_B/109_5.xyt,out/xyt/FVC2004_DB4_B/102_4.xyt
15,out/xyt/FVC2002_DB1_B/107_5.xyt,out/xyt/FVC2002_DB2_B/103_1.xyt
15,out/xyt/FVC2002_DB4_B/107_3.xyt,out/xyt/FVC2002_DB4_B/109_8.xyt
15,out/xyt/FVC2002_DB2_B/106_5.xyt,out/xyt/FVC2004_DB4_B/110_3.xyt
15,out/xyt/FVC2002_DB4_B/106_1.xyt,out/xyt/FVC2004_DB2_B/101_6.xyt
15,out/xyt/FVC2002_DB3_B/101_2.xyt,out/xyt/FVC2002_DB3_B/104_3.xyt
15,out/xyt/FVC2002_DB2_B/101_7.xyt,out/xyt/FVC2002_DB4_B/102_2.xyt
15,out/xyt/FVC2000_DB4_B/103_7.xyt,out/xyt/FVC2004_DB3_B/105_1.xyt
15,out/xyt/FVC2002_DB2_B/103_2.xyt,out/xyt/FVC2002_DB2_B/108_6.xyt
15,out/xyt/FVC2002_DB1_B/107_7.xyt,out/xyt/FVC2004_DB3_B/109_6.xyt
15,out/xyt/FVC2002_DB1_B/107_4.xyt,out/xyt/FVC2002_DB2_B/106_2.xyt
15,out/xyt/FVC2002_DB1_B/109_7.xyt,out/xyt/FVC2004_DB1_B/103_1.xyt
15,out/xyt/FVC2002_DB2_B/106_8.xyt,out/xyt/FVC2002_DB4_B/108_2.xyt
15,out/xyt/FVC2002_DB1_B/106_8.xyt,out/xyt/FVC2004_DB2_B/109_7.xyt
15,out/xyt/FVC2002_DB1_B/106_6.xyt,out/xyt/FVC2004_DB4_B/105_2.xyt
15,out/xyt/FVC2002_DB3_B/101_4.xyt,out/xyt/FVC2002_DB3_B/104_3.xyt
15,out/xyt/FVC2002_DB2_B/104_1.xyt,out/xyt/FVC2004_DB1_B/109_3.xyt
15,out/xyt/FVC2002_DB1_B/107_3.xyt,out/xyt/FVC2004_DB4_B/105_3.xyt
15,out/xyt/FVC2002_DB1_B/105_3.xyt,out/xyt/FVC2002_DB4_B/101_8.xyt
15,out/xyt/FVC2002_DB3_B/110_6.xyt,out/xyt/FVC2004_DB4_B/104_3.xyt
15,out/xyt/FVC2002_DB3_B/107_2.xyt,out/xyt/FVC2004_DB1_B/109_4.xyt
15,out/xyt/FVC2002_DB1_B/106_3.xyt,out/xyt/FVC2004_DB2_B/101_5.xyt
15,out/xyt/FVC2002_DB2_B/105_3.xyt,out/xyt/FVC2002_DB4_B/102_4.xyt
15,out/xyt/FVC2002_DB1_B/110_7.xyt,out/xyt/FVC2004_DB4_B/105_7.xyt
15,out/xyt/FVC2002_DB4_B/102_7.xyt,out/xyt/FVC2002_DB4_B/108_2.xyt
15,out/xyt/FVC2002_DB3_B/103_6.xyt,out/xyt/FVC2004_DB1_B/102_5.xyt
15,out/xyt/FVC2002_DB3_B/109_1.xyt,out/xyt/FVC2004_DB1_B/107_6.xyt
15,out/xyt/FVC2002_DB2_B/105_2.xyt,out/xyt/FVC2004_DB1_B/103_8.xyt
15,out/xyt/FVC2002_DB4_B/101_4.xyt,out/xyt/FVC2004_DB4_B/108_5.xyt
15,out/xyt/FVC2002_DB4_B/106_1.xyt,out/xyt/FVC2004_DB4_B/105_3.xyt
15,out/xyt/FVC2002_DB1_B/110_1.xyt,out/xyt/FVC2004_DB1_B/104_7.xyt
15,out/xyt/FVC2002_DB4_B/109_5.xyt,out/xyt/FVC2004_DB3_B/106_1.xyt
15,out/xyt/FVC2002_DB1_B/110_6.xyt,out/xyt/FVC2004_DB2_B/104_2.xyt
15,out/xyt/FVC2002_DB2_B/104_8.xyt,out/xyt/FVC2002_DB4_B/105_2.xyt
15,out/xyt/FVC2002_DB2_B/108_3.xyt,out/xyt/FVC2004_DB4_B/109_6.xyt
15,out/xyt/FVC2002_DB3_B/108_6.xyt,out/xyt/FVC2004_DB3_B/102_2.xyt
15,out/xyt/FVC2002_DB3_B/104_7.xyt,out/xyt/FVC2002_DB3_B/110_5.xyt
15,out/xyt/FVC2002_DB1_B/106_6.xyt,out/xyt/FVC2002_DB4_B/109_8.xyt
15,out/xyt/FVC2002_DB4_B/103_7.xyt,out/xyt/FVC2004_DB4_B/110_1.xyt
15,out/xyt/FVC2002_DB1_B/101_7.xyt,out/xyt/FVC2004_DB1_B/106_3.xyt
15,out/xyt/FVC2002_DB2_B/108_3.xyt,out/xyt/FVC2002_DB4_B/106_7.xyt
15,out/xyt/FVC2002_DB4_B/102_3.xyt,out/xyt/FVC2004_DB2_B/101_1.xyt
15,out/xyt/FVC2002_DB1_B/104_1.xyt,out/xyt/FVC2002_DB2_B/101_6.xyt
15,out/xyt/FVC2002_DB2_B/109_5.xyt,out/xyt/FVC2004_DB4_B/102_6.xyt
15,out/xyt/FVC2002_DB2_B/108_4.xyt,out/xyt/FVC2004_DB4_B/103_4.xyt
15,out/xyt/FVC2000_DB4_B/109_3.xyt,out/xyt/FVC2002_DB1_B/104_7.xyt
15,out/xyt/FVC2002_DB2_B/107_5.xyt,out/xyt/FVC2002_DB3_B/109_3.xyt
15,out/xyt/FVC2002_DB2_B/108_4.xyt,out/xyt/FVC2002_DB4_B/103_2.xyt
15,out/xyt/FVC2002_DB4_B/105_7.xyt,out/xyt/FVC2004_DB1_B/102_5.xyt
15,out/xyt/FVC2002_DB3_B/109_1.xyt,out/xyt/FVC2004_DB1_B/109_3.xyt
15,out/xyt/FVC2002_DB2_B/103_7.xyt,out/xyt/FVC2004_DB4_B/108_8.xyt
15,out/xyt/FVC2002_DB1_B/106_8.xyt,out/xyt/FVC2002_DB4_B/107_1.xyt
15,out/xyt/FVC2002_DB2_B/104_8.xyt,out/xyt/FVC2002_DB4_B/102_7.xyt
15,out/xyt/FVC2002_DB2_B/101_5.xyt,out/xyt/FVC2004_DB2_B/105_1.xyt
15,out/xyt/FVC2002_DB4_B/102_7.xyt,out/xyt/FVC2004_DB4_B/105_2.xyt
15,out/xyt/FVC2002_DB4_B/102_4.xyt,out/xyt/FVC2004_DB4_B/106_3.xyt
15,out/xyt/FVC2002_DB2_B/103_7.xyt,out/xyt/FVC2004_DB4_B/105_4.xyt
15,out/xyt/FVC2002_DB1_B/110_4.xyt,out/xyt/FVC2002_DB3_B/107_2.xyt
15,out/xyt/FVC2002_DB2_B/109_2.xyt,out/xyt/FVC2004_DB4_B/105_3.xyt
15,out/xyt/FVC2002_DB1_B/110_8.xyt,out/xyt/FVC2002_DB3_B/108_7.xyt
15,out/xyt/FVC2002_DB2_B/109_3.xyt,out/xyt/FVC2002_DB3_B/103_2.xyt
15,out/xyt/FVC2002_DB1_B/110_6.xyt,out/xyt/FVC2004_DB4_B/110_8.xyt
15,out/xyt/FVC2002_DB2_B/104_6.xyt,out/xyt/FVC2002_DB2_B/110_6.xyt
15,out/xyt/FVC2002_DB2_B/108_1.xyt,out/xyt/FVC2004_DB2_B/110_5.xyt
15,out/xyt/FVC2002_DB1_B/105_3.xyt,out/xyt/FVC2004_DB4_B/105_3.xyt
15,out/xyt/FVC2002_DB1_B/105_1.xyt,out/xyt/FVC2004_DB4_B/106_8.xyt
15,out/xyt/FVC2002_DB3_B/102_4.xyt,out/xyt/FVC2004_DB1_B/110_4.xyt
15,out/xyt/FVC2002_DB1_B/107_3.xyt,out/xyt/FVC2004_DB2_B/108_2.xyt
15,out/xyt/FVC2002_DB4_B/105_6.xyt,out/xyt/FVC2004_DB1_B/107_1.xyt
15,out/xyt/FVC2002_DB2_B/108_3.xyt,out/xyt/FVC2004_DB1_B/104_1.xyt
15,out/xyt/FVC2000_DB4_B/103_6.xyt,out/xyt/FVC2004_DB3_B/105_2.xyt
15,out/xyt/FVC2002_DB1_B/105_1.xyt,out/xyt/FVC2004_DB2_B/107_2.xyt
15,out/xyt/FVC2002_DB1_B/105_7.xyt,out/xyt/FVC2004_DB2_B/104_5.xyt
15,out/xyt/FVC2002_DB1_B/104_8.xyt,out/xyt/FVC2002_DB1_B/105_3.xyt
15,out/xyt/FVC2000_DB4_B/104_7.xyt,out/xyt/FVC2004_DB1_B/107_1.xyt
15,out/xyt/FVC2000_DB4_B/109_1.xyt,out/xyt/FVC2004_DB4_B/105_5.xyt
15,out/xyt/FVC2002_DB1_B/106_5.xyt,out/xyt/FVC2004_DB3_B/106_2.xyt
15,out/xyt/FVC2002_DB1_B/106_3.xyt,out/xyt/FVC2002_DB4_B/101_8.xyt
15,out/xyt/FVC2000_DB4_B/106_5.xyt,out/xyt/FVC2002_DB1_B/104_4.xyt
15,out/xyt/FVC2000_DB4_B/102_1.xyt,out/xyt/FVC2004_DB4_B/105_7.xyt
15,out/xyt/FVC2002_DB2_B/101_8.xyt,out/xyt/FVC2002_DB4_B/105_2.xyt
15,out/xyt/FVC2002_DB1_B/109_1.xyt,out/xyt/FVC2002_DB3_B/103_6.xyt
15,out/xyt/FVC2002_DB4_B/109_5.xyt,out/xyt/FVC2004_DB4_B/108_8.xyt
15,out/xyt/FVC2002_DB4_B/109_5.xyt,out/xyt/FVC2004_DB4_B/110_6.xyt
15,out/xyt/FVC2002_DB2_B/109_3.xyt,out/xyt/FVC2002_DB4_B/107_1.xyt
15,out/xyt/FVC2002_DB2_B/106_7.xyt,out/xyt/FVC2004_DB2_B/108_1.xyt
15,out/xyt/FVC2002_DB2_B/108_8.xyt,out/xyt/FVC2002_DB4_B/108_2.xyt
15,out/xyt/FVC2002_DB1_B/105_3.xyt,out/xyt/FVC2002_DB4_B/110_1.xyt
15,out/xyt/FVC2002_DB2_B/107_1.xyt,out/xyt/FVC2002_DB4_B/108_2.xyt
15,out/xyt/FVC2002_DB3_B/101_2.xyt,out/xyt/FVC2004_DB1_B/103_8.xyt
15,out/xyt/FVC2002_DB2_B/106_3.xyt,out/xyt/FVC2004_DB3_B/105_3.xyt
15,out/xyt/FVC2002_DB1_B/106_8.xyt,out/xyt/FVC2004_DB2_B/109_1.xyt
15,out/xyt/FVC2002_DB3_B/109_1.xyt,out/xyt/FVC2004_DB1_B/108_4.xyt
15,out/xyt/FVC2002_DB2_B/101_5.xyt,out/xyt/FVC2002_DB4_B/105_6.xyt
15,out/xyt/FVC2002_DB1_B/110_7.xyt,out/xyt/FVC2004_DB4_B/108_4.xyt
15,out/xyt/FVC2002_DB3_B/109_7.xyt,out/xyt/FVC2004_DB4_B/105_8.xyt
15,out/xyt/FVC2002_DB2_B/110_4.xyt,out/xyt/FVC2004_DB1_B/110_1.xyt
15,out/xyt/FVC2002_DB4_B/107_2.xyt,out/xyt/FVC2004_DB4_B/110_1.xyt
15,out/xyt/FVC2002_DB3_B/108_4.xyt,out/xyt/FVC2002_DB3_B/109_4.xyt
15,out/xyt/FVC2002_DB3_B/109_7.xyt,out/xyt/FVC2004_DB1_B/103_1.xyt
15,out/xyt/FVC2002_DB1_B/104_5.xyt,out/xyt/FVC2004_DB2_B/104_7.xyt
15,out/xyt/FVC2002_DB2_B/103_5.xyt,out/xyt/FVC2002_DB2_B/105_7.xyt
15,out/xyt/FVC2002_DB2_B/106_8.xyt,out/xyt/FVC2004_DB2_B/102_2.xyt
15,out/xyt/FVC2002_DB3_B/101_4.xyt,out/xyt/FVC2004_DB2_B/108_8.xyt
15,out/xyt/FVC2002_DB1_B/110_1.xyt,out/xyt/FVC2002_DB4_B/105_3.xyt
15,out/xyt/FVC2002_DB4_B/103_4.xyt,out/xyt/FVC2004_DB1_B/108_6.xyt
15,out/xyt/FVC2002_DB1_B/107_6.xyt,out/xyt/FVC2004_DB4_B/106_7.xyt
15,out/xyt/FVC2002_DB2_B/110_7.xyt,out/xyt/FVC2004_DB3_B/102_7.xyt
15,out/xyt/FVC2002_DB4_B/107_2.xyt,out/xyt/FVC2004_DB3_B/105_3.xyt
15,out/xyt/FVC2002_DB1_B/107_6.xyt,out/xyt/FVC2004_DB1_B/103_4.xyt
15,out/xyt/FVC2002_DB2_B/102_2.xyt,out/xyt/FVC2004_DB1_B/106_8.xyt
15,out/xyt/FVC2000_DB3_B/109_7.xyt,out/xyt/FVC2004_DB2_B/107_2.xyt
15,out/xyt/FVC2002_DB1_B/109_5.xyt,out/xyt/FVC2002_DB4_B/109_3.xyt
15,out/xyt/FVC2002_DB1_B/109_7.xyt,out/xyt/FVC2002_DB3_B/106_2.xyt
15,out/xyt/FVC2002_DB2_B/108_1.xyt,out/xyt/FVC2004_DB2_B/109_1.xyt
15,out/xyt/FVC2002_DB4_B/101_8.xyt,out/xyt/FVC2004_DB2_B/108_1.xyt
15,out/xyt/FVC2002_DB2_B/103_8.xyt,out/xyt/FVC2002_DB2_B/109_6.xyt
15,out/xyt/FVC2002_DB2_B/109_5.xyt,out/xyt/FVC2002_DB4_B/109_1.xyt
15,out/xyt/FVC2002_DB1_B/104_8.xyt,out/xyt/FVC2002_DB2_B/109_6.xyt
15,out/xyt/FVC2002_DB1_B/105_1.xyt,out/xyt/FVC2004_DB2_B/109_1.xyt
15,out/xyt/FVC2002_DB4_B/102_3.xyt,out/xyt/FVC2002_DB4_B/105_7.xyt
15,out/xyt/FVC2002_DB3_B/109_6.xyt,out/xyt/FVC2004_DB4_B/104_1.xyt
15,out/xyt/FVC2002_DB2_B/101_4.xyt,out/xyt/FVC2002_DB3_B/109_2.xyt
15,out/xyt/FVC2002_DB3_B/102_4.xyt,out/xyt/FVC2004_DB2_B/102_8.xyt
15,out/xyt/FVC2002_DB2_B/106_2.xyt,out/xyt/FVC2002_DB4_B/109_8.xyt
15,out/xyt/FVC2002_DB3_B/103_3.xyt,out/xyt/FVC2004_DB1_B/104_5.xyt
15,out/xyt/FVC2002_DB4_B/105_8.xyt,out/xyt/FVC2002_DB4_B/109_6.xyt
15,out/xyt/FVC2002_DB2_B/103_4.xyt,out/xyt/FVC2004_DB2_B/108_1.xyt
15,out/xyt/FVC2002_DB2_B/107_6.xyt,out/xyt/FVC2004_DB1_B/104_1.xyt
15,out/xyt/FVC2000_DB4_B/108_1.xyt,out/xyt/FVC2002_DB4_B/102_3.xyt
15,out/xyt/FVC2002_DB2_B/105_7.xyt,out/xyt/FVC2004_DB2_B/110_1.xyt
15,out/xyt/FVC2002_DB4_B/102_3.xyt,out/xyt/FVC2004_DB4_B/104_7.xyt
15,out/xyt/FVC2002_DB2_B/109_1.xyt,out/xyt/FVC2004_DB4_B/110_5.xyt
15,out/xyt/FVC2002_DB1_B/106_8.xyt,out/xyt/FVC2004_DB1_B/102_5.xyt
15,out/xyt/FVC2002_DB1_B/102_7.xyt,out/xyt/FVC2002_DB2_B/109_1.xyt
15,out/xyt/FVC2002_DB1_B/104_8.xyt,out/xyt/FVC2004_DB2_B/104_5.xyt
15,out/xyt/FVC2002_DB3_B/104_3.xyt,out/xyt/FVC2004_DB2_B/103_7.xyt
15,out/xyt/FVC2002_DB1_B/106_6.xyt,out/xyt/FVC2002_DB4_B/105_3.xyt
15,out/xyt/FVC2002_DB1_B/106_3.xyt,out/xyt/FVC2004_DB4_B/108_8.xyt
15,out/xyt/FVC2002_DB3_B/109_7.xyt,out/xyt/FVC2004_DB1_B/109_8.xyt
15,out/xyt/FVC2002_DB4_B/107_3.xyt,out/xyt/FVC2004_DB4_B/109_7.xyt
15,out/xyt/FVC2002_DB4_B/105_5.xyt,out/xyt/FVC2004_DB4_B/104_8.xyt
15,out/xyt/FVC2002_DB4_B/102_5.xyt,out/xyt/FVC2004_DB1_B/103_8.xyt
15,out/xyt/FVC2002_DB4_B/103_3.xyt,out/xyt/FVC2004_DB2_B/108_1.xyt
15,out/xyt/FVC2002_DB4_B/108_1.xyt,out/xyt/FVC2004_DB1_B/101_3.xyt
15,out/xyt/FVC2002_DB4_B/105_8.xyt,out/xyt/FVC2004_DB4_B/108_5.xyt
15,out/xyt/FVC2000_DB4_B/104_8.xyt,out/xyt/FVC2004_DB4_B/106_4.xyt
15,out/xyt/FVC2000_DB4_B/106_1.xyt,out/xyt/FVC2000_DB4_B/108_7.xyt
15,out/xyt/FVC2002_DB1_B/106_1.xyt,out/xyt/FVC2002_DB2_B/106_1.xyt
15,out/xyt/FVC2002_DB2_B/103_1.xyt,out/xyt/FVC2002_DB2_B/109_1.xyt
15,out/xyt/FVC2002_DB1_B/104_8.xyt,out/xyt/FVC2002_DB3_B/109_8.xyt
15,out/xyt/FVC2002_DB1_B/106_5.xyt,out/xyt/FVC2002_DB4_B/106_8.xyt
15,out/xyt/FVC2002_DB3_B/109_3.xyt,out/xyt/FVC2004_DB2_B/104_2.xyt
15,out/xyt/FVC2002_DB1_B/107_3.xyt,out/xyt/FVC2002_DB2_B/105_1.xyt
15,out/xyt/FVC2002_DB2_B/109_2.xyt,out/xyt/FVC2004_DB4_B/108_8.xyt
15,out/xyt/FVC2002_DB2_B/107_5.xyt,out/xyt/FVC2004_DB1_B/108_5.xyt
15,out/xyt/FVC2002_DB2_B/109_5.xyt,out/xyt/FVC2004_DB1_B/103_1.xyt
15,out/xyt/FVC2002_DB4_B/106_4.xyt,out/xyt/FVC2002_DB4_B/108_2.xyt
15,out/xyt/FVC2002_DB2_B/102_8.xyt,out/xyt/FVC2002_DB2_B/106_1.xyt
15,out/xyt/FVC2002_DB3_B/110_1.xyt,out/xyt/FVC2004_DB1_B/101_1.xyt
15,out/xyt/FVC2000_DB4_B/108_3.xyt,out/xyt/FVC2004_DB4_B/105_5.xyt
15,out/xyt/FVC2000_DB4_B/108_6.xyt,out/xyt/FVC2004_DB4_B/105_8.xyt
15,out/xyt/FVC2002_DB1_B/107_6.xyt,out/xyt/FVC2002_DB4_B/102_5.xyt
15,out/xyt/FVC2002_DB3_B/104_1.xyt,out/xyt/FVC2002_DB3_B/109_5.xyt
15,out/xyt/FVC2002_DB2_B/108_1.xyt,out/xyt/FVC2004_DB4_B/108_8.xyt
15,out/xyt/FVC2000_DB4_B/109_5.xyt,out/xyt/FVC2002_DB4_B/103_2.xyt
15,out/xyt/FVC2002_DB1_B/106_8.xyt,out/xyt/FVC2002_DB4_B/103_8.xyt
15,out/xyt/FVC2002_DB1_B/106_2.xyt,out/xyt/FVC2004_DB1_B/103_6.xyt
15,out/xyt/FVC2002_DB2_B/101_1.xyt,out/xyt/FVC2002_DB3_B/109_8.xyt
15,out/xyt/FVC2002_DB4_B/109_6.xyt,out/xyt/FVC2004_DB2_B/104_5.xyt
15,out/xyt/FVC2002_DB1_B/105_1.xyt,out/xyt/FVC2002_DB4_B/101_1.xyt
15,out/xyt/FVC2002_DB1_B/106_3.xyt,out/xyt/FVC2004_DB2_B/108_2.xyt
15,out/xyt/FVC2002_DB3_B/101_8.xyt,out/xyt/FVC2002_DB3_B/109_1.xyt
15,out/xyt/FVC2002_DB1_B/107_1.xyt,out/xyt/FVC2002_DB4_B/102_8.xyt
15,out/xyt/FVC2000_DB4_B/110_7.xyt,out/xyt/FVC2002_DB2_B/109_8.xyt
15,out/xyt/FVC2000_DB4_B/109_5.xyt,out/xyt/FVC2004_DB4_B/103_4.xyt
15,out/xyt/FVC2002_DB2_B/104_1.xyt,out/xyt/FVC2004_DB4_B/104_3.xyt
15,out/xyt/FVC2002_DB4_B/103_8.xyt,out/xyt/FVC2004_DB4_B/103_2.xyt
15,out/xyt/FVC2002_DB3_B/103_3.xyt,out/xyt/FVC2004_DB2_B/104_7.xyt
15,out/xyt/FVC2002_DB4_B/102_2.xyt,out/xyt/FVC2002_DB4_B/109_2.xyt
15,out/xyt/FVC2002_DB4_B/101_4.xyt,out/xyt/FVC2004_DB4_B/108_4.xyt
15,out/xyt/FVC2002_DB4_B/107_4.xyt,out/xyt/FVC2004_DB1_B/101_7.xyt
15,out/xyt/FVC2002_DB4_B/102_3.xyt,out/xyt/FVC2002_DB4_B/110_1.xyt
15,out/xyt/FVC2002_DB1_B/107_2.xyt,out/xyt/FVC2002_DB2_B/109_5.xyt
15,out/xyt/FVC2002_DB4_B/102_5.xyt,out/xyt/FVC2004_DB4_B/105_3.xyt
15,out/xyt/FVC2002_DB2_B/105_6.xyt,out/xyt/FVC2002_DB4_B/102_3.xyt
15,out/xyt/FVC2002_DB3_B/107_1.xyt,out/xyt/FVC2002_DB3_B/109_1.xyt
15,out/xyt/FVC2002_DB1_B/109_1.xyt,out/xyt/FVC2004_DB1_B/109_5.xyt
15,out/xyt/FVC2002_DB4_B/105_2.xyt,out/xyt/FVC2004_DB1_B/110_3.xyt
15,out/xyt/FVC2002_DB4_B/102_5.xyt,out/xyt/FVC2002_DB4_B/109_5.xyt
15,out/xyt/FVC2002_DB2_B/110_6.xyt,out/xyt/FVC2002_DB3_B/104_4.xyt
15,out/xyt/FVC2002_DB3_B/110_1.xyt,out/xyt/FVC2002_DB4_B/107_2.xyt
15,out/xyt/FVC2002_DB3_B/108_7.xyt,out/xyt/FVC2004_DB4_B/104_3.xyt
15,out/xyt/FVC2002_DB3_B/103_2.xyt,out/xyt/FVC2004_DB2_B/104_6.xyt
15,out/xyt/FVC2002_DB1_B/109_2.xyt,out/xyt/FVC2004_DB2_B/101_3.xyt
15,out/xyt/FVC2002_DB3_B/103_3.xyt,out/xyt/FVC2004_DB1_B/104_1.xyt
15,out/xyt/FVC2002_DB1_B/106_2.xyt,out/xyt/FVC2002_DB3_B/101_4.xyt
15,out/xyt/FVC2002_DB3_B/105_4.xyt,out/xyt/FVC2004_DB2_B/110_2.xyt
15,out/xyt/FVC2002_DB4_B/105_4.xyt,out/xyt/FVC2004_DB1_B/101_7.xyt
15,out/xyt/FVC2002_DB2_B/107_3.xyt,out/xyt/FVC2004_DB4_B/106_3.xyt
15,out/xyt/FVC2002_DB4_B/101_5.xyt,out/xyt/FVC2004_DB4_B/106_5.xyt
15,out/xyt/FVC2002_DB3_B/107_1.xyt,out/xyt/FVC2002_DB4_B/107_4.xyt
15,out/xyt/FVC2002_DB2_B/109_6.xyt,out/xyt/FVC2004_DB4_B/110_6.xyt
15,out/xyt/FVC2002_DB2_B/106_3.xyt,out/xyt/FVC2004_DB4_B/106_1.xyt
15,out/xyt/FVC2000_DB4_B/103_1.xyt,out/xyt/FVC2002_DB4_B/105_5.xyt
15,out/xyt/FVC2002_DB1_B/105_7.xyt,out/xyt/FVC2002_DB1_B/106_5.xyt
15,out/xyt/FVC2002_DB1_B/107_7.xyt,out/xyt/FVC2004_DB1_B/103_7.xyt
15,out/xyt/FVC2002_DB2_B/109_7.xyt,out/xyt/FVC2002_DB4_B/107_2.xyt
15,out/xyt/FVC2002_DB1_B/110_4.xyt,out/xyt/FVC2002_DB3_B/105_4.xyt
15,out/xyt/FVC2002_DB3_B/109_3.xyt,out/xyt/FVC2004_DB2_B/103_8.xyt
15,out/xyt/FVC2002_DB3_B/105_5.xyt,out/xyt/FVC2004_DB2_B/109_4.xyt
15,out/xyt/FVC2002_DB4_B/109_7.xyt,out/xyt/FVC2004_DB3_B/102_7.xyt
15,out/xyt/FVC2002_DB4_B/105_5.xyt,out/xyt/FVC2002_DB4_B/108_7.xyt
15,out/xyt/FVC2002_DB1_B/105_4.xyt,out/xyt/FVC2004_DB2_B/108_1.xyt
15,out/xyt/FVC2002_DB2_B/110_6.xyt,out/xyt/FVC2002_DB4_B/106_4.xyt
15,out/xyt/FVC2002_DB3_B/108_2.xyt,out/xyt/FVC2004_DB3_B/102_4.xyt
15,out/xyt/FVC2002_DB4_B/103_8.xyt,out/xyt/FVC2002_DB4_B/108_8.xyt
15,out/xyt/FVC2002_DB4_B/105_1.xyt,out/xyt/FVC2004_DB4_B/108_1.xyt
15,out/xyt/FVC2002_DB3_B/104_7.xyt,out/xyt/FVC2004_DB2_B/104_5.xyt
15,out/xyt/FVC2002_DB4_B/103_8.xyt,out/xyt/FVC2002_DB4_B/107_2.xyt
15,out/xyt/FVC2002_DB4_B/106_6.xyt,out/xyt/FVC2004_DB2_B/108_1.xyt
15,out/xyt/FVC2002_DB2_B/101_7.xyt,out/xyt/FVC2002_DB4_B/102_3.xyt
15,out/xyt/FVC2002_DB1_B/108_5.xyt,out/xyt/FVC2004_DB3_B/103_7.xyt
15,out/xyt/FVC2002_DB2_B/106_1.xyt,out/xyt/FVC2002_DB2_B/109_5.xyt
15,out/xyt/FVC2002_DB2_B/106_3.xyt,out/xyt/FVC2004_DB2_B/102_2.xyt
15,out/xyt/FVC2002_DB3_B/107_4.xyt,out/xyt/FVC2004_DB1_B/102_5.xyt
15,out/xyt/FVC2002_DB2_B/108_6.xyt,out/xyt/FVC2002_DB4_B/103_1.xyt
15,out/xyt/FVC2002_DB1_B/106_7.xyt,out/xyt/FVC2002_DB4_B/107_5.xyt
15,out/xyt/FVC2002_DB2_B/102_5.xyt,out/xyt/FVC2004_DB4_B/110_8.xyt
15,out/xyt/FVC2002_DB4_B/105_3.xyt,out/xyt/FVC2002_DB4_B/108_5.xyt
15,out/xyt/FVC2002_DB2_B/109_5.xyt,out/xyt/FVC2004_DB4_B/110_8.xyt
15,out/xyt/FVC2002_DB2_B/102_8.xyt,out/xyt/FVC2004_DB2_B/108_1.xyt
15,out/xyt/FVC2002_DB4_B/102_7.xyt,out/xyt/FVC2004_DB2_B/102_1.xyt
15,out/xyt/FVC2002_DB4_B/102_7.xyt,out/xyt/FVC2002_DB4_B/105_7.xyt
15,out/xyt/FVC2002_DB4_B/101_6.xyt,out/xyt/FVC2002_DB4_B/106_8.xyt
15,out/xyt/FVC2002_DB2_B/109_2.xyt,out/xyt/FVC2004_DB4_B/102_6.xyt
15,out/xyt/FVC2002_DB4_B/107_4.xyt,out/xyt/FVC2004_DB4_B/106_3.xyt
15,out/xyt/FVC2002_DB1_B/108_7.xyt,out/xyt/FVC2002_DB4_B/109_4.xyt
15,out/xyt/FVC2002_DB2_B/103_7.xyt,out/xyt/FVC2004_DB1_B/101_2.xyt
15,out/xyt/FVC2002_DB4_B/105_5.xyt,out/xyt/FVC2004_DB4_B/108_1.xyt
15,out/xyt/FVC2002_DB1_B/106_1.xyt,out/xyt/FVC2004_DB3_B/108_2.xyt
15,out/xyt/FVC2002_DB2_B/101_7.xyt,out/xyt/FVC2002_DB3_B/109_2.xyt
15,out/xyt/FVC2002_DB4_B/103_3.xyt,out/xyt/FVC2002_DB4_B/110_5.xyt
15,out/xyt/FVC2002_DB3_B/109_7.xyt,out/xyt/FVC2004_DB1_B/107_2.xyt
15,out/xyt/FVC2002_DB3_B/106_4.xyt,out/xyt/FVC2004_DB4_B/104_6.xyt
15,out/xyt/FVC2002_DB1_B/106_6.xyt,out/xyt/FVC2002_DB4_B/103_1.xyt
15,out/xyt/FVC2002_DB1_B/110_3.xyt,out/xyt/FVC2004_DB4_B/106_3.xyt
15,out/xyt/FVC2002_DB1_B/107_3.xyt,out/xyt/FVC2002_DB2_B/102_3.xyt
15,out/xyt/FVC2002_DB2_B/105_7.xyt,out/xyt/FVC2002_DB4_B/102_5.xyt
15,out/xyt/FVC2002_DB4_B/109_4.xyt,out/xyt/FVC2004_DB4_B/101_5.xyt
15,out/xyt/FVC2002_DB1_B/102_7.xyt,out/xyt/FVC2002_DB4_B/102_5.xyt
15,out/xyt/FVC2002_DB1_B/110_6.xyt,out/xyt/FVC2002_DB2_B/102_5.xyt
15,out/xyt/FVC2002_DB2_B/104_7.xyt,out/xyt/FVC2004_DB1_B/109_3.xyt
15,out/xyt/FVC2002_DB1_B/106_8.xyt,out/xyt/FVC2004_DB4_B/110_8.xyt
15,out/xyt/FVC2000_DB4_B/109_2.xyt,out/xyt/FVC2002_DB4_B/105_7.xyt
15,out/xyt/FVC2002_DB1_B/102_7.xyt,out/xyt/FVC2004_DB2_B/104_1.xyt
15,out/xyt/FVC2002_DB2_B/108_5.xyt,out/xyt/FVC2002_DB3_B/106_2.xyt
15,out/xyt/FVC2002_DB2_B/103_2.xyt,out/xyt/FVC2004_DB1_B/101_2.xyt
15,out/xyt/FVC2002_DB4_B/103_2.xyt,out/xyt/FVC2004_DB4_B/106_7.xyt
15,out/xyt/FVC2002_DB3_B/104_8.xyt,out/xyt/FVC2002_DB4_B/107_5.xyt
15,out/xyt/FVC2000_DB4_B/109_8.xyt,out/xyt/FVC2002_DB4_B/102_5.xyt
15,out/xyt/FVC2002_DB2_B/103_8.xyt,out/xyt/FVC2002_DB4_B/101_4.xyt
15,out/xyt/FVC2002_DB4_B/106_6.xyt,out/xyt/FVC2002_DB4_B/110_5.xyt
15,out/xyt/FVC2002_DB4_B/107_4.xyt,out/xyt/FVC2004_DB1_B/101_2.xyt
15,out/xyt/FVC2002_DB1_B/110_3.xyt,out/xyt/FVC2004_DB4_B/104_4.xyt
15,out/xyt/FVC2002_DB2_B/106_3.xyt,out/xyt/FVC2002_DB4_B/108_1.xyt
15,out/xyt/FVC2002_DB1_B/106_2.xyt,out/xyt/FVC2002_DB4_B/107_5.xyt
15,out/xyt/FVC2002_DB1_B/106_8.xyt,out/xyt/FVC2002_DB4_B/108_8.xyt
15,out/xyt/FVC2002_DB4_B/102_2.xyt,out/xyt/FVC2004_DB4_B/110_3.xyt
15,out/xyt/FVC2002_DB1_B/107_3.xyt,out/xyt/FVC2002_DB4_B/102_5.xyt
15,out/xyt/FVC2002_DB1_B/103_1.xyt,out/xyt/FVC2002_DB4_B/105_4.xyt
15,out/xyt/FVC2002_DB1_B/105_7.xyt,out/xyt/FVC2002_DB2_B/107_4.xyt
15,out/xyt/FVC2000_DB4_B/110_3.xyt,out/xyt/FVC2004_DB1_B/103_3.xyt
15,out/xyt/FVC2002_DB4_B/102_6.xyt,out/xyt/FVC2002_DB4_B/105_6.xyt
15,out/xyt/FVC2002_DB4_B/101_8.xyt,out/xyt/FVC2002_DB4_B/106_8.xyt
15,out/xyt/FVC2002_DB3_B/107_5.xyt,out/xyt/FVC2004_DB2_B/109_4.xyt
15,out/xyt/FVC2002_DB2_B/103_1.xyt,out/xyt/FVC2004_DB2_B/109_1.xyt
15,out/xyt/FVC2002_DB2_B/109_2.xyt,out/xyt/FVC2004_DB4_B/108_4.xyt
15,out/xyt/FVC2002_DB1_B/105_8.xyt,out/xyt/FVC2004_DB2_B/108_7.xyt
15,out/xyt/FVC2002_DB3_B/106_3.xyt,out/xyt/FVC2004_DB2_B/104_6.xyt
15,out/xyt/FVC2002_DB1_B/110_2.xyt,out/xyt/FVC2004_DB4_B/108_1.xyt
15,out/xyt/FVC2002_DB2_B/109_1.xyt,out/xyt/FVC2002_DB4_B/108_2.xyt
15,out/xyt/FVC2002_DB2_B/105_3.xyt,out/xyt/FVC2004_DB2_B/109_1.xyt
15,out/xyt/FVC2002_DB3_B/106_1.xyt,out/xyt/FVC2004_DB2_B/102_3.xyt
15,out/xyt/FVC2002_DB1_B/110_5.xyt,out/xyt/FVC2002_DB3_B/108_7.xyt
15,out/xyt/FVC2000_DB4_B/110_8.xyt,out/xyt/FVC2002_DB4_B/110_3.xyt
15,out/xyt/FVC2002_DB4_B/105_8.xyt,out/xyt/FVC2004_DB1_B/106_2.xyt
15,out/xyt/FVC2002_DB4_B/103_8.xyt,out/xyt/FVC2004_DB3_B/103_5.xyt
15,out/xyt/FVC2002_DB4_B/103_4.xyt,out/xyt/FVC2004_DB4_B/103_4.xyt
15,out/xyt/FVC2002_DB4_B/106_4.xyt,out/xyt/FVC2002_DB4_B/110_4.xyt
15,out/xyt/FVC2000_DB4_B/102_3.xyt,out/xyt/FVC2000_DB4_B/109_6.xyt
15,out/xyt/FVC2002_DB4_B/106_2.xyt,out/xyt/FVC2004_DB2_B/108_1.xyt
15,out/xyt/FVC2002_DB1_B/105_1.xyt,out/xyt/FVC2004_DB2_B/110_4.xyt
15,out/xyt/FVC2002_DB1_B/107_4.xyt,out/xyt/FVC2002_DB4_B/102_5.xyt
15,out/xyt/FVC2002_DB3_B/109_1.xyt,out/xyt/FVC2002_DB4_B/110_1.xyt
15,out/xyt/FVC2002_DB4_B/103_3.xyt,out/xyt/FVC2002_DB4_B/110_1.xyt
15,out/xyt/FVC2002_DB3_B/104_6.xyt,out/xyt/FVC2002_DB3_B/109_3.xyt
15,out/xyt/FVC2002_DB3_B/104_8.xyt,out/xyt/FVC2004_DB1_B/103_4.xyt
15,out/xyt/FVC2002_DB4_B/106_1.xyt,out/xyt/FVC2004_DB4_B/106_8.xyt
15,out/xyt/FVC2002_DB2_B/106_1.xyt,out/xyt/FVC2004_DB2_B/101_5.xyt
15,out/xyt/FVC2002_DB1_B/107_8.xyt,out/xyt/FVC2002_DB4_B/105_8.xyt
15,out/xyt/FVC2002_DB2_B/102_2.xyt,out/xyt/FVC2004_DB2_B/110_8.xyt
15,out/xyt/FVC2002_DB3_B/109_1.xyt,out/xyt/FVC2004_DB2_B/103_6.xyt
15,out/xyt/FVC2002_DB2_B/102_1.xyt,out/xyt/FVC2002_DB2_B/109_5.xyt
15,out/xyt/FVC2002_DB4_B/109_4.xyt,out/xyt/FVC2004_DB4_B/106_4.xyt
15,out/xyt/FVC2002_DB2_B/105_2.xyt,out/xyt/FVC2002_DB2_B/109_5.xyt
15,out/xyt/FVC2002_DB2_B/108_3.xyt,out/xyt/FVC2002_DB3_B/108_8.xyt
15,out/xyt/FVC2002_DB4_B/105_5.xyt,out/xyt/FVC2002_DB4_B/110_3.xyt
15,out/xyt/FVC2002_DB1_B/104_8.xyt,out/xyt/FVC2002_DB4_B/108_8.xyt
15,out/xyt/FVC2002_DB3_B/104_7.xyt,out/xyt/FVC2002_DB3_B/105_2.xyt
15,out/xyt/FVC2002_DB1_B/105_7.xyt,out/xyt/FVC2002_DB3_B/107_2.xyt
15,out/xyt/FVC2002_DB2_B/105_3.xyt,out/xyt/FVC2004_DB4_B/106_4.xyt
15,out/xyt/FVC2002_DB2_B/101_7.xyt,out/xyt/FVC2004_DB1_B/108_6.xyt
15,out/xyt/FVC2002_DB2_B/105_2.xyt,out/xyt/FVC2004_DB4_B/109_4.xyt
15,out/xyt/FVC2002_DB1_B/110_4.xyt,out/xyt/FVC2002_DB3_B/104_3.xyt
15,out/xyt/FVC2002_DB4_B/102_1.xyt,out/xyt/FVC2004_DB3_B/105_2.xyt
15,out/xyt/FVC2002_DB1_B/102_1.xyt,out/xyt/FVC2002_DB1_B/104_2.xyt
15,out/xyt/FVC2002_DB1_B/102_4.xyt,out/xyt/FVC2002_DB1_B/107_2.xyt
15,out/xyt/FVC2000_DB4_B/110_5.xyt,out/xyt/FVC2002_DB4_B/107_2.xyt
15,out/xyt/FVC2002_DB2_B/105_1.xyt,out/xyt/FVC2002_DB4_B/103_5.xyt
15,out/xyt/FVC2002_DB2_B/108_3.xyt,out/xyt/FVC2002_DB4_B/102_3.xyt
15,out/xyt/FVC2002_DB3_B/101_4.xyt,out/xyt/FVC2002_DB3_B/108_8.xyt
15,out/xyt/FVC2002_DB2_B/106_8.xyt,out/xyt/FVC2004_DB2_B/109_3.xyt
15,out/xyt/FVC2002_DB4_B/107_4.xyt,out/xyt/FVC2004_DB1_B/105_2.xyt
15,out/xyt/FVC2002_DB1_B/106_5.xyt,out/xyt/FVC2004_DB2_B/101_5.xyt
15,out/xyt/FVC2002_DB4_B/106_2.xyt,out/xyt/FVC2004_DB4_B/103_4.xyt
15,out/xyt/FVC2002_DB4_B/105_8.xyt,out/xyt/FVC2002_DB4_B/110_2.xyt
15,out/xyt/FVC2002_DB4_B/101_6.xyt,out/xyt/FVC2002_DB4_B/106_6.xyt
15,out/xyt/FVC2002_DB3_B/109_6.xyt,out/xyt/FVC2002_DB4_B/109_1.xyt
15,out/xyt/FVC2002_DB4_B/102_2.xyt,out/xyt/FVC2004_DB4_B/104_1.xyt
15,out/xyt/FVC2002_DB2_B/105_4.xyt,out/xyt/FVC2002_DB4_B/102_6.xyt
15,out/xyt/FVC2002_DB4_B/104_3.xyt,out/xyt/FVC2004_DB4_B/109_5.xyt
15,out/xyt/FVC2002_DB1_B/102_7.xyt,out/xyt/FVC2004_DB2_B/103_7.xyt
15,out/xyt/FVC2002_DB4_B/107_2.xyt,out/xyt/FVC2004_DB3_B/105_8.xyt
15,out/xyt/FVC2002_DB1_B/107_8.xyt,out/xyt/FVC2002_DB4_B/102_2.xyt
15,out/xyt/FVC2002_DB1_B/102_2.xyt,out/xyt/FVC2004_DB4_B/106_4.xyt
15,out/xyt/FVC2000_DB4_B/109_5.xyt,out/xyt/FVC2004_DB1_B/102_8.xyt
15,out/xyt/FVC2002_DB1_B/105_8.xyt,out/xyt/FVC2002_DB3_B/108_5.xyt
15,out/xyt/FVC2002_DB2_B/109_5.xyt,out/xyt/FVC2004_DB4_B/105_7.xyt
15,out/xyt/FVC2002_DB1_B/109_7.xyt,out/xyt/FVC2002_DB2_B/104_2.xyt
15,out/xyt/FVC2002_DB1_B/102_4.xyt,out/xyt/FVC2004_DB1_B/101_5.xyt
15,out/xyt/FVC2002_DB3_B/101_1.xyt,out/xyt/FVC2004_DB1_B/108_3.xyt
15,out/xyt/FVC2002_DB2_B/103_2.xyt,out/xyt/FVC2004_DB3_B/105_5.xyt
15,out/xyt/FVC2002_DB4_B/107_2.xyt,out/xyt/FVC2004_DB1_B/108_4.xyt
15,out/xyt/FVC2002_DB3_B/103_4.xyt,out/xyt/FVC2004_DB4_B/101_8.xyt
15,out/xyt/FVC2002_DB1_B/107_3.xyt,out/xyt/FVC2002_DB1_B/109_2.xyt
15,out/xyt/FVC2000_DB4_B/110_8.xyt,out/xyt/FVC2004_DB1_B/105_6.xyt
15,out/xyt/FVC2002_DB2_B/104_7.xyt,out/xyt/FVC2004_DB4_B/104_3.xyt
15,out/xyt/FVC2000_DB4_B/106_8.xyt,out/xyt/FVC2004_DB2_B/104_2.xyt
15,out/xyt/FVC2000_DB4_B/109_2.xyt,out/xyt/FVC2002_DB1_B/102_1.xyt
15,out/xyt/FVC2002_DB4_B/103_5.xyt,out/xyt/FVC2004_DB4_B/110_3.xyt
15,out/xyt/FVC2002_DB1_B/105_7.xyt,out/xyt/FVC2002_DB4_B/103_5.xyt
15,out/xyt/FVC2002_DB3_B/109_3.xyt,out/xyt/FVC2004_DB1_B/102_4.xyt
15,out/xyt/FVC2002_DB2_B/109_5.xyt,out/xyt/FVC2004_DB1_B/104_3.xyt
15,out/xyt/FVC2002_DB2_B/106_1.xyt,out/xyt/FVC2004_DB2_B/109_3.xyt
15,out/xyt/FVC2002_DB1_B/110_5.xyt,out/xyt/FVC2004_DB1_B/101_6.xyt
15,out/xyt/FVC2002_DB4_B/102_2.xyt,out/xyt/FVC2004_DB4_B/108_4.xyt
15,out/xyt/FVC2002_DB1_B/110_4.xyt,out/xyt/FVC2002_DB2_B/103_8.xyt
15,out/xyt/FVC2002_DB1_B/109_7.xyt,out/xyt/FVC2002_DB3_B/108_8.xyt
15,out/xyt/FVC2002_DB2_B/110_5.xyt,out/xyt/FVC2004_DB2_B/107_1.xyt
15,out/xyt/FVC2002_DB2_B/108_3.xyt,out/xyt/FVC2002_DB4_B/108_2.xyt
15,out/xyt/FVC2002_DB3_B/104_1.xyt,out/xyt/FVC2004_DB1_B/109_6.xyt
15,out/xyt/FVC2002_DB1_B/106_5.xyt,out/xyt/FVC2002_DB1_B/109_1.xyt
15,out/xyt/FVC2002_DB1_B/110_3.xyt,out/xyt/FVC2002_DB4_B/105_4.xyt
15,out/xyt/FVC2002_DB1_B/106_2.xyt,out/xyt/FVC2004_DB1_B/103_5.xyt
15,out/xyt/FVC2000_DB4_B/102_5.xyt,out/xyt/FVC2004_DB4_B/110_3.xyt
15,out/xyt/FVC2002_DB2_B/101_8.xyt,out/xyt/FVC2004_DB1_B/108_6.xyt
15,out/xyt/FVC2002_DB2_B/101_8.xyt,out/xyt/FVC2002_DB4_B/101_8.xyt
15,out/xyt/FVC2002_DB4_B/103_3.xyt,out/xyt/FVC2004_DB1_B/101_1.xyt
15,out/xyt/FVC2002_DB1_B/106_2.xyt,out/xyt/FVC2004_DB1_B/101_2.xyt
15,out/xyt/FVC2002_DB3_B/101_8.xyt,out/xyt/FVC2002_DB3_B/109_8.xyt
15,out/xyt/FVC2002_DB1_B/102_7.xyt,out/xyt/FVC2004_DB4_B/108_8.xyt
15,out/xyt/FVC2002_DB4_B/103_8.xyt,out/xyt/FVC2004_DB4_B/105_6.xyt
15,out/xyt/FVC2002_DB4_B/102_3.xyt,out/xyt/FVC2004_DB2_B/101_5.xyt
15,out/xyt/FVC2002_DB2_B/101_6.xyt,out/xyt/FVC2002_DB2_B/104_3.xyt
15,out/xyt/FVC2000_DB4_B/103_8.xyt,out/xyt/FVC2004_DB4_B/110_6.xyt
15,out/xyt/FVC2000_DB4_B/105_6.xyt,out/xyt/FVC2004_DB2_B/109_5.xyt
15,out/xyt/FVC2002_DB1_B/107_7.xyt,out/xyt/FVC2002_DB3_B/109_1.xyt
15,out/xyt/FVC2002_DB1_B/102_4.xyt,out/xyt/FVC2004_DB3_B/106_2.xyt
15,out/xyt/FVC2002_DB4_B/105_3.xyt,out/xyt/FVC2002_DB4_B/107_5.xyt
15,out/xyt/FVC2002_DB1_B/106_2.xyt,out/xyt/FVC2004_DB3_B/105_4.xyt
15,out/xyt/FVC2002_DB2_B/106_5.xyt,out/xyt/FVC2002_DB4_B/108_4.xyt
15,out/xyt/FVC2002_DB3_B/105_4.xyt,out/xyt/FVC2002_DB4_B/105_7.xyt
15,out/xyt/FVC2002_DB2_B/102_5.xyt,out/xyt/FVC2004_DB2_B/109_1.xyt
15,out/xyt/FVC2002_DB2_B/106_1.xyt,out/xyt/FVC2002_DB2_B/108_2.xyt
15,out/xyt/FVC2002_DB3_B/108_7.xyt,out/xyt/FVC2004_DB2_B/101_8.xyt
15,out/xyt/FVC2002_DB4_B/101_8.xyt,out/xyt/FVC2002_DB4_B/103_4.xyt
15,out/xyt/FVC2002_DB4_B/102_6.xyt,out/xyt/FVC2002_DB4_B/110_8.xyt
15,out/xyt/FVC2002_DB4_B/101_8.xyt,out/xyt/FVC2002_DB4_B/103_3.xyt
15,out/xyt/FVC2000_DB4_B/108_2.xyt,out/xyt/FVC2002_DB4_B/110_6.xyt
15,out/xyt/FVC2002_DB3_B/104_7.xyt,out/xyt/FVC2002_DB4_B/102_2.xyt
15,out/xyt/FVC2002_DB2_B/101_8.xyt,out/xyt/FVC2002_DB2_B/109_1.xyt
15,out/xyt/FVC2002_DB3_B/103_2.xyt,out/xyt/FVC2004_DB2_B/104_3.xyt
15,out/xyt/FVC2002_DB2_B/109_2.xyt,out/xyt/FVC2002_DB4_B/110_1.xyt
15,out/xyt/FVC2002_DB4_B/109_7.xyt,out/xyt/FVC2004_DB3_B/104_8.xyt
15,out/xyt/FVC2002_DB4_B/102_4.xyt,out/xyt/FVC2002_DB4_B/106_2.xyt
15,out/xyt/FVC2002_DB2_B/108_1.xyt,out/xyt/FVC2002_DB4_B/102_4.xyt
15,out/xyt/FVC2002_DB2_B/107_2.xyt,out/xyt/FVC2004_DB1_B/108_5.xyt
15,out/xyt/FVC2002_DB3_B/103_4.xyt,out/xyt/FVC2004_DB2_B/108_3.xyt
15,out/xyt/FVC2002_DB2_B/103_2.xyt,out/xyt/FVC2002_DB2_B/108_4.xyt
15,out/xyt/FVC2002_DB3_B/103_4.xyt,out/xyt/FVC2002_DB3_B/108_7.xyt
15,out/xyt/FVC2002_DB2_B/104_3.xyt,out/xyt/FVC2004_DB4_B/104_3.xyt
15,out/xyt/FVC2002_DB4_B/109_4.xyt,out/xyt/FVC2004_DB4_B/102_1.xyt
15,out/xyt/FVC2002_DB4_B/109_6.xyt,out/xyt/FVC2004_DB3_B/108_7.xyt
15,out/xyt/FVC2002_DB2_B/106_5.xyt,out/xyt/FVC2004_DB4_B/108_2.xyt
15,out/xyt/FVC2002_DB2_B/108_3.xyt,out/xyt/FVC2004_DB1_B/103_1.xyt
15,out/xyt/FVC2002_DB3_B/103_1.xyt,out/xyt/FVC2004_DB2_B/104_7.xyt
15,out/xyt/FVC2002_DB1_B/106_8.xyt,out/xyt/FVC2004_DB2_B/110_8.xyt
15,out/xyt/FVC2002_DB1_B/110_2.xyt,out/xyt/FVC2004_DB4_B/104_4.xyt
15,out/xyt/FVC2002_DB4_B/109_5.xyt,out/xyt/FVC2004_DB1_B/103_3.xyt
15,out/xyt/FVC2002_DB2_B/108_6.xyt,out/xyt/FVC2002_DB4_B/102_3.xyt
15,out/xyt/FVC2002_DB3_B/108_7.xyt,out/xyt/FVC2002_DB4_B/103_2.xyt
15,out/xyt/FVC2002_DB2_B/109_6.xyt,out/xyt/FVC2004_DB1_B/104_5.xyt
15,out/xyt/FVC2002_DB4_B/102_4.xyt,out/xyt/FVC2002_DB4_B/107_2.xyt
15,out/xyt/FVC2002_DB4_B/103_4.xyt,out/xyt/FVC2004_DB4_B/108_7.xyt
15,out/xyt/FVC2002_DB1_B/107_8.xyt,out/xyt/FVC2002_DB4_B/102_5.xyt
15,out/xyt/FVC2002_DB4_B/102_7.xyt,out/xyt/FVC2002_DB4_B/103_5.xyt
15,out/xyt/FVC2002_DB4_B/107_5.xyt,out/xyt/FVC2004_DB1_B/101_3.xyt
15,out/xyt/FVC2002_DB4_B/103_4.xyt,out/xyt/FVC2004_DB1_B/105_6.xyt
15,out/xyt/FVC2002_DB4_B/109_5.xyt,out/xyt/FVC2004_DB1_B/104_7.xyt
15,out/xyt/FVC2002_DB4_B/101_4.xyt,out/xyt/FVC2004_DB1_B/104_6.xyt
15,out/xyt/FVC2002_DB4_B/102_8.xyt,out/xyt/FVC2002_DB4_B/109_5.xyt
15,out/xyt/FVC2002_DB1_B/106_3.xyt,out/xyt/FVC2004_DB4_B/105_6.xyt
15,out/xyt/FVC2002_DB2_B/108_8.xyt,out/xyt/FVC2004_DB2_B/108_1.xyt
15,out/xyt/FVC2002_DB2_B/107_6.xyt,out/xyt/FVC2004_DB4_B/106_7.xyt
15,out/xyt/FVC2002_DB2_B/108_3.xyt,out/xyt/FVC2004_DB2_B/101_5.xyt
15,out/xyt/FVC2002_DB4_B/101_1.xyt,out/xyt/FVC2002_DB4_B/110_5.xyt
15,out/xyt/FVC2002_DB1_B/106_2.xyt,out/xyt/FVC2004_DB4_B/102_1.xyt
15,out/xyt/FVC2002_DB4_B/101_5.xyt,out/xyt/FVC2002_DB4_B/110_6.xyt
15,out/xyt/FVC2002_DB3_B/105_4.xyt,out/xyt/FVC2004_DB4_B/105_8.xyt
15,out/xyt/FVC2002_DB4_B/109_6.xyt,out/xyt/FVC2004_DB4_B/103_7.xyt
15,out/xyt/FVC2002_DB2_B/109_1.xyt,out/xyt/FVC2002_DB4_B/103_5.xyt
15,out/xyt/FVC2002_DB4_B/107_2.xyt,out/xyt/FVC2004_DB4_B/103_4.xyt
15,out/xyt/FVC2002_DB4_B/103_2.xyt,out/xyt/FVC2002_DB4_B/109_2.xyt
15,out/xyt/FVC2002_DB4_B/105_3.xyt,out/xyt/FVC2004_DB1_B/110_4.xyt
15,out/xyt/FVC2002_DB3_B/109_1.xyt,out/xyt/FVC2002_DB3_B/110_6.xyt
15,out/xyt/FVC2002_DB3_B/106_7.xyt,out/xyt/FVC2004_DB2_B/104_2.xyt
15,out/xyt/FVC2002_DB4_B/103_8.xyt,out/xyt/FVC2004_DB4_B/109_1.xyt
15,out/xyt/FVC2002_DB3_B/101_1.xyt,out/xyt/FVC2002_DB3_B/109_5.xyt
15,out/xyt/FVC2002_DB2_B/108_4.xyt,out/xyt/FVC2002_DB4_B/102_3.xyt
15,out/xyt/FVC2002_DB3_B/109_2.xyt,out/xyt/FVC2004_DB1_B/107_2.xyt
15,out/xyt/FVC2002_DB3_B/109_5.xyt,out/xyt/FVC2004_DB2_B/104_5.xyt
15,out/xyt/FVC2002_DB4_B/102_6.xyt,out/xyt/FVC2004_DB4_B/106_5.xyt
15,out/xyt/FVC2002_DB2_B/108_2.xyt,out/xyt/FVC2004_DB4_B/105_8.xyt
15,out/xyt/FVC2002_DB4_B/109_5.xyt,out/xyt/FVC2004_DB1_B/103_1.xyt
15,out/xyt/FVC2002_DB3_B/108_8.xyt,out/xyt/FVC2004_DB4_B/108_8.xyt
15,out/xyt/FVC2002_DB2_B/108_8.xyt,out/xyt/FVC2004_DB2_B/110_4.xyt
15,out/xyt/FVC2002_DB4_B/109_8.xyt,out/xyt/FVC2004_DB4_B/103_6.xyt
15,out/xyt/FVC2002_DB4_B/106_7.xyt,out/xyt/FVC2004_DB4_B/106_5.xyt
15,out/xyt/FVC2002_DB3_B/104_3.xyt,out/xyt/FVC2004_DB2_B/103_3.xyt
15,out/xyt/FVC2002_DB3_B/109_3.xyt,out/xyt/FVC2002_DB4_B/105_2.xyt
15,out/xyt/FVC2002_DB1_B/102_6.xyt,out/xyt/FVC2004_DB4_B/103_4.xyt
15,out/xyt/FVC2002_DB2_B/103_2.xyt,out/xyt/FVC2004_DB1_B/108_3.xyt
15,out/xyt/FVC2002_DB4_B/107_1.xyt,out/xyt/FVC2004_DB1_B/107_4.xyt
15,out/xyt/FVC2002_DB2_B/110_8.xyt,out/xyt/FVC2004_DB2_B/108_3.xyt
15,out/xyt/FVC2002_DB4_B/105_5.xyt,out/xyt/FVC2002_DB4_B/106_1.xyt
15,out/xyt/FVC2002_DB4_B/106_4.xyt,out/xyt/FVC2002_DB4_B/110_1.xyt
15,out/xyt/FVC2002_DB2_B/105_8.xyt,out/xyt/FVC2002_DB4_B/102_2.xyt
15,out/xyt/FVC2002_DB1_B/106_2.xyt,out/xyt/FVC2004_DB3_B/105_7.xyt
15,out/xyt/FVC2002_DB4_B/101_6.xyt,out/xyt/FVC2002_DB4_B/106_1.xyt
15,out/xyt/FVC2002_DB2_B/105_2.xyt,out/xyt/FVC2004_DB1_B/110_4.xyt
15,out/xyt/FVC2002_DB4_B/103_4.xyt,out/xyt/FVC2004_DB1_B/103_8.xyt
15,out/xyt/FVC2002_DB3_B/109_1.xyt,out/xyt/FVC2004_DB4_B/108_1.xyt
15,out/xyt/FVC2002_DB2_B/110_5.xyt,out/xyt/FVC2004_DB3_B/102_5.xyt
15,out/xyt/FVC2002_DB2_B/101_1.xyt,out/xyt/FVC2002_DB2_B/103_4.xyt
15,out/xyt/FVC2002_DB4_B/103_8.xyt,out/xyt/FVC2004_DB1_B/104_4.xyt
15,out/xyt/FVC2002_DB4_B/103_2.xyt,out/xyt/FVC2004_DB4_B/104_8.xyt
15,out/xyt/FVC2002_DB1_B/110_1.xyt,out/xyt/FVC2002_DB4_B/108_6.xyt
15,out/xyt/FVC2002_DB2_B/109_5.xyt,out/xyt/FVC2004_DB1_B/104_4.xyt
15,out/xyt/FVC2002_DB2_B/109_3.xyt,out/xyt/FVC2004_DB3_B/108_6.xyt
15,out/xyt/FVC2002_DB4_B/105_3.xyt,out/xyt/FVC2004_DB1_B/104_3.xyt
15,out/xyt/FVC2002_DB4_B/103_3.xyt,out/xyt/FVC2004_DB3_B/105_3.xyt
15,out/xyt/FVC2002_DB3_B/105_2.xyt,out/xyt/FVC2004_DB2_B/102_6.xyt
15,out/xyt/FVC2002_DB4_B/103_7.xyt,out/xyt/FVC2002_DB4_B/110_3.xyt
15,out/xyt/FVC2002_DB4_B/109_5.xyt,out/xyt/FVC2004_DB4_B/103_5.xyt
15,out/xyt/FVC2002_DB2_B/102_8.xyt,out/xyt/FVC2004_DB4_B/104_1.xyt
15,out/xyt/FVC2002_DB2_B/103_8.xyt,out/xyt/FVC2004_DB4_B/104_3.xyt
15,out/xyt/FVC2002_DB1_B/107_3.xyt,out/xyt/FVC2002_DB4_B/110_5.xyt
15,out/xyt/FVC2002_DB2_B/108_1.xyt,out/xyt/FVC2002_DB4_B/101_6.xyt
15,out/xyt/FVC2002_DB4_B/102_8.xyt,out/xyt/FVC2004_DB1_B/104_6.xyt
15,out/xyt/FVC2002_DB4_B/102_3.xyt,out/xyt/FVC2004_DB2_B/109_3.xyt
15,out/xyt/FVC2002_DB4_B/109_3.xyt,out/xyt/FVC2004_DB4_B/108_6.xyt
15,out/xyt/FVC2002_DB2_B/109_4.xyt,out/xyt/FVC2004_DB1_B/107_1.xyt
15,out/xyt/FVC2002_DB3_B/109_6.xyt,out/xyt/FVC2002_DB4_B/105_7.xyt
15,out/xyt/FVC2002_DB4_B/105_3.xyt,out/xyt/FVC2004_DB4_B/104_8.xyt
15,out/xyt/FVC2002_DB4_B/105_2.xyt,out/xyt/FVC2004_DB2_B/109_3.xyt
15,out/xyt/FVC2002_DB3_B/104_7.xyt,out/xyt/FVC2002_DB3_B/106_2.xyt
15,out/xyt/FVC2002_DB2_B/108_1.xyt,out/xyt/FVC2004_DB4_B/104_1.xyt
15,out/xyt/FVC2002_DB2_B/105_8.xyt,out/xyt/FVC2002_DB2_B/108_8.xyt
15,out/xyt/FVC2002_DB3_B/109_4.xyt,out/xyt/FVC2004_DB4_B/104_3.xyt
15,out/xyt/FVC2002_DB4_B/109_3.xyt,out/xyt/FVC2004_DB4_B/108_7.xyt
15,out/xyt/FVC2002_DB4_B/107_5.xyt,out/xyt/FVC2002_DB4_B/108_2.xyt
15,out/xyt/FVC2002_DB1_B/109_7.xyt,out/xyt/FVC2004_DB1_B/107_1.xyt
15,out/xyt/FVC2002_DB4_B/109_5.xyt,out/xyt/FVC2004_DB1_B/105_4.xyt
15,out/xyt/FVC2002_DB3_B/108_4.xyt,out/xyt/FVC2004_DB1_B/103_1.xyt
15,out/xyt/FVC2002_DB3_B/107_6.xyt,out/xyt/FVC2004_DB1_B/110_3.xyt
15,out/xyt/FVC2002_DB2_B/108_4.xyt,out/xyt/FVC2002_DB4_B/103_3.xyt
15,out/xyt/FVC2002_DB1_B/102_7.xyt,out/xyt/FVC2002_DB4_B/109_4.xyt
15,out/xyt/FVC2000_DB4_B/106_1.xyt,out/xyt/FVC2002_DB4_B/107_2.xyt
15,out/xyt/FVC2002_DB4_B/101_6.xyt,out/xyt/FVC2002_DB4_B/109_1.xyt
15,out/xyt/FVC2002_DB2_B/109_2.xyt,out/xyt/FVC2004_DB1_B/103_1.xyt
15,out/xyt/FVC2002_DB2_B/106_5.xyt,out/xyt/FVC2004_DB3_B/105_1.xyt
15,out/xyt/FVC2002_DB4_B/101_3.xyt,out/xyt/FVC2004_DB4_B/105_8.xyt
15,out/xyt/FVC2002_DB4_B/105_4.xyt,out/xyt/FVC2004_DB2_B/101_3.xyt
15,out/xyt/FVC2002_DB4_B/102_5.xyt,out/xyt/FVC2002_DB4_B/106_8.xyt
15,out/xyt/FVC2002_DB3_B/109_1.xyt,out/xyt/FVC2004_DB2_B/106_1.xyt
15,out/xyt/FVC2002_DB4_B/105_1.xyt,out/xyt/FVC2004_DB2_B/102_3.xyt
15,out/xyt/FVC2002_DB4_B/105_8.xyt,out/xyt/FVC2004_DB4_B/102_7.xyt
15,out/xyt/FVC2002_DB2_B/106_3.xyt,out/xyt/FVC2004_DB1_B/104_1.xyt
15,out/xyt/FVC2002_DB3_B/109_1.xyt,out/xyt/FVC2004_DB1_B/107_4.xyt
15,out/xyt/FVC2002_DB3_B/110_1.xyt,out/xyt/FVC2002_DB4_B/109_5.xyt
15,out/xyt/FVC2002_DB2_B/109_3.xyt,out/xyt/FVC2004_DB1_B/103_8.xyt
15,out/xyt/FVC2002_DB4_B/101_2.xyt,out/xyt/FVC2002_DB4_B/106_3.xyt
15,out/xyt/FVC2002_DB1_B/106_8.xyt,out/xyt/FVC2002_DB2_B/108_3.xyt
15,out/xyt/FVC2002_DB4_B/109_5.xyt,out/xyt/FVC2002_DB4_B/110_3.xyt
15,out/xyt/FVC2002_DB1_B/107_4.xyt,out/xyt/FVC2004_DB1_B/104_1.xyt
15,out/xyt/FVC2002_DB1_B/105_2.xyt,out/xyt/FVC2004_DB1_B/103_8.xyt
15,out/xyt/FVC2002_DB1_B/108_6.xyt,out/xyt/FVC2002_DB3_B/104_5.xyt
15,out/xyt/FVC2002_DB1_B/110_4.xyt,out/xyt/FVC2002_DB3_B/105_3.xyt
15,out/xyt/FVC2000_DB4_B/110_5.xyt,out/xyt/FVC2002_DB4_B/107_4.xyt
15,out/xyt/FVC2002_DB1_B/108_4.xyt,out/xyt/FVC2002_DB3_B/101_4.xyt
15,out/xyt/FVC2002_DB2_B/104_5.xyt,out/xyt/FVC2004_DB1_B/109_6.xyt
15,out/xyt/FVC2002_DB3_B/105_4.xyt,out/xyt/FVC2002_DB4_B/103_3.xyt
15,out/xyt/FVC2002_DB2_B/103_7.xyt,out/xyt/FVC2004_DB2_B/104_1.xyt
15,out/xyt/FVC2002_DB4_B/102_6.xyt,out/xyt/FVC2004_DB4_B/110_2.xyt
15,out/xyt/FVC2002_DB3_B/103_1.xyt,out/xyt/FVC2004_DB1_B/104_5.xyt
15,out/xyt/FVC2002_DB1_B/102_6.xyt,out/xyt/FVC2004_DB1_B/104_6.xyt
15,out/xyt/FVC2002_DB4_B/102_7.xyt,out/xyt/FVC2002_DB4_B/103_4.xyt
15,out/xyt/FVC2002_DB4_B/105_3.xyt,out/xyt/FVC2002_DB4_B/109_7.xyt
15,out/xyt/FVC2002_DB3_B/109_2.xyt,out/xyt/FVC2004_DB4_B/104_3.xyt
15,out/xyt/FVC2002_DB4_B/101_4.xyt,out/xyt/FVC2004_DB1_B/101_4.xyt
15,out/xyt/FVC2002_DB4_B/103_8.xyt,out/xyt/FVC2004_DB2_B/108_1.xyt
15,out/xyt/FVC2002_DB2_B/101_4.xyt,out/xyt/FVC2002_DB2_B/104_7.xyt
15,out/xyt/FVC2002_DB1_B/110_5.xyt,out/xyt/FVC2004_DB1_B/106_8.xyt
15,out/xyt/FVC2002_DB4_B/102_3.xyt,out/xyt/FVC2004_DB4_B/105_5.xyt
15,out/xyt/FVC2002_DB4_B/101_6.xyt,out/xyt/FVC2004_DB4_B/104_3.xyt
15,out/xyt/FVC2002_DB4_B/101_7.xyt,out/xyt/FVC2002_DB4_B/106_7.xyt
15,out/xyt/FVC2002_DB1_B/107_2.xyt,out/xyt/FVC2002_DB4_B/102_5.xyt
15,out/xyt/FVC2002_DB1_B/107_3.xyt,out/xyt/FVC2002_DB2_B/108_1.xyt
15,out/xyt/FVC2002_DB2_B/105_8.xyt,out/xyt/FVC2004_DB4_B/108_4.xyt
15,out/xyt/FVC2002_DB4_B/102_5.xyt,out/xyt/FVC2004_DB1_B/104_5.xyt
15,out/xyt/FVC2002_DB2_B/108_3.xyt,out/xyt/FVC2002_DB4_B/103_2.xyt
15,out/xyt/FVC2002_DB4_B/109_6.xyt,out/xyt/FVC2004_DB1_B/101_7.xyt
15,out/xyt/FVC2002_DB4_B/105_4.xyt,out/xyt/FVC2004_DB2_B/105_6.xyt
15,out/xyt/FVC2002_DB1_B/110_4.xyt,out/xyt/FVC2002_DB2_B/104_2.xyt
15,out/xyt/FVC2002_DB4_B/103_5.xyt,out/xyt/FVC2004_DB4_B/110_4.xyt
15,out/xyt/FVC2002_DB1_B/106_3.xyt,out/xyt/FVC2004_DB1_B/105_6.xyt
15,out/xyt/FVC2002_DB4_B/102_7.xyt,out/xyt/FVC2004_DB3_B/105_1.xyt
15,out/xyt/FVC2002_DB2_B/108_2.xyt,out/xyt/FVC2004_DB2_B/102_1.xyt
15,out/xyt/FVC2002_DB1_B/107_8.xyt,out/xyt/FVC2002_DB1_B/110_4.xyt
15,out/xyt/FVC2002_DB4_B/102_3.xyt,out/xyt/FVC2002_DB4_B/110_2.xyt
15,out/xyt/FVC2002_DB1_B/110_5.xyt,out/xyt/FVC2004_DB1_B/109_6.xyt
15,out/xyt/FVC2002_DB2_B/109_1.xyt,out/xyt/FVC2004_DB1_B/104_4.xyt
15,out/xyt/FVC2002_DB4_B/103_3.xyt,out/xyt/FVC2004_DB2_B/110_5.xyt
15,out/xyt/FVC2002_DB3_B/104_4.xyt,out/xyt/FVC2002_DB3_B/109_1.xyt
15,out/xyt/FVC2002_DB3_B/109_3.xyt,out/xyt/FVC2004_DB1_B/107_7.xyt
15,out/xyt/FVC2002_DB4_B/103_4.xyt,out/xyt/FVC2004_DB4_B/103_7.xyt
15,out/xyt/FVC2002_DB4_B/102_7.xyt,out/xyt/FVC2004_DB4_B/110_2.xyt
15,out/xyt/FVC2002_DB4_B/101_8.xyt,out/xyt/FVC2004_DB2_B/108_4.xyt
15,out/xyt/FVC2002_DB4_B/105_3.xyt,out/xyt/FVC2004_DB4_B/103_7.xyt
15,out/xyt/FVC2002_DB3_B/103_2.xyt,out/xyt/FVC2004_DB2_B/104_1.xyt
15,out/xyt/FVC2002_DB3_B/104_4.xyt,out/xyt/FVC2002_DB3_B/109_2.xyt
15,out/xyt/FVC2002_DB2_B/103_2.xyt,out/xyt/FVC2002_DB2_B/107_6.xyt
15,out/xyt/FVC2002_DB2_B/106_4.xyt,out/xyt/FVC2002_DB2_B/108_2.xyt
15,out/xyt/FVC2002_DB2_B/108_3.xyt,out/xyt/FVC2004_DB3_B/106_2.xyt
15,out/xyt/FVC2002_DB1_B/107_3.xyt,out/xyt/FVC2004_DB1_B/105_7.xyt
15,out/xyt/FVC2002_DB4_B/109_6.xyt,out/xyt/FVC2004_DB2_B/104_1.xyt
15,out/xyt/FVC2002_DB3_B/103_3.xyt,out/xyt/FVC2004_DB1_B/108_5.xyt
15,out/xyt/FVC2002_DB2_B/103_5.xyt,out/xyt/FVC2002_DB4_B/102_7.xyt
15,out/xyt/FVC2000_DB4_B/110_3.xyt,out/xyt/FVC2002_DB2_B/108_7.xyt
15,out/xyt/FVC2002_DB4_B/102_4.xyt,out/xyt/FVC2002_DB4_B/105_3.xyt
15,out/xyt/FVC2002_DB2_B/106_1.xyt,out/xyt/FVC2002_DB4_B/103_8.xyt
15,out/xyt/FVC2002_DB4_B/105_4.xyt,out/xyt/FVC2002_DB4_B/110_5.xyt
15,out/xyt/FVC2002_DB2_B/108_7.xyt,out/xyt/FVC2002_DB4_B/102_3.xyt
15,out/xyt/FVC2002_DB3_B/110_1.xyt,out/xyt/FVC2004_DB2_B/102_8.xyt
15,out/xyt/FVC2002_DB4_B/101_1.xyt,out/xyt/FVC2002_DB4_B/103_5.xyt
15,out/xyt/FVC2002_DB2_B/103_1.xyt,out/xyt/FVC2004_DB4_B/102_6.xyt
15,out/xyt/FVC2002_DB4_B/101_6.xyt,out/xyt/FVC2002_DB4_B/110_7.xyt
15,out/xyt/FVC2002_DB4_B/109_5.xyt,out/xyt/FVC2004_DB4_B/102_6.xyt
15,out/xyt/FVC2002_DB2_B/103_4.xyt,out/xyt/FVC2004_DB1_B/103_4.xyt
15,out/xyt/FVC2002_DB4_B/101_3.xyt,out/xyt/FVC2004_DB4_B/104_3.xyt
15,out/xyt/FVC2002_DB2_B/106_1.xyt,out/xyt/FVC2004_DB2_B/103_1.xyt
15,out/xyt/FVC2002_DB3_B/106_3.xyt,out/xyt/FVC2002_DB3_B/109_2.xyt
15,out/xyt/FVC2002_DB3_B/103_2.xyt,out/xyt/FVC2004_DB2_B/103_7.xyt
15,out/xyt/FVC2002_DB4_B/103_8.xyt,out/xyt/FVC2004_DB3_B/105_8.xyt
15,out/xyt/FVC2002_DB3_B/109_7.xyt,out/xyt/FVC2004_DB1_B/106_8.xyt
15,out/xyt/FVC2002_DB2_B/106_2.xyt,out/xyt/FVC2004_DB2_B/109_1.xyt
15,out/xyt/FVC2002_DB2_B/106_4.xyt,out/xyt/FVC2002_DB4_B/110_8.xyt
